"Woche";"Jahr";"Lufttemperatur";"Bedeckungsgrad";"Windgeschwindigkeit";"Niederschlagshoehe";"Sonnenscheindauer";"LufttemperaturMax";"Hitze";"Sommer"
1;2000;4.73248760416863;6.55598927891091;3.68651032315594;1.17557409343984;1.44855931086537;0;0;0
1;2001;5.08446280737126;6.59798158040218;4.83456250459976;3.57088652658279;0.734532381488664;0;0;0
1;2002;-5.11309020331388;3.54859816283253;2.75266546744736;0.197608122286139;4.32158389372019;0;0;0
1;2003;3.31553599455046;7.25647347369106;4.48623254014846;4.91946432208452;0.674354449748318;0;0;0
1;2004;-1.07304991365279;6.34811567959279;2.71723435609283;0.298311223083888;1.47077835722929;0;0;0
1;2005;6.62927179090453;6.01774388167094;5.93112093915645;0.815628588886283;1.75594050000941;0;0;0
1;2006;0.661187055962237;6.8562297503376;2.90323406969507;0.0120447944354398;0.785818689678898;0;0;0
1;2007;6.88446588814399;6.96360203947155;5.46051733020236;2.70354169055692;0.597884536061301;0;0;0
1;2008;0.76326520832014;5.9689047339496;3.49553116800652;1.50753060662127;1.52069663117502;0;0;0
1;2009;-3.72592487364553;3.92450600665105;2.24893225551929;0.66931687287876;3.21723469840091;0;0;0
1;2010;-4.13373651520105;7.12140127235914;3.05684419334245;0.575183177611682;0.857902609927961;0;0;0
1;2011;2.10361186371346;6.78360464101296;3.70063549495181;3.44785244467874;1.22601609874904;0;0;0
1;2012;5.83056605775764;6.61656240533042;6.42763761212729;4.27284589803669;0.939820870181372;0;0;0
1;2013;6.56321026787319;7.20236346614316;4.67085469193129;1.70804423989635;0.262675240343061;0;0;0
1;2014;4.88505140611602;5.55998196036415;4.30452907821569;0.891982802442026;2.50438941651876;0;0;0
1;2015;1.51165062668052;6.83776390669366;3.90864701019565;2.57126922701701;0.876846110267702;0;0;0
1;2016;2.60731666407083;6.46005350275301;4.2016242518429;2.22182265360647;1.42053985407407;0;0;0
1;2017;-1.59275368023975;5.81667451122685;3.64203337846095;1.17718910296456;1.90950178770395;0;0;0
1;2018;6.28289486520764;7.03748786945739;5.45764878848613;4.71987166870055;0.699240247214896;0;0;0
1;2019;3.83851119946463;6.9342860908246;4.17665664274504;1.69430758777207;0.949312217488862;0;0;0
1;2020;2.53285164881245;5.63258156773678;3.42272959886628;0.53152914154268;2.11399492357116;0;0;0
1;2021;0.839816933638444;7.30843618264875;2.7776121957523;0.937003332369166;0.561533814047981;0;0;0
1;2022;4.04824644127962;6.48612984772425;4.82220004826544;3.5069190732351;1.06165892765148;0;0;0
1;2023;8.75312518719973;7.18010146011512;4.58777652074644;1.97550152412673;1.23980426823946;0;0;0
1;2024;5.5418923475317;7.52216650207353;5.24151426825657;5.01209716757179;0.429415560298424;0;0;0
1;2025;1.97971910198898;7.10806169760846;4.55567093239587;3.36035781463675;1.18764883983234;0;0;0
1;2026;-0.251843414591567;5.92891658921946;4.47958834030216;1.04934422329441;2.28494396416719;0;0;0
2;2000;0.678533346797451;6.65396760738632;2.73951826983804;0.196181382205799;1.23261340238828;0;0;0
2;2001;0.529163792705072;4.73090340237117;2.74581797083193;0.871506788825011;3.12646640502919;0;0;0
2;2002;-1.21030467130722;6.72784573544035;2.32674350342051;0.183901935581042;1.32238181385629;0;0;0
2;2003;-6.44131709880209;4.58612419964092;2.48437123995968;0.262763898135961;3.65685240873639;0;0;0
2;2004;3.42190532100796;7.3180257723754;3.90370616958969;3.93209121141118;0.60820221507559;0;0;0
2;2005;4.20317062859744;4.15034188019559;3.75390291115907;0.371871689239032;3.26127588490918;0;0;0
2;2006;-1.85055582274603;4.54759965016114;3.06835841025281;0.372707776726131;3.24988387198362;0;0;0
2;2007;9.14974883144579;6.32366290184829;6.57278068834732;1.95396264391915;1.29731647580139;0;0;0
2;2008;5.03667523007382;5.23324496079717;4.59985742868439;1.03885487677765;2.22712842885726;0;0;0
2;2009;-6.93170166481535;3.21298015126594;2.24043103433521;0.129166873477799;4.16569388415268;0;0;0
2;2010;-1.46598724217783;7.39522497342834;3.2768567218182;1.48051839135741;0.33278370065843;0;0;0
2;2011;6.2024522950901;6.47813626942384;4.2458059558183;3.08748881080461;1.42950541616961;0;0;0
2;2012;4.05775336360478;5.82662112828166;3.92347018239886;0.799209439487633;2.01427048157612;0;0;0
2;2013;2.01583414488874;6.56820214661397;2.73140950486848;1.13122791043167;1.42288740289148;0;0;0
2;2014;6.25315633723508;5.41928289880175;4.32462239139848;1.27312385219822;2.45917205944522;0;0;0
2;2015;4.68842468109723;6.75440572749881;5.69785520025879;3.25536371089344;1.32063809649322;0;0;0
2;2016;2.44034973616605;6.82699441524366;4.3822189779023;2.3286366382608;0.662253516787644;0;0;0
2;2017;1.52413494469157;6.93726554035898;4.84756353665863;2.38742120495867;0.73696602078837;0;0;0
2;2018;3.49649288255923;6.41551425798733;3.21622985303003;0.138059695106193;1.57291932312;0;0;0
2;2019;3.52453989515103;7.48974821529124;5.1783995043379;3.82003272465251;0.237946733439563;0;0;0
2;2020;5.29576410865543;6.69246990684086;3.90591234516978;1.3204488001246;1.00522105400081;0;0;0
2;2021;0.227021286427998;6.99413985681253;3.68198381225086;1.53697184002574;0.886944540956306;0;0;0
2;2022;1.54492656635899;6.7177534662972;2.58019234291054;0.0670059510259829;1.47568174933122;0;0;0
2;2023;7.26518572780688;7.16766977197147;5.93835099928287;3.80066904114372;0.553474170288001;0;0;0
2;2024;-2.53849374175251;4.7309277062449;3.39791791109917;0.141002517675934;3.32063364648818;0;0;0
2;2025;2.85600057507758;6.0841668820355;4.40231177762298;2.37793276726987;1.94938512911005;0;0;0
2;2026;-2.10406867384715;6.51339708250823;3.85504057206526;1.99645009404915;1.94856953731928;0;0;0
3;2000;2.35166900862445;6.35068555750861;4.94904864026673;1.33216994226974;1.19775291860427;0;0;0
3;2001;-2.25190451658397;4.92819933968771;2.40554367936687;0.918063083956191;2.98920925121819;0;0;0
3;2002;0.784372780346039;6.84223243060987;4.01816954176929;1.07252635344336;0.770774249532322;0;0;0
3;2003;2.43299422012806;6.50106697428753;4.43573593670039;1.05939781162444;1.73253758114841;0;0;0
3;2004;4.35589702688317;6.75507685672182;5.44699205331791;4.31825374955714;0.8505412746526;0;0;0
3;2005;3.29853064256361;6.14946266189033;5.51139187029719;4.35587152493115;1.68394335485881;0;0;0
3;2006;0.773388798652675;6.05975843318745;3.850856882703;1.68802264025646;1.46019966830347;0;0;0
3;2007;7.69011123301082;5.98713346649118;6.30370770997606;4.16337081036303;1.3781912098708;0;0;0
3;2008;7.42554867706485;6.93425305809482;5.59143237104827;3.42984036462657;0.932375155964119;0;0;0
3;2009;-0.395375588983841;6.08975489029882;3.22837408796291;0.918803667488777;2.04802907564837;0;0;0
3;2010;-0.367258745543577;7.53439271979174;2.81522723266167;0.794986727004171;0.557486705609916;0;0;0
3;2011;1.96135906577279;6.65300127167452;2.59760024920028;1.17659485613647;1.12137953579601;0;0;0
3;2012;2.13862398997722;5.52720373663501;4.33453837188008;5.25693541844596;2.49629177656182;0;0;0
3;2013;-3.29286955152507;7.32896850594504;3.11470281668204;1.0423462480467;0.337685210065911;0;0;0
3;2014;4.35377317639649;6.72880916153347;3.45388425536867;1.11027899820117;1.34032166690343;0;0;0
3;2015;5.14881244769105;6.2831153116116;5.08189084137615;1.98007458893078;1.4165398129971;0;0;0
3;2016;-1.83223275580255;5.79786382642242;2.79473855364567;0.708398528759869;2.82244685239162;0;0;0
3;2017;-3.33235033862827;3.3994468301416;2.13995152917577;0.00789704742164996;4.85215286109652;0;0;0
3;2018;2.81158986699619;6.77018102962848;5.09576325288523;4.00708611957848;0.74852371082498;0;0;0
3;2019;1.57121394426198;5.76984242988532;4.21731177477041;0.827607146708109;3.03017189000272;0;0;0
3;2020;6.14472888344239;5.48820800008215;4.13385067494596;0.357913906094624;2.79955893603802;0;0;0
3;2021;4.20699951563407;7.26487946476708;4.96544006271084;2.35758785764776;1.13141190102504;0;0;0
3;2022;3.55977828705613;6.89146129608109;3.8979536822936;0.611074008718587;0.807614985563157;0;0;0
3;2023;0.777666280429049;6.63034817866428;3.50660055556602;1.12305427808082;1.55025476278906;0;0;0
3;2024;-1.24043206125945;6.2118145637255;3.94325473369287;1.47180271416077;2.33101585057568;0;0;0
3;2025;-0.293345017449154;5.90929530746968;2.11095409819792;0.0726783382311914;2.54899284404957;0;0;0
3;2026;4.48286388632633;7.05365525126269;3.29014666189717;1.23774340243963;1.99691255226617;0;0;0
4;2000;0.14941918876408;4.91500353433093;4.64372660538211;2.17102635943375;3.78991320778614;0;0;0
4;2001;4.32672399185991;6.27557717421256;4.2632756487166;2.90381314086491;1.67892443377965;0;0;0
4;2002;7.61694151152979;6.56286710402229;6.14811400228319;2.9875129435243;1.06880888768701;0;0;0
4;2003;3.97695188346464;6.34084539826689;3.82252969094715;1.46792230975801;1.81160886509467;0;0;0
4;2004;-0.491961408186982;6.33248572147418;3.00835830756039;2.03256873118375;1.73379915757981;0;0;0
4;2005;-2.55177871836432;6.37905262815587;2.92015030747823;0.345006837603912;1.52365109221951;0;0;0
4;2006;-5.28366865262405;3.27204917597887;2.80111284357034;0.298846079459975;5.58898332788493;0;0;0
4;2007;-0.795605277705988;5.88563692408805;4.20971487448418;0.802921428314697;1.71188493656175;0;0;0
4;2008;5.58356287942711;6.31267720861452;5.11205215405917;2.0843904092122;2.5892224300793;0;0;0
4;2009;2.39248188762368;5.68208513544275;3.99169457903808;2.06060889761394;2.45362820892431;0;0;0
4;2010;-3.05247360376813;6.29652557298094;3.88894379130161;1.59476987483505;1.41908607165535;0;0;0
4;2011;-0.682579941773395;5.31101941057972;3.21316722263204;0.675670624318593;2.61827274765562;0;0;0
4;2012;0.833311197410782;6.38725124899661;3.19344257525215;0.777126974047913;1.49305610942905;0;0;0
4;2013;-2.55661176615566;7.23777814670982;2.94136254019981;0.527879452786302;0.604428953102081;0;0;0
4;2014;0.900774814340655;7.56224341869926;3.24119489481728;2.09812860172284;0.333386162880454;0;0;0
4;2015;0.06648786774585;6.96150454670708;2.56600658258439;0.736557304940019;0.450043216395188;0;0;0
4;2016;7.4159022641968;6.4113370724786;5.31280146644782;2.01018914232999;2.02575235037286;0;0;0
4;2017;-2.16427689985264;4.90588992399049;2.66129026184857;0.197814020596677;3.43105042369183;0;0;0
4;2018;6.59439162440588;7.53215933071924;3.90313297470857;1.04463337948787;0.484582101737385;0;0;0
4;2019;-1.16732463984911;7.07121642599556;3.55005451256185;1.29049923922029;1.33375123444852;0;0;0
4;2020;0.865485931993654;6.04450980627074;2.29475635366586;0.0903693333036666;1.65905789970031;0;0;0
4;2021;1.93697235348786;7.16482407931963;3.78322707519995;4.00740412378545;1.02522536708263;0;0;0
4;2022;3.42042312701855;6.89475070558253;4.55659738921627;0.678101867461734;1.01769561623156;0;0;0
4;2023;0.637542467596261;7.54865669751433;2.85739787666298;0.0893762975615684;0.531881718865796;0;0;0
4;2024;6.3862628344136;5.49032260825065;5.20876650994662;1.99634603239261;3.23362115737785;0;0;0
4;2025;3.20870677718654;7.44186992635242;3.49073423371769;2.92924936972525;1.89110401202186;0;0;0
4;2026;-1.00099200881786;5.21431793403381;3.01256647195042;0.809363666393391;4.1609684494642;0;0;0
5;2000;6.9459760829344;5.99747273944022;4.90981551305991;0.847573634747009;1.99148987880582;0;0;0
5;2001;0.721198454821324;6.82904295795259;2.57583407642713;2.97351630841273;1.11301335514977;0;0;0
5;2002;9.6048142208469;4.82799036060445;5.35537877244899;0.505728525730443;4.26238273808811;0;0;0
5;2003;0.865271133673017;7.08613138811061;4.6769712238712;2.59344668294912;0.939278311873469;0;0;0
5;2004;1.63508555134707;7.0001064578131;4.88543633155276;1.63706785744238;1.01577013327765;0;0;0
5;2005;1.92639999726154;5.0912687477857;3.67597716120486;1.19608604940533;3.20347220201654;0;0;0
5;2006;-2.84016591672671;5.98953906505394;1.82858186896789;0.0846060633030334;2.52852128043761;0;0;0
5;2007;5.53897348652761;6.68259038216986;3.62096551417241;0.24973428335236;1.16372082037555;0;0;0
5;2008;3.52930294093988;6.15863840114742;4.2770403701035;1.42156934562676;1.8337924175337;0;0;0
5;2009;-0.813482146066281;5.45000145480934;2.98326045023782;0.0172103945271784;2.76832349482858;0;0;0
5;2010;0.869630598234717;6.96515782969831;3.84824585935588;1.50730742175265;0.924984553347859;0;0;0
5;2011;2.26622309244543;7.21992061875609;4.68375303156594;0.978665991178721;0.557393940120047;0;0;0
5;2012;-7.67017829116383;2.3030402092187;3.51812333017839;0.0200941689529994;6.39558302768074;0;0;0
5;2013;5.59038268331881;6.90349565012006;5.57351339879405;3.56397481297142;0.604699718793912;0;0;0
5;2014;1.2761741595053;5.60265836455468;3.67203907789049;0.477358716618544;3.24040450545896;0;0;0
5;2015;1.88032053728676;6.83497755314761;4.26523279516798;2.43729001538675;0.602936832178329;0;0;0
5;2016;6.93170388981788;6.64605019263387;5.47230368203687;1.68281390934655;1.15405523825498;0;0;0
5;2017;3.73729480769988;6.87590955535892;3.29300921322199;1.57921813411288;1.14924290010252;0;0;0
5;2018;3.89474608442344;6.76902693793441;4.23387840190049;1.67150268112804;1.05423580576755;0;0;0
5;2019;1.08203669884933;6.68690200917728;3.66141109660105;1.0580588735668;1.17716787986356;0;0;0
5;2020;7.49367123705006;7.06897377748948;5.6504619618703;3.75175372987442;0.801099835863275;0;0;0
5;2021;3.8783117023152;7.55978307936926;3.89939052046232;5.01548807141916;0.641316585339972;0;0;0
5;2022;5.06780541154845;7.04499862220998;5.9026838665067;3.53512354754403;0.899986136522732;0;0;0
5;2023;4.666501217761;7.19021152927847;5.44443757926572;2.22348062279532;0.69327381736837;0;0;0
5;2024;6.67321524845576;7.16995099859825;4.3217006207757;1.38147206167022;2.08581269928749;0;0;0
5;2025;4.30523183670535;5.60176100392114;3.51660536499455;1.46691010476339;3.17256075540547;0;0;0
5;2026;0.981308780715732;7.55738918203773;3.19033304864711;1.39871925431608;1.01060401972379;0;0;0
6;2000;5.39905882393213;5.59588100686499;5.59168773287647;2.85254583077315;2.66636805991761;0;0;0
6;2001;7.35674235668844;6.29599893199879;4.20170726155247;0.977636499626028;2.45191529928851;0;0;0
6;2002;8.17706792590399;6.8477182599111;5.36655444666755;3.05634459469867;1.25169262788202;0;0;0
6;2003;0.958607079958033;6.56847821808106;3.57486260609411;1.26631157908429;1.3416467414838;0;0;0
6;2004;9.61263767203121;6.77185594306732;5.81878877708727;2.45600861931747;1.26595506521825;0;0;0
6;2005;2.54126695066827;5.55093937895045;4.37408830521558;4.66518607011496;2.5685093681164;0;0;0
6;2006;1.38910279340509;7.28951304963981;4.13332608781229;1.9074094295607;0.749660002498849;0;0;0
6;2007;2.48313448086412;6.603758371572;3.35273957714683;2.77418671878878;1.14806690069129;0;0;0
6;2008;4.76511658157458;3.96009697587926;3.62130080493745;1.82197121531349;4.98857717934718;0;0;0
6;2009;1.78160847144038;6.38099847844058;2.80924693933787;0.755116222151098;1.60560084481634;0;0;0
6;2010;-3.87177960836532;7.675222714195;3.00336078073627;0.587121000771905;0.245708569169338;0;0;0
6;2011;4.62254047365169;6.11075258143081;3.54720034778501;1.99708199476611;2.62386897131287;0;0;0
6;2012;-8.51627931654769;3.63480930872595;3.08732707023648;0.0380206719849932;5.27454391727098;0;0;0
6;2013;0.663293277582757;6.43405931172114;3.68075886278409;1.86526377404928;2.13792448341432;0;0;0
6;2014;4.84507752422258;5.90783303581056;4.85882239174079;0.770026819838122;1.81393536196512;0;0;0
6;2015;-0.721860307495349;4.99265526666655;3.67707956437874;0.349598387044324;3.29022573506381;0;0;0
6;2016;4.39877847361404;6.67605178436645;5.1535301376592;3.35056010159704;1.33450893338514;0;0;0
6;2017;0.829817258831121;7.00348555203168;3.36934323060097;0.360447841661974;1.2779553596032;0;0;0
6;2018;-0.594820878739074;5.17308482907702;2.97347642952133;0.49718571411456;3.0807932647462;0;0;0
6;2019;3.89459290155733;6.79150339997501;4.96814481001046;1.97262819009737;1.98299807109397;0;0;0
6;2020;4.81660758999707;5.22237770615932;4.40888135430769;3.03471089515275;3.4968685656778;0;0;0
6;2021;-6.60613142234142;4.15010842608456;2.99718280449587;0.419369502746167;5.03750549832355;0;0;0
6;2022;4.59353208881526;5.32231831570732;4.41991565528892;0.570302035535002;3.69587912417054;0;0;0
6;2023;1.48120625944556;4.41127922241296;2.5644752673854;0.0101263287971808;4.75839057009699;0;0;0
6;2024;7.95956947912691;7.55539678641174;4.79917914522249;4.93510557636979;0.934698229753761;0;0;0
6;2025;1.10864293672949;6.3347302355593;2.86319777362824;0.00417410473600345;2.59491234345824;0;0;0
6;2026;1.37154546963813;7.27177156412543;3.47996145611011;0.793306507790076;0.963013440726789;0;0;0
7;2000;3.00507899614732;6.31742707554226;4.30029472725748;2.93709199016207;1.93703311317219;0;0;0
7;2001;4.5893509667636;4.60009772895704;2.94270190614255;1.47723993571454;4.57372203556923;0;0;0
7;2002;5.42870681141734;4.38874422569056;4.58623757207725;2.87106966140596;4.59555091918277;0;0;0
7;2003;-2.95490450460319;3.32629696252925;3.06432122874909;0;5.69281375530791;0;0;0
7;2004;3.24624873132068;7.04835649332756;3.18718569699916;1.13454025457452;0.773408139059235;0;0;0
7;2005;-0.362552180588051;7.19285123804275;3.42962043168472;1.64348921472815;0.718255803405623;0;0;0
7;2006;3.65470836207295;6.39371060247934;3.93112932570443;2.65206060906877;2.49101287249537;0;0;0
7;2007;5.51639227821432;5.55248541339691;4.06004254889443;2.65788566567797;3.39705033126865;0;0;0
7;2008;1.04011559743885;3.12910217725055;2.19555085072116;0.00222928137553079;6.49916853367199;0;0;0
7;2009;0.305233548245757;6.43835596275003;3.92276485659859;2.56553813397596;1.84255728097845;0;0;0
7;2010;-0.071113990302412;5.97491840231126;3.22686450932704;0.606117045402032;2.81914049864018;0;0;0
7;2011;1.89022385236937;7.04018850906004;3.40906705644147;0.728933590520805;1.25640757938552;0;0;0
7;2012;2.08991765779119;7.01673681129754;4.13732339042462;1.45023131468553;0.909061579512177;0;0;0
7;2013;-0.404206281695589;6.71633870699969;2.69277815526752;0.446104106156582;1.38064898189019;0;0;0
7;2014;5.52542441923155;6.09320877883304;5.04185845903171;1.70434765493292;2.27116995767361;0;0;0
7;2015;2.00809592841653;5.83531147468033;3.16631551562722;0.0888886797006174;2.43818292601524;0;0;0
7;2016;3.14103435232744;6.51914939865028;4.07796905192642;1.68252791094513;1.75557782459792;0;0;0
7;2017;3.83692665535909;3.88916098577881;2.79634209584969;0.63434873320337;4.70079398359317;0;0;0
7;2018;0.847200861247131;4.19752188917548;3.31958789530165;0.757178114875169;4.41302054361946;0;0;0
7;2019;4.8781734098506;4.14528941292453;3.28389731442195;0.0903641986824562;5.98217944131898;0;0;0
7;2020;6.53046422110364;6.54587424628039;6.85964512921274;3.65805955818296;2.21315763800578;0;0;0
7;2021;6.11854727873633;6.19774213589973;3.83350802455718;0.85925489800075;4.18504712726501;0;0;0
7;2022;7.74407575962442;6.68870571603149;7.5722100607768;2.9873135490673;1.75817217754151;0;0;0
7;2023;6.31363464431623;6.2463981487979;3.94522813977808;0.81020454619362;2.78032686998626;0;0;0
7;2024;8.92938167179843;7.23245303105248;3.5370089804525;2.35906816894273;1.87209778372633;0;0;0
7;2025;1.26792333668225;7.16893006474757;2.92184952479081;1.21903695044577;0.952193493065694;0;0;0
7;2026;3.77584263412914;7.37005933910579;3.68540963152247;3.35506778555768;0.587387701555277;0;0;0
8;2000;3.7452651090508;5.6193946623901;3.09479691717342;1.97406434364993;3.63047894035111;0;0;0
8;2001;1.93557094420549;5.81656291879254;4.33563820774335;1.27395326467774;2.42135660115461;0;0;0
8;2002;3.07557032805095;6.39852995794745;6.03015467190626;5.56818349082358;1.58812356408892;0;0;0
8;2003;-1.47891330876702;2.00743749882332;2.87808269820922;0;7.25665575274403;0;0;0
8;2004;1.64175610891559;4.59492134616076;3.22848756309166;0.397416087452868;3.69773101088711;0;0;0
8;2005;-2.21383900224041;5.78355894288419;2.82498284180746;0.756692208554621;2.85854649142775;0;0;0
8;2006;0.997038521639861;6.55610463673411;3.94701447449719;0.526513472390286;2.13196798050213;0;0;0
8;2007;6.18828673094071;6.38040149314785;3.32751130044551;2.09098600131104;2.27847001980252;0;0;0
8;2008;5.60726754286125;5.43707607283631;3.74163767031966;0.500028411570698;3.53191851698447;0;0;0
8;2009;0.584657751823218;6.66493173521101;2.95624703689568;2.67105562677465;1.74304917769041;0;0;0
8;2010;6.43101978711861;6.82477779926712;5.09414790105243;2.21333803436431;1.87605606321746;0;0;0
8;2011;-0.0991853067679442;4.88216164129879;3.26882223770215;0.919959470723246;4.43201076901222;0;0;0
8;2012;4.40804475335847;5.86633879257671;3.81584039201121;0.340180978282264;3.04910152686519;0;0;0
8;2013;-1.28569340492136;6.79866482733125;3.26798238482617;0.997548047217977;1.09234222592676;0;0;0
8;2014;5.85021334351129;5.66120434252031;3.62032471344535;0.620267890303952;3.23102885828274;0;0;0
8;2015;2.34394140370275;5.81833949773135;3.37190164119609;0.768341466002817;2.2389861519266;0;0;0
8;2016;2.8964172324734;5.52703309605678;3.77803066738095;1.80465111104645;3.93670278587431;0;0;0
8;2017;7.18679101578211;6.67977079050917;5.83887849603522;2.63571710975595;2.11713234828478;0;0;0
8;2018;-1.19950450905319;3.29464065353459;3.83206468253493;0.0165115725804381;6.30947577228982;0;0;0
8;2019;6.10465829951615;4.78922140315505;2.94400746916232;0.0941071663908234;5.21180346723855;0;0;0
8;2020;7.0699278928028;6.66240173618658;6.55282019069983;3.52436728630134;1.87352246995819;0;0;0
8;2021;8.35511006060565;3.2140137505156;3.0067417576493;0.433246843491611;6.36437651150412;0;0;0
8;2022;4.86078193434873;4.43501007241527;5.17787063835322;1.15611250981996;4.70622333206109;0;0;0
8;2023;5.68587140512333;6.14196474569077;3.71513720563644;0.966957856740645;3.25722227261758;0;0;0
8;2024;7.53970585466626;7.02358485560589;4.90050490441903;2.21934280271587;1.76102976539916;0;0;0
8;2025;3.65127278702105;4.50167354420652;3.25560161500952;0.0767310947525883;6.59501007241527;0;0;0
8;2026;3.72132339727078;7.31558443114387;4.20409742772593;4.10603865685155;1.41942465713567;0;0;0
9;2000;4.88316477512926;6.04476533925298;6.08550890086587;2.95082076920049;2.51437745285134;0;0;0
9;2001;1.21005923641336;6.22073839276087;3.21604278166392;1.3376028849725;2.48526158327757;0;0;0
9;2002;5.13809940284355;6.08360857755589;4.35350069916425;2.66274558465364;2.86605330763741;0;0;0
9;2003;3.99610128211492;3.53496985121579;2.4934851926082;1.4431920913141;5.82566916950925;0;0;0
9;2004;-0.880302223804446;4.92316073589391;3.08200674689227;0.572830836481141;3.78655982090441;0;0;0
9;2005;-4.24981147382456;5.070637155146;2.87471250400073;0.276909437262631;4.30882316193397;0;0;0
9;2006;-0.925508113557283;6.06640879457921;3.57861430265854;1.78158793295554;2.08905538373592;0;0;0
9;2007;6.87299206358715;6.58016478711005;5.50352543092309;4.15921176718258;2.14627423327269;0;0;0
9;2008;7.98679803309777;6.35509705289858;5.51776938362295;3.78803444988524;2.20869120216886;0;0;0
9;2009;4.91751607564324;7.18065856651645;3.53409217329689;1.02337005728526;1.31724394071909;0;0;0
9;2010;0.349775531476084;4.09039860064457;4.0074582084622;0.723741119244732;5.75014128766031;0;0;0
9;2011;1.89858678108885;2.32384261359066;3.26260968834561;0.00109572816630696;6.88384887782853;0;0;0
9;2012;7.14154849906464;7.32929609477826;2.69158897699519;0.50135297268895;0.774445846005864;0;0;0
9;2013;1.45434072319428;6.66086289020982;2.77107993064838;0.275855128374088;1.76389779365327;0;0;0
9;2014;6.00064268342151;5.46604765955408;3.04286638517532;0.924241060196588;4.32593582750411;0;0;0
9;2015;3.81481030141938;5.64907328644854;4.08348380626047;2.62041371354633;3.02044674627612;0;0;0
9;2016;3.02962676438421;6.44472066804845;3.95485675262593;2.14723132666631;1.89727950652867;0;0;0
9;2017;7.32343150158574;6.64802513910545;5.40566382950319;2.53775230244973;2.69262377432313;0;0;0
9;2018;-4.37840857550204;4.67316441570578;4.51308797831136;0.344582375583849;5.70367690224879;0;0;0
9;2019;7.7412602756607;4.87002219867903;3.24373790154877;0.502581345236526;5.2510643213999;0;0;0
9;2020;5.5461232754091;6.76423428249659;5.55890317644783;4.14773845608786;2.1081284476842;0;0;0
9;2021;3.88008554278937;3.66146415435356;2.58907763376116;1.14882408616579;6.31885278869836;0;0;0
9;2022;2.27220355692327;2.70457837057931;2.54893430936777;0;7.31073409679446;0;0;0
9;2023;1.92939313911914;4.15140303524575;3.26723101858904;0.0377168735633758;5.5755251433843;0;0;0
9;2024;6.81659304190364;6.31275465581778;3.14443783599678;0.367022552967897;4.42536434416339;0;0;0
9;2025;5.4076257682677;6.19790421877594;2.9058657912708;1.82557554824918;2.4756087350176;0;0;0
9;2026;9.70002892503282;5.24419009052337;3.73636681049311;1.04792005052467;4.44644538731304;0;0;0
10;2000;7.7466463221564;6.92837545719523;5.44270310422083;2.28328817719236;1.39456414767855;0;0;0
10;2001;6.83722001338425;6.26470478495351;3.52882234039458;1.97607762862654;2.06915667269699;0;0;0
10;2002;6.42736667528142;5.17894514341853;4.31778547210275;0.911906844278919;4.51959046261226;0;0;0
10;2003;5.91267652399836;6.38693461402196;3.51013146341839;1.04394996140476;2.40376025426644;0;0;0
10;2004;1.03380942682223;5.50606706842225;3.191910575437;0.632406990615624;3.75853023179392;0;0;0
10;2005;1.45116855421048;6.36312041200201;4.36539967035732;1.74251089823352;2.19857788107875;0;0;0
10;2006;0.65375914176518;6.18920411659698;4.06618389817019;3.181186919039;2.58032532959989;0;0;0
10;2007;7.18559927019917;5.11698173272927;3.67514021794755;1.41263459125848;4.09418230301454;0;0;0
10;2008;4.51328104006887;5.78439485921724;3.81069404674901;0.611997042458183;3.55106996948324;0;0;0
10;2009;5.13153564539621;6.41396035045501;3.7061902993313;3.21901179080184;2.06439071728947;0;0;0
10;2010;0.38841749262754;5.36374546655736;4.09791397455624;0.416794832517214;3.56216639938111;0;0;0
10;2011;6.301947048363;4.28012080052168;3.96482425047367;0.436079956321489;5.04670742414881;0;0;0
10;2012;5.21886100409229;5.79596911696496;3.43498823315973;1.11563492158578;2.92301131841669;0;0;0
10;2013;5.81604158358564;5.0295499162201;3.20885191581275;1.2165211572067;5.01667108814604;0;0;0
10;2014;6.3048303093267;3.47474776173304;2.46732292830871;0.0278441950539905;6.60095469723706;0;0;0
10;2015;5.13421797151655;5.41395949468481;4.12011419397572;0.864137067001672;4.0354963210439;0;0;0
10;2016;2.83217884227984;4.54551379587142;3.22274055272486;0.122702898835981;4.52976847992962;0;0;0
10;2017;6.28847791000378;6.08194444682158;3.60651617662412;2.25944607706382;3.45360287812634;0;0;0
10;2018;6.48907335491015;6.45452505609574;3.46792966938174;1.46704052414213;2.82296459336367;0;0;0
10;2019;8.08402071648504;6.71164651898355;6.82784710467268;3.39861673304591;2.10141886699448;0;0;0
10;2020;5.46441348077683;6.60442724156168;4.27184401933584;2.62863013440727;2.19177433682088;0;0;0
10;2021;5.2411024716355;6.75498717200468;5.16676753344778;2.85555540341863;2.36468150800402;0;0;0
10;2022;5.05342522023246;1.97469093859164;3.49002856560933;0.213443807561243;9.85995406225557;0;0;0
10;2023;3.75314230260377;7.35961979841477;4.37049903383544;4.8164821340855;1.56726644747539;0;0;0
10;2024;6.36221928597957;5.46294515026469;3.13826679149501;1.10854948662346;3.71725472342363;0;0;0
10;2025;6.70270988192083;2.51211453970688;1.83722878502881;0;10.0956199969535;0;0;0
10;2026;8.43387514997373;2.80753599797354;2.00520633475334;0;9.10402455889325;0;0;0
11;2000;6.18921626853384;7.05958899068751;4.44540973421489;2.075871730316;2.08004189850908;0;0;0
11;2001;7.28522221784829;6.53203130749706;3.9538750130505;4.06251777862594;1.85548882449694;0;0;0
11;2002;7.58671468108012;6.00145155741619;3.28147642609825;0.87113760955998;4.37933434770628;0;0;0
11;2003;6.20205898310538;3.99011996186688;3.64328246064741;1.13001768021237;5.57907556279727;0;0;0
11;2004;3.18777395343583;6.00334332302416;3.2644468558147;0.695853622218533;2.9098803804412;0;0;0
11;2005;8.89665513658948;5.58457320172729;4.15248763839944;0.303231388281767;5.04678341654272;0;0;0
11;2006;-0.227317725225881;4.56580735928143;3.1943238474059;0;5.10714328502796;0;0;0
11;2007;7.55879500709433;3.40423589134457;3.53697218233382;1.11637464934816;6.43852044178281;0;0;0
11;2008;7.83085205615906;6.35574367286301;5.73970482774202;4.3636586914589;2.67945004783755;0;0;0
11;2009;5.91917455829421;6.93515161680664;4.09918890100279;2.28237815115983;1.26888778969961;0;0;0
11;2010;8.64489336247516;6.81138362637758;4.01540163862878;2.04555932284616;2.85426798272713;0;0;0
11;2011;6.72569330222894;5.35458085231289;3.25630848119616;1.07251916497367;3.74575460960619;0;0;0
11;2012;8.42059650606142;4.92585880818596;2.90752615661622;0.575499127970164;4.22662420905439;0;0;0
11;2013;-1.05280273298772;5.82009006125603;3.77516880067229;0.698975643068518;3.71562362541911;0;0;0
11;2014;8.59088382234895;2.73388319421362;3.50775755687877;0.296995733129774;7.26960133089382;0;0;0
11;2015;4.9071328446315;4.68627960750955;2.96521961630687;0.174324497791257;4.53518499184451;0;0;0
11;2016;4.47037700100467;4.44372540730383;3.28275160927586;0.241261131430899;5.0606753053816;0;0;0
11;2017;8.21397079085147;5.66490845826152;3.87423395730391;2.19281375530791;4.41690163263839;0;0;0
11;2018;4.11191642890518;6.62741528302888;5.05100920979891;1.91746490058518;2.13006200910882;0;0;0
11;2019;6.74161798760503;6.68536085262097;6.82030742688727;3.50920055659294;1.56528551061241;0;0;0
11;2020;8.14441070808138;5.94892061704455;5.41074738975826;2.72435299493897;3.82459158367122;0;0;0
11;2021;3.35935673465476;6.32591169478442;3.68312626547019;0.774910186917327;2.77316852340275;0;0;0
11;2022;7.21348916338194;4.80504014418016;3.58237216076841;0.923886771333067;4.97890577798925;0;0;0
11;2023;8.58127506336978;6.94556000746232;4.16138936003793;2.03321295499162;4.39186385038398;0;0;0
11;2024;9.23231816166868;7.2129977801321;3.31328086891483;1.70252931440826;2.73177135874058;0;0;0
11;2025;4.77242314755703;5.695562917081;2.75789696184463;0.258341620041454;3.85024175508199;0;0;0
11;2026;8.19579854484835;6.00357786111078;3.32796336105458;2.820324953061;4.35678283461899;0;0;0
12;2000;7.62753697355157;5.06042661856097;2.43336648016581;1.18306242501314;5.26301378303487;0;0;0
12;2001;4.63956927374206;6.98978894995285;4.07554585302318;5.55480044294666;1.52153391674041;0;0;0
12;2002;7.87804247700973;6.57596637850031;4.611809628784;4.72174067082115;1.89734146429128;0;0;0
12;2003;4.36459815598637;2.33688455146516;2.66146535243184;0;8.55570054204485;0;0;0
12;2004;11.2597069158213;5.51627572231284;5.15859800879389;1.44863975326434;3.75898088038215;0;0;0
12;2005;10.1058435412456;5.56182631630294;2.7035403213246;1.59345438488094;5.18202968153368;0;0;0
12;2006;5.11567771009586;5.35809413129911;3.31765351233764;1.84182474168576;4.45196733011678;0;0;0
12;2007;4.38989027314473;5.83460015848864;4.18834355408211;3.51848651905201;3.27524068536924;0;0;0
12;2008;2.59685470220053;6.09778749172042;4.54646575464384;2.60183066361556;2.86508936808217;0;0;0
12;2009;4.56945122880043;4.59176903104563;2.7773195223433;0.0900316463820603;5.60215910821899;0;0;0
12;2010;10.0406614076735;5.5678904751065;3.32719500777895;2.09551251221612;4.81019547502948;0;0;0
12;2011;7.39432761279479;3.40448594739752;2.22850296695529;0.135496834506024;8.41744419094629;0;0;0
12;2012;9.24791149282265;1.94042846702461;2.36331843722669;0.00906842567379067;9.35040828796325;0;0;0
12;2013;1.17683738141164;6.60710597344716;4.28641755766608;1.27961606725669;2.69223525465154;0;0;0
12;2014;9.70694731365176;5.69086431078835;4.40609034537174;1.03350905148142;3.61946928555169;0;0;0
12;2015;6.55250184418479;4.07532814508386;2.86971018486348;0.532119280673799;7.1730177366932;0;0;0
12;2016;6.99004431178105;6.64617821585605;3.65531168006518;1.46857081241688;2.33985681252985;0;0;0
12;2017;8.37355276422333;5.61828096304955;3.81931730076386;0.542664765715792;5.47001158712853;0;0;0
12;2018;2.45398883048733;5.30786983392923;3.11286359536446;0.42235305997751;4.99707976976359;0;0;0
12;2019;6.93665383581878;3.76717744737441;2.75824389108441;0.233249068494135;7.45663624118343;0;0;0
12;2020;8.26133253689653;4.46975879261094;3.53954702371682;0.476902077638896;6.8421290535695;0;0;0
12;2021;7.60689237320481;5.48496702717413;3.52153271866212;0.505426610003269;4.96853196044972;0;0;0
12;2022;9.19781778598557;1.03010171684618;2.09699025620048;0;10.6576977385417;0;0;0
12;2023;10.2706171301233;7.37951142367642;4.66144433471569;2.78502915609077;2.25479958717645;0;0;0
12;2024;9.01561900426002;7.16621812897826;3.35217305727328;1.74218262478413;3.41391505168567;0;0;0
12;2025;8.42927795244998;3.20716557784171;3.04396796680981;0.251695879808787;8.83616128872146;0;0;0
12;2026;7.44930793863785;3.93703533817471;2.96420561419483;0.616692311247045;6.83103857127453;0;0;0
13;2000;5.91421348728069;6.85797398116279;3.37356457385211;2.66993491011846;1.92546173081235;0;0;0
13;2001;6.18388618940933;5.71652800336831;3.53556161631029;1.32147384167224;3.82784077197318;0;0;0
13;2002;5.50658686324279;3.38341414656605;2.21505693439152;0.00908023530257467;7.73135644711597;0;0;0
13;2003;10.69352678304;3.71973491662231;2.18905042026875;0.332499756105492;7.14005192813584;0;0;0
13;2004;3.56770374604848;4.88532850450734;2.92996154168713;0.662257624484612;4.20987798428464;0;0;0
13;2005;9.96007558162422;3.40848924040125;2.90251151438806;1.04224749216542;7.1180363839259;0;0;0
13;2006;10.5400164992495;6.18454752862123;5.06190607408574;3.43529299004397;2.34818225851449;0;0;0
13;2007;9.94555162091434;2.41538195591414;3.81298186280634;0.379951529175774;8.72932621788936;0;0;0
13;2008;4.69061647973793;5.85811073324102;4.34543934386387;1.07742888977509;4.17952176138046;0;0;0
13;2009;5.20515002507407;6.75202774749302;4.83729754616452;3.21413492757617;1.29409039329487;0;0;0
13;2010;8.32425954483294;5.83133436824476;4.49984818636621;1.37658595612637;4.33235975210049;0;0;0
13;2011;10.8140308659196;4.33901747311598;2.92505147457763;2.05676648940813;5.73020920158352;0;0;0
13;2012;8.64593945596977;4.38295476912176;4.08904049333441;0.195386200534343;6.39080235302575;0;0;0
13;2013;0.214488531823526;6.16747953425563;3.83130886629275;0.378712031615574;3.66672183531901;0;0;0
13;2014;7.42412279275471;3.68647763273424;2.6911152226115;0.232004778620807;7.66677660461192;0;0;0
13;2015;7.21450051260635;6.2817756889378;3.89320313074971;1.84916707886265;3.19056633160411;0;0;0
13;2016;9.32041901932158;6.31529381158336;3.90345868084735;1.76864731827292;3.70423708942285;0;0;0
13;2017;12.8963970362966;4.22995948783865;2.88920360313486;0.437283511533215;8.1079396647777;0;0;0
13;2018;5.91455066074017;6.74586551742434;3.67683344486872;2.58767417063031;3.05408536136608;0;0;0
13;2019;8.08659812517864;4.36488107361506;3.08631144216106;0.418361747756598;6.04412060198299;0;0;0
13;2020;5.28189874869281;1.44687789357299;4.51020557311786;0.0953059292894198;9.64341407810443;0;0;0
13;2021;10.1456955614623;3.38763839943588;3.1275825005263;0.0431063431398893;8.75532639931265;0;0;0.411599793930535
13;2022;5.06468116569594;6.2817464215969;3.46159731219695;1.59584917221348;3.55014573766536;0;0;0
13;2023;7.77974922510008;6.75265776551554;4.7491651961682;2.81473756095223;2.72126441758847;0;0;0
13;2024;9.45033417826378;6.72098057572796;3.43493022905545;1.79633593430423;4.09811319785921;0;0;0
13;2025;8.88021716024639;5.45920047101592;2.95100903864487;0.812391552521184;4.7877840172934;0;0;0
13;2026;5.95426267695188;5.76838665066947;3.43293528608683;1.80170914424691;5.23313430971008;0;0;0
14;2000;7.69247812223479;4.61078458723636;3.24139719889298;0.825937367890475;6.77909610128212;0;0;0
14;2001;10.0814102750617;5.74708838451695;4.12660347659497;1.76373040500181;4.67230744742576;0;0;0
14;2002;9.03056195006067;1.58069125693816;3.69335443092137;0;10.6864175576661;0;0;0
14;2003;6.26079083435883;4.98430021103293;4.58841937532198;1.41864517884741;5.92847592461692;0;0;0
14;2004;9.97212499721875;3.15912858631897;3.60218888902201;0.442694546518812;7.90166224803986;0;0;0
14;2005;8.86498000065038;5.70877592341884;3.73648439331883;1.54075280393107;3.6679685213489;0;0;0
14;2006;6.16661452173571;4.84897162094857;3.76346374700694;1.09861211188682;5.65078225954141;0;0;0
14;2007;8.24806176607008;3.57946630747139;3.09526160039297;0.414080671745378;8.07864784885044;0;0;0
14;2008;7.37875567589586;6.56749990158643;3.4127822971953;2.68371486421494;2.20768823949243;0;0;0
14;2009;10.3665845697786;2.64495395100544;2.92810931266249;0.0480982218806748;8.32766157369294;0;0;0
14;2010;8.80007137123483;4.33899625001498;3.2636196683377;0.253947753517643;6.19932924731588;0;0;0
14;2011;11.8667959450185;3.98389337787902;3.61018349424666;0.215352003957081;7.46559512827139;0;0;0.196113434051781
14;2012;6.35032801671833;6.06555747438252;3.04084539826689;1.42784077197318;3.7904857180511;0;0;0
14;2013;2.45989621218993;5.1578141232891;3.57397928009188;0.0205193155892235;5.10377891005684;0;0;0
14;2014;12.7269269805518;5.76616010775858;2.27254004576659;0.430673542494981;4.74988147582706;0;0;0
14;2015;5.53338342441581;5.51528799234599;5.81694099806767;3.06142752738893;4.6168863999288;0;0;0
14;2016;10.2921933219117;5.46977607916901;3.32213295588162;1.02311846084595;4.34364650529123;0;0;0
14;2017;9.64583111546223;4.35922083834672;2.75317174109871;0.119804918624812;6.17581114178572;0;0;0
14;2018;11.1035685617413;4.99329658085574;3.91398297701915;0.492985936272505;7.2032006946572;0;0;0.196113434051781
14;2019;9.39488694419865;5.3561818272063;2.95398814587117;0.939852875986917;5.27567387624536;0;0;0
14;2020;5.60043130818168;2.63597435427859;2.98743780690059;0.125224340158386;8.41164532090527;0;0;0
14;2021;4.91295653200837;6.69492956155469;4.72652750702159;2.75569643434788;2.92614942774647;0;0;0
14;2022;6.61073820449142;6.41921118525884;5.96949846731557;4.87107376910293;3.0807393512235;0;0;0
14;2023;5.47937234390324;4.16656180629128;2.77328422353402;0.497236546864543;7.43092462547217;0;0;0
14;2024;13.2394296120451;7.07999465999394;4.3070060194876;3.29192187160366;3.42414025046682;0;0;0.643451903147352
14;2025;9.86906493413137;2.49467126158214;3.83720238451809;0.00336283458475463;9.5918795965557;0;0;0
14;2026;8.00508122114985;5.60819228814125;3.69765745030685;0.488370425266444;4.75075415476433;0;0;0
15;2000;8.03328347045624;5.60998409978965;3.84508488384631;1.48747888387027;4.8675438881748;0;0;0
15;2001;5.55464092738105;6.04220932481443;3.834325969716;3.00270286460517;3.1716895813401;0;0;0
15;2002;7.49119771885895;4.89268282246705;3.62269143151528;0.802235614075024;5.35313357374771;0;0;0
15;2003;3.62031341727868;3.6974501471069;2.53052943079301;0.140460472830152;7.67725003380292;0;0;0
15;2004;5.66537656456187;5.92136755501319;3.58091427065273;2.56888744739153;2.90658583631855;0;0;0
15;2005;11.6961194244432;5.42977104724023;2.77499439470518;0.716290783868389;4.84137785848642;0;0;0
15;2006;7.58734127602183;6.3556473131383;4.09475909213051;2.28137758463995;2.14787880240095;0;0;0
15;2007;14.1926520147398;2.50054449805369;3.1137291213465;0.00109572816630696;9.97632356157866;0;0;1.47477446176333
15;2008;6.53237738096664;6.0829460402657;2.9474043634011;1.96408435155725;3.48028014493324;0;0;0
15;2009;14.1540800555908;3.26452147897629;2.75469672359821;0.23083528306311;8.82837682642755;0;0;0.607713227982316
15;2010;8.68556058938605;3.80606244726316;3.02922198507879;0.467121993465339;7.57471130592244;0;0;0
15;2011;9.47228023393334;4.59954199178803;3.09159479623256;0.599151589421996;6.27302218669825;0;0;0
15;2012;8.21972824161474;6.30138138425965;3.43663449541222;1.47209727026421;3.09108578411656;0;0;0
15;2013;9.08408044924512;6.71892244839278;4.09635732855928;2.59677614249601;3.07512926408897;0;0;0
15;2014;11.4225341409522;5.69743816632407;3.50710939652797;0.665337883748753;4.73806414511124;0;0;0
15;2015;9.11314274760427;4.39496584621125;2.79745117403114;0.10484143433932;7.44126780643847;0;0;0
15;2016;10.2408286251709;5.57470000975578;3.33859934379541;2.98233656072802;4.88021904294084;0;0;0
15;2017;9.4080007667701;6.13956328335065;4.19549454104188;1.23893480571449;3.27394607620805;0;0;0.196113434051781
15;2018;12.7889022008698;6.28296535214659;2.87083432460048;2.27670028702533;4.50354357325136;0;0;0
15;2019;6.7107856141606;5.33054175388391;3.61060265049147;0.468769351103687;5.15755636530434;0;0;0
15;2020;13.4941203452519;1.88291865561924;2.35432583279277;0;11.5444988524122;0;0;0
15;2021;4.83724619995242;5.36681905081392;2.83114644110846;0.588311548276564;5.21185566922086;0;0;0
15;2022;11.0441264212204;4.92099324112695;3.05844311438738;0.187048602612838;9.21713628482771;0;0;0
15;2023;8.74339901654888;6.60468243223584;3.86640577085783;2.29946308977543;3.92726928863246;0;0;0
15;2024;13.8642803229334;6.33791695263654;3.33511259368544;0.210525631173312;6.53877392091657;0;0;0.427965543268597
15;2025;9.71668392469907;4.25981491402077;2.71749194292355;0.279179795607845;9.36628874713531;0;0;0
15;2026;9.83009367260628;5.1357296040009;2.53678939932729;0.865861101650096;8.2188771554712;0;0;0
16;2000;13.5805620356377;5.67821123489352;2.84070282695128;1.66840017183866;5.55888349373319;0;0;0.503192878622689
16;2001;4.83141754910837;6.09631026119818;3.30741387956575;1.88758962053438;3.03862861113631;0;0;0
16;2002;7.991537288475;6.37859735840854;2.03412948487768;3.815979454669;3.03966666039102;0;0;0
16;2003;12.3923711509596;2.79160147124013;4.28312181546514;0.126286693286825;10.4525343634525;0;0;0.411599793930535
16;2004;10.657826275226;3.96453277514296;2.72431397181778;0.529717989487719;7.58993186357654;0;0;0
16;2005;9.06866237982847;4.57513046216726;2.82781612579137;3.76326469485802;6.96814378308622;0;0;0
16;2006;11.0470064302573;5.45539742823939;2.41325810542747;1.13144133951998;5.63879839594433;0;0;0
16;2007;11.3930172574619;3.40781728963885;2.86391798983003;0.00327434794589478;10.6676428152101;0;0;0.964285286400614
16;2008;7.18173050427115;6.1099805055548;3.31543261751009;1.91673509975713;3.83793920266179;0;0;0
16;2009;12.747229957434;3.58849964656691;2.93283230840589;2.21518649800007;7.81107246833222;0;0;0.607713227982316
16;2010;9.68899736251624;2.86037955119988;2.88798926521859;0.392927401590706;10.2265836455468;0;0;0.411599793930535
16;2011;15.2951092732971;0.9481598373352;2.3055900621118;0;11.9663269829479;0;0;1.90574718152084
16;2012;8.02555706361282;5.47829527152733;3.78660616941854;1.1835488447958;5.42200202304076;0;0;0
16;2013;13.3779252364921;5.74730885944659;3.5076469913687;0.669337924825722;6.01172062868302;0;0;0.348616818622929
16;2014;8.95492247577742;4.33960538724457;4.13154009540126;0.755468628320174;7.14517217240689;0;0;0
16;2015;10.8027853608526;3.90185257133273;3.42774937571564;0.235972813892231;9.43005995526033;0;0;0.196113434051781
16;2016;8.10889470432284;4.45066775748842;3.2993208607679;0.390155733061312;7.19087543580097;0;0;0
16;2017;5.62452877013841;5.34258689062743;3.73409628099386;1.06263827107035;4.67928488418862;0;0;0
16;2018;16.6218074208969;3.52888689399346;2.25252631921255;0.109811918825062;11.0877299668475;0;0;3.68211388932153
16;2019;13.4914708807073;1.70844337111844;3.37033609518903;0.0853158391083559;11.6424150519709;0;0;0.607713227982316
16;2020;10.5249925975878;3.95444307331041;3.09421259727968;0.202553960590071;9.18914198768033;0;0;0.392226868103562
16;2021;8.46911799188388;3.55861803381662;2.99994814032577;0.194447762931116;9.33268237746654;0;0;0
16;2022;10.6767856928915;3.7154712983232;3.70377908121088;0.75126457162711;8.78291779984904;0;0;0
16;2023;10.921965053768;6.12316826667169;3.99860783303581;2.10541291768004;5.82049569633166;0;0;0
16;2024;6.71557826959842;6.86599100756672;4.27505138900061;4.07338640249611;3.27063869553237;0;0;0
16;2025;12.0656238821502;6.13023521699765;2.82130782225311;1.80444538388995;6.06678591539171;0;0;0.152503384571148
16;2026;11.7165172206638;6.12361891525992;2.19665248370186;1.72595516791067;5.30066359117119;0;0;0
17;2000;15.390481096892;5.28914660883942;2.77301636746088;0.642991327624776;5.85550251682016;0;0;1.0409862580421
17;2001;10.2235798921387;5.85891395915238;3.35333228358855;3.13811840094203;4.25709869940045;0;0;0
17;2002;11.4012468571839;6.10714071771735;3.10454633054295;2.46839897376037;3.73179494376734;0;0;0
17;2003;13.8412373410193;4.40516525778366;3.24789916973175;1.06539984151136;7.5662581790237;0;0;0.411599793930535
17;2004;11.4993963396997;5.29405667594892;2.84044558242864;0.595367373589905;6.28020980062266;0;0;0.271340769405873
17;2005;13.4305141980834;5.86264648646428;2.68675507343364;2.4018414463201;5.18662311366853;0;0;1.11943642397594
17;2006;10.9447335046015;5.67308671177146;2.73728796153826;1.77530692198285;4.8352808381071;0;0;0
17;2007;17.0836544468387;3.04998519517551;2.68731389137538;0.103200580554505;11.3143045412302;0;0;3.59631950351636
17;2008;11.9006207757043;5.22126725874554;3.21576996212361;1.15891926492763;6.58795058440547;0;0;0
17;2009;12.5689293801314;2.82043117125844;3.00753420085611;0.341691754996414;9.66778880960653;0;0;0
17;2010;13.7961601591048;5.40634758989438;2.99223559695962;1.07469436167245;6.08713948540826;0;0;0.718679238501444
17;2011;13.5741413629681;3.86295405027479;3.61293907429626;1.79305679404521;8.2232752379469;0;0;0
17;2012;13.1587566685893;5.99385283148687;3.73931100229518;1.04076649625429;4.61785513179717;11.0032348113626;0.348616818622929;1.35128853319276
17;2013;11.6811776767208;5.30911617765105;2.90073185467653;1.49137007097758;5.46693372402096;0;0;0.348616818622929
17;2014;13.9565700045698;5.00262892605974;2.44868566533566;2.78795845749133;6.46514413737508;0;0;0.607713227982316
17;2015;11.4888039584506;3.65177923182644;2.78764969560254;1.46940056720449;8.5901861984805;0;0;0
17;2016;6.51058639085764;5.84873765337541;4.37053651657028;2.1972630757408;4.69051087769503;0;0;0
17;2017;7.45181688571531;4.89267426476503;3.1508933385136;1.28436439379806;6.5200835574025;0;0;0
17;2018;13.4928995034821;5.801275411383;3.91562294080295;1.37051614923948;6.62447451430762;0;0;0.427965543268597
17;2019;13.2423806500088;5.28664981369883;4.1367455743844;1.83208727486825;7.00961064167361;0;0;1.48301724034648
17;2020;12.6994197878032;1.53000142057853;4.08940025912722;0.00566776604611917;12.2812006113622;0;0;0.196113434051781
17;2021;9.11605801437352;4.76262560567136;3.22902532908643;1.61708767708025;7.01712002519387;0;0;0
17;2022;10.2466504298534;5.2100594075674;2.42679484963262;1.43226065391113;5.94805183913574;0;0;0
17;2023;9.60466257836716;6.27709011887789;3.3805175355872;1.81526676924499;5.08100087459715;0;0;0
17;2024;7.94412556545016;6.42547028851437;3.26060068222;0.774704117452749;4.86527643944827;0;0;0
17;2025;11.8472749709466;6.07830622538591;2.63203010941878;2.64731656137841;5.69003500100125;0;0;0
17;2026;9.59508308672889;3.00984806085325;2.80032650485764;0.118317076552068;11.1258271472558;0;0;0
18;2000;16.6531145756492;4.39323650578757;2.52532600565835;1.65084661346058;7.87077168222172;0;0;1.40602872991721
18;2001;14.336336516228;5.48707359110273;3.52326650909085;0.708669807913821;7.02807906460894;0;0;1.44023386488073
18;2002;10.6172545522696;7.06876917994965;3.86643987615294;5.03913574055786;1.99364556394401;0;0;0
18;2003;14.30038167351;5.43425939079431;4.52442727579249;1.2613676234748;5.84883589579457;0;0;0.196113434051781
18;2004;14.4466933895175;5.55680602599145;3.04792450052972;1.88078761666287;7.14498561450291;0;0;0.411599793930535
18;2005;12.1405559767847;6.04878677458499;3.72182607668728;4.50285211092836;4.03351315917839;0;0;1.00002396156565
18;2006;15.6125026314934;3.54881176307489;3.55368041090662;0.215088769043026;10.9415995029687;0;0;1.21542645596463
18;2007;14.172567430413;2.6505404188824;3.51531315198992;0.353598085813213;11.5825291090234;0;0;0.196113434051781
18;2008;12.0760610266846;4.70933747982522;2.94519154133912;2.40847349422954;7.89388261228989;0;0;0
18;2009;12.3365715107254;5.37651852143448;2.43178946683805;1.32708615380929;4.75348084529557;0;0;0
18;2010;8.43229984818637;6.70924385856515;3.03267553130493;2.64121680253445;2.5155378772449;0;0;0
18;2011;12.2657051803193;3.14917512310254;3.24789506203478;0.192002656310706;10.9224934062906;0;0;1.17829800999197
18;2012;14.1974446701776;5.4459247367223;3.01259864891001;2.31790339723655;6.0197527166425;0;0;0.705763954616795
18;2013;12.0046648033697;5.57507706210667;2.86015893364187;1.01162153049366;5.6503151801653;0;0;0
18;2014;11.3320590344516;6.13495598773852;2.52291807369551;2.46577860540265;4.08646993080242;0;0;0
18;2015;9.86662410636197;6.10193164449937;3.18586763973444;3.24125154680464;5.0661589096803;0;0;0
18;2016;13.9675348170107;2.27429608622056;3.48459990175758;0.288278857854858;12.0867537042013;0;0;0.898426923215163
18;2017;10.5477743984363;6.72335824765647;3.22687939972855;4.54215438436747;2.83822331836876;0;0;0
18;2018;13.2986954639045;3.89729987385947;4.08563949139865;0.144866662444867;9.07607352092957;0;0;0.411599793930535
18;2019;8.74360713986195;5.26577261501124;3.34226169795077;1.49604257627908;5.41842952475658;0;0;0
18;2020;11.7763319635305;5.85799760042035;3.6070866330406;2.23903510198214;4.98246954741737;0;0;0
18;2021;9.83224011542628;5.76470495610755;4.85686473182729;1.89204921020968;6.00708543496232;5.92262570836378;0.196113434051781;1.00002396156565
18;2022;13.1566987124082;4.86195884658151;2.21426123925794;0.863691381880606;8.31758402379726;0;0;0
18;2023;12.8442323655713;6.40786435699994;2.81465574932095;1.26189015675999;7.44564387294209;0;0;0
18;2024;15.5940725932747;6.26169384307571;3.11084842769341;2.90586099895767;6.95038774947841;0;0;2.36391627828962
18;2025;15.4241007138835;3.8964668671451;2.44660233556803;1.08065942228665;10.7414040792854;0;0;2.87555560880348
18;2026;14.0543984021059;3.76282397320412;3.48301843842477;0.108407257615927;12.2205448577624;0;0;1.4186205326656
19;2000;18.6040666199987;3.25095118857923;2.30222431790836;1.70320537286763;11.0164443090426;5.90301436495861;0.196113434051781;4.55425497502007
19;2001;15.4006038314543;3.0161966491462;2.94757072512832;0.0121586118722712;10.7497565333776;0;0;1.50614015119748
19;2002;14.4795821787567;5.68578548579507;2.7544171605887;2.23077623491919;5.59521453303187;0;0;0.795380210142931
19;2003;15.8984003943389;5.06043671664935;2.49516506951421;0.978132675188997;8.01541652903029;10.8375956965028;0.348616818622929;1.79504474822385
19;2004;10.8124735353065;6.89457253422653;3.35392944003533;5.61575781018675;2.59712837751104;0;0;0
19;2005;9.65037867831427;4.91981792633188;3.16038639736149;2.17432021894025;5.73991996837073;0;0;0
19;2006;15.4312498181488;3.46833616022757;2.98027158723122;0.928356287942711;9.35910205744272;0;0;1.00847041345682
19;2007;14.0322055423101;6.72094737184413;5.11144780914271;6.69144024413412;3.07653751953295;0;0;0.231852109216816
19;2008;16.2458364212375;1.01312255142751;2.91531845776517;0;13.322630671831;0;0;1.09454035726694
19;2009;12.6662191559025;5.47757368609322;3.39383109492374;2.0936145850627;5.71548670218684;0;0;0
19;2010;9.45400372088884;7.11819607064554;3.04350239358925;2.23138502984071;1.58831873674626;0;0;0
19;2011;15.3297888472604;4.71160270354922;2.85740574974883;0.634465973721009;8.24352686861702;0;0;1.83282015646902
19;2012;14.2030523611556;5.3493815348752;3.46654811396805;1.52897843287938;5.80534411375582;13.3118058633951;0.427965543268597;1.22187211712413
19;2013;14.1686187355482;5.66945396726508;3.10214319089324;2.49770088777601;4.92620813358231;0;0;0.215486359878755
19;2014;12.5361408871599;6.37608909594724;4.42443891426723;4.54362853411699;3.95291877542707;0;0;0
19;2015;14.817672168128;5.29076555490707;3.94548333045224;0.896213388011344;6.52509819963065;0;0;0.400757185474499
19;2016;15.0000872885606;5.26615771160202;4.22087908138203;1.54057257872658;7.41297381856645;0;0;1.14847784154217
19;2017;12.6163099531209;5.44066123651948;2.85929139659985;1.36015140286409;6.57516828721017;0;0;0
19;2018;17.2304255402905;3.55668382200664;2.97943224781736;1.49241907409087;9.63633651622797;0;0;3.37117663268118
19;2019;9.47889003181754;5.96312794277978;3.56543321654923;2.28456567094951;3.7770111027626;0;0;0
19;2020;12.8790266127417;4.59625412267295;2.57736624739632;0.72899520597533;9.38530933525482;0;0;0.47157559274923
19;2021;13.0731798195694;6.76647520234686;3.23793389688654;3.05194456662941;3.39118762077057;0;0;0.513196832281021
19;2022;17.0128101953039;3.93979399899704;3.17194477201426;0.349856829645249;10.7620671300377;0;0;2.60628751482622
19;2023;14.2080178821741;6.39332242511583;2.78533871669842;3.22616226429949;4.67887668180239;0;0;0
19;2024;14.5927357090655;4.70066869883564;2.23574846517614;0.992328704757569;8.55854803181411;0;0;0.607713227982316
19;2025;11.7272304366653;3.88838155027907;3.02918792542476;0.151598150851748;9.29799530695621;0;0;0.215486359878755
19;2026;13.2447973450585;6.17976428665563;2.43237663929914;4.82918672734648;6.82025637933897;0;0;0.196113434051781
20;2000;14.700343677313;5.15168800672293;3.00355332903166;3.25412250179284;6.8223585369068;0;0;2.22925227934393
20;2001;13.9085616385603;5.268490712326;3.35495516619913;2.56420706900417;5.84009454549189;0;0;0.400757185474499
20;2002;15.7549779296865;4.86924379010353;3.06474175422622;1.31684703449952;8.01789141645372;0;0;1.43735847700289
20;2003;11.8729449962261;5.84938393103177;3.30919987197678;2.78236771076336;5.36704086645021;0;0;0
20;2004;11.9042458182789;5.70159789412069;2.78538926419167;0.0924462875832878;4.23065163477782;0;0;0
20;2005;12.755603668858;5.62805180490493;2.8627254740539;2.29018825232898;6.42745892730917;0;0;0
20;2006;14.714380191316;6.33294424314828;4.42650337430191;3.72021757101609;4.35414560758829;0;0;0
20;2007;13.4417342011984;5.2750852775006;3.39178443490926;3.42055833871042;6.23727854806605;0;0;0.69930631267447
20;2008;15.8636121375599;4.48036452387513;2.69683536179397;2.72744249652129;7.80403752381181;0;0;1.73591958498568
20;2009;13.697403764362;6.06806488107362;3.37866137001963;3.85327700083352;4.32110945472034;0;0;0.427965543268597
20;2010;12.386951558272;5.06162657953785;3.16163291223734;1.96051219558115;5.95278664450792;0;0;0.196113434051781
20;2011;15.9054201061497;5.04126643720615;2.84224749216542;1.54096725994362;6.2340574290267;0;0;2.20416452010974
20;2012;12.4769866277348;4.84765322137577;3.28454804208336;2.14294357564752;8.10166721150703;0;0;1.27341344483449
20;2013;13.035950563867;6.07945638053705;3.1626745557269;2.84002420118131;3.93524198613995;0;0;0.305905327854122
20;2014;11.1081250246034;5.04760461362831;3.46684421045785;1.36083824402801;6.01328737276837;0;0;0
20;2015;14.1266538187034;4.96435785571372;3.28841800608966;0.496443932503693;7.77134864249173;6.0010710819845;0.196113434051781;1.11943642397594
20;2016;13.9116090362487;6.34413737507894;3.26756271511923;1.19231022012121;5.04405556344766;4.60560221404867;0.152503384571148;0.784537601686894
20;2017;16.5859703321586;4.94696047539746;2.82688162473107;1.63372128249146;8.69214711032076;0;0;1.84547186313154
20;2018;14.7806791050013;5.41832375155964;3.28324778483883;1.36042524932865;7.57610381519471;0;0;0.940048162746954
20;2019;11.586612330964;4.64271251769305;3.04789112549185;1.24478587773782;8.34878489189055;0;0;0.0767009716414871
20;2020;9.59040972565719;4.16503031993825;3.37757950533059;1.39262206278273;7.94115980823901;0;0;0
20;2021;11.6504211245163;6.20897394864352;4.44641372381557;2.72465011835302;4.60542969077599;0;0;0
20;2022;18.4756314300434;5.37963646311317;3.18998338094268;1.62377483659068;8.74352447246046;19.7501874992512;0.643451903147352;3.65869145889992
20;2023;13.3071088830658;5.73646299906379;3.68314800203331;0.489546938139795;7.69065053939196;0;0;0.709310266332802
20;2024;16.8840956819547;4.97049954729756;3.24183193015546;3.79800040734662;6.77116465189836;0;0;1.97076688990859
20;2025;13.6501364953472;3.26114900271393;3.1698494186753;0.135151616806642;11.077392878965;0;0;0.271340769405873
20;2026;9.24386763631136;6.66640947919537;3.58748347650369;1.93871037997908;4.26317507646307;0;0;0
21;2000;14.0295055873236;6.2867663696003;3.88318719630855;1.6640434457416;4.49773186665731;0;0;0
21;2001;16.3662275424505;3.07893572994631;2.71093862587267;0.016804245989433;11.6779555307572;0;0;1.67296057124372
21;2002;15.6142121180484;5.30443015118036;3.17749837831547;1.49514521564553;6.1126431489605;0;0;1.19613739561743
21;2003;14.3658785593622;6.61665551312837;3.7895202381095;3.28355500634126;3.49179949646481;0;0;0.503192878622689
21;2004;13.0788063374918;3.97794423459057;3.22002314002625;0.579422149728978;9.22229811953056;0;0;0.392226868103562
21;2005;19.3654700146679;3.76310757544898;2.66738557068747;1.15670282010512;11.1049790421878;31.4173290042771;2.20345765392311;3.69937819737142
21;2006;13.083074405796;6.45112679262463;4.86364996260284;5.31736237931501;3.63785037371485;0;0;0.231852109216816
21;2007;19.4664259099832;4.06602849030156;2.57100564979487;3.08142054430408;8.87783041715374;10.6633312167284;0.740843686726491;3.64540477074772
21;2008;13.9279616067257;5.2124701122257;2.90757664705812;0.408542469307802;7.05201405516979;0;0;0.196113434051781
21;2009;16.5115419438649;4.13859078609339;2.50795968980042;0.757972783084504;9.96790759051053;0;0;1.61822037451927
21;2010;14.5604594801367;5.60809695534078;3.11342053061176;4.93388045574898;6.09362913315613;0;0;0.994141397198893
21;2011;15.6319506939441;4.03034030557842;3.82177764009386;0.323683611487175;9.62663464945085;0;0;1.69933027424012
21;2012;19.3698385503937;3.18827680400637;3.13756625800787;0.101873452125648;10.8734012928976;0;0;4.297183317958
21;2013;9.38720674894612;6.89657948650365;3.54724878437843;7.20961577629482;2.14571764033348;0;0;0
21;2014;17.6737733817813;4.35202569364454;2.67561534156356;1.31623156457043;9.06852699698255;4.72760492170558;0.152503384571148;3.11683659410306
21;2015;12.9817428273621;5.25382982838384;2.96850560272751;0.581659817652485;6.38668626950942;0;0;0
21;2016;15.2060369453112;6.59326423274211;2.75651455066074;5.07225148005456;3.96444976543339;0;0;0.564103178501683
21;2017;18.4773722377877;4.01185532691277;2.95450246376241;0.1570853493853;10.2334369956304;19.7616249535745;0.835443947907556;3.04013562246157
21;2018;19.0023864007846;5.23108645161732;2.77256092655951;1.84918599138411;9.34459230251819;0;0;3.7295338277403
21;2019;14.3661529192889;6.25213848415713;3.22478567235297;3.32802972603373;6.15368349167935;0;0;0
21;2020;16.0261804066278;4.98590084361827;3.22213449626799;0.818815819425641;7.06569183030419;0;0;1.52250590053554
21;2021;11.9746803270411;5.16749368298963;3.66645657222957;2.0092801432217;6.27229837626162;0;0;0
21;2022;14.5658602458799;5.66530356736366;4.30857293472698;2.30558869287948;5.71808276667083;0;0;0.490948518576204
21;2023;15.0930374536386;3.24464895450554;3.26284251489183;0.110114690322437;9.77769349392146;0;0;0.980651035738675
21;2024;16.209154345002;5.66882275116428;2.51487859188148;4.227118844231;6.65391318040149;0;0;0.629961541687134
21;2025;13.0532742623689;5.45457240871357;3.36618865625251;1.31154924643729;7.72164725494592;0;0;0.196113434051781
21;2026;16.9026525453173;5.02080360245024;2.32560324667804;1.00149879593133;9.54952199543361;17.2601063893515;0.760216612553464;2.35803371392287
22;2000;15.9412830391481;5.24801949102211;2.84457039480103;2.58158895987978;7.67160708509265;10.8049540536979;0.348616818622929;2.14519510704829
22;2001;15.1978099128997;5.84091009449415;4.40618567817221;2.49509010404454;5.57255527847618;0;0;1.32545796542346
22;2002;14.4371684960181;4.30005750775756;2.73502051281174;0.79131547283871;8.96143522932074;0;0;0.411599793930535
22;2003;18.7812981691652;4.07155077541338;2.31746832366598;0.220766119715405;8.7992623260861;6.52923670432626;0.215486359878755;3.88675764074425
22;2004;12.5822299317609;3.96439396921623;2.71133159554931;0.597585187644732;9.57781056328506;0;0;0.196113434051781
22;2005;14.8876402821303;5.47924551875934;3.52907359452581;1.76865176827797;6.2141104525484;0;0;1.15517509914098
22;2006;10.2732955197007;6.1921082583536;3.56759894272444;2.35390975732069;3.77673862553036;0;0;0
22;2007;14.1133205766522;5.99109451297262;3.03425750809987;4.9537774552475;4.35533257626196;0;0;0
22;2008;19.8373242461948;5.40338311633854;3.07398047817016;1.00668647489427;6.16335703246279;10.6683970910659;0.849737021817006;4.68207794697306
22;2009;15.8818193332181;4.1623517592068;3.84338258576101;0.828525216980535;8.45802686776126;13.2601195682126;0.427965543268597;1.44736243066122
22;2010;15.7241498350931;4.46636155606407;2.96075745932096;1.70565818141986;8.44365660337961;0;0;2.4016437634035
22;2011;18.7605868187427;3.93375003637023;3.52199380764682;2.81373049057883;10.1887378929911;21.3302017563828;1.10307067463788;4.39142415565433
22;2012;15.288181984668;5.24806690069129;3.0121341368445;2.50007291162119;5.82129909339705;0;0;1.16097379802796
22;2013;12.4686765856138;6.48281544973291;3.72464806450453;6.11963821458951;3.96053290522003;0;0;0
22;2014;13.5196176761047;6.19424888193623;2.90750972582834;3.91361068275058;4.19083658383382;0;0;0.204643751422718
22;2015;12.7901420407381;6.45069890752376;3.58817839043317;1.34681148580534;3.73488872420067;0;0;0
22;2016;17.8456827249092;6.18594397443643;2.60822497856296;5.81732369850189;4.47107171525445;0;0;2.0663256137156
22;2017;19.7968683945238;4.80342445003928;2.79107209179333;3.07835568890357;9.04020203022923;29.940078114704;0.923322989924162;4.48278960547282
22;2018;21.1401008781914;5.10611019924042;2.52758301398842;5.09601673201898;9.11026000010269;25.9630590532785;1.6917943618436;4.9286065151497
22;2019;16.6562331734184;5.36127143490413;2.99742875285185;0.99706248320551;8.15401775552015;21.4942384415398;0.69294451699474;1.84399822684414
22;2020;14.876597252293;3.57697190848736;3.26080435552802;0.102887882122789;10.6620334126918;0;0;0
22;2021;18.2754241625005;4.6775413379796;2.62143071085408;2.41093400471358;8.810609154345;0;0;3.55068470173841
22;2022;15.5129531089276;4.95745233217348;2.64845387997652;1.61377841371012;8.28868911408957;0;0;1.36155606407323
22;2023;16.4110887279661;3.0511105329908;3.58205757964225;0;13.2053641387785;0;0;1.80813974385086
22;2024;15.6677682711217;7.04235946113862;3.1621837544008;6.48403160188201;3.199584266836;0;0;0
22;2025;17.0498198603725;6.32904607295612;3.68243126596368;3.24180420320092;6.18390734404872;10.5129775839553;0.348616818622929;2.0699677716942
22;2026;20.1663184252459;3.25165856822799;2.4567085252398;1.16838048912402;12.3696957424577;20.1135918985947;1.75228533432374;5.43214683647429
23;2000;17.994023129757;4.53491439730672;3.15839433548588;2.43915901750735;7.90697692330074;28.5071483340721;1.11678867097176;2.65986557561671
23;2001;13.1544204809771;6.64218416517049;2.88681412157756;2.06589704399857;3.36777528843735;0;0;0
23;2002;17.8197268723824;6.31974723971322;3.00233727957499;2.51294198391494;5.53324205117848;0;0;1.92217283477302
23;2003;21.8989811199978;4.02467493568887;2.41178909029916;3.54088835793102;9.66275996159303;30.7206786314751;2.93435729090539;6.50333664801658
23;2004;14.5241096138936;5.69210808719956;2.48474435576763;1.67411021293274;5.24766023869142;0;0;0
23;2005;11.9590500266145;5.58193058334432;3.10349992897107;0.516043123972006;5.94051780943367;0;0;0
23;2006;15.4115864439154;3.54603992339145;2.28906582413238;0.0588656937129986;11.3002178790934;0;0;1.79601519163262
23;2007;20.6662141924353;4.01526933655559;2.7052655540513;0.636932988058583;9.37892460493369;21.0507146536955;0.889057951046521;4.34871266488552
23;2008;19.038338676192;5.201005358833;2.63313970106235;2.35204794366978;6.68894593757328;13.0821905663316;0.425317790264416;2.88645812117364
23;2009;13.5228085008789;5.16788362894489;3.63309006639065;2.45217750727833;6.79039791602841;0;0;0.616243545353253
23;2010;18.5399978434591;5.74694926480782;3.08608962652477;3.45921604603359;6.11313008220529;13.2803113805456;0.624078977320378;3.03977619897684
23;2011;16.3924723029974;5.82622131244341;2.62919391581617;2.0709625189767;5.77058170123693;2.30102914924461;0.0767009716414871;0.92067523691998
23;2012;14.5871771392971;5.9992374516989;3.56643857538223;1.96609472691517;5.1710672652494;0;0;0.196113434051781
23;2013;15.9760131035533;3.85101622711457;2.60312219200403;0.983775795053306;9.70682048850786;0;0;1.60626355326057
23;2014;17.6442339059577;3.81708117322672;2.66087367291436;1.35322873539414;10.3941472164363;31.5150562497754;1.34864078018858;2.71872716163274
23;2015;18.5335944573476;4.21287591845537;3.53306678944117;0.943243779834289;9.43406239249387;29.483863682653;1.27193980854709;3.44488240861658
23;2016;17.4189072156832;5.4505926208647;2.53645409905369;2.29308965562096;7.52008766509947;0;0;1.92069919848563
23;2017;16.6697729983963;5.04531765334118;3.85776979439265;1.80348212895088;7.54974831798367;5.90301436495861;0.196113434051781;1.52141564929853
23;2018;21.119742276246;4.68281339588443;2.57287584999375;1.62259164870976;9.56271563269658;11.014032491883;0.637916781482502;5.85457725807804
23;2019;18.7864066038075;4.77351493918041;3.61307377252601;1.76874196645723;8.69947678209865;19.579949760584;1.32719517893299;3.65724178417818
23;2020;15.7191011332109;5.59754821837202;3.45853068820469;3.20358328098872;7.32441854693643;0;0;2.5600297123414
23;2021;18.7723271301404;4.66837312950028;2.49934910118456;1.82046728476096;9.1000017115404;0;0;3.19263900703272
23;2022;17.8243887661334;4.90377993698108;3.15711324749388;1.5522134496268;7.43969969312081;0;0;1.62262930259863
23;2023;19.7969368561399;2.52839565337199;2.93500014548093;1.62843416303107;11.4644240923273;12.5263139923563;1.03868594773983;5.64758527322175
23;2024;15.8479210774489;5.09679591078767;2.77810578974183;0.578199425264733;8.13867020156811;0;0;0.427965543268597
23;2025;16.3808583032815;6.21315250338457;4.1362322834174;3.87699552774493;4.24677920615333;0;0;0.156049696287155
23;2026;16.6684898565558;6.37611339982097;3.42176568783671;2.77419544764483;6.81641806257049;0;0;1.13315442030982
24;2000;17.7321947596056;3.41927348532953;2.84050685557509;0.20679019424272;10.8367222974349;6.72317442821714;0.215486359878755;2.77458157115986
24;2001;15.1673533937279;5.44613491388384;2.81281858185185;2.66699876255629;6.86153569674242;0;0;0.503192878622689
24;2002;17.1958892222589;6.3257605657668;3.31827993612531;2.80917146040608;4.31074231218839;0;0;1.8673966957001
24;2003;20.1433550299605;4.53294047775939;2.6175468833705;1.07621438070478;10.1139209850257;16.3857800088658;0.931158421891286;4.85861478188985
24;2004;18.4114274418119;5.00418608551883;2.73269932171654;1.54536506301036;7.78032669883222;19.9275645864034;1.10678471731343;3.18528280637857
24;2005;18.1412068756001;4.41223528888235;2.60704470030072;0.620506479036197;9.10687628472501;6.04029376879485;0.196113434051781;2.84039201121401
24;2006;20.2743385324226;3.29590873381952;2.45740540744075;1.24368056494526;10.9572986073196;31.1932545197503;1.58836426372099;5.25266272898271
24;2007;18.9223874619396;5.43431792547611;3.01742239733182;5.58699862563306;6.78491026907127;0;0;3.18358153521751
24;2008;14.9132522861901;4.74423236557134;2.9231467012626;2.14580544235617;6.9494905599989;0;0;1.69149484227299
24;2009;15.1637242434564;4.99205160636625;3.79936450504819;2.13319395689314;7.22161761106614;0;0;0.503192878622689
24;2010;14.758946307266;5.26994209858815;3.59971468621474;1.28812327883218;6.82884202310922;0;0;0.196113434051781
24;2011;16.8764137751618;6.29864617154085;3.61674297284299;2.32494262060797;4.28323648867217;0;0;0.931158421891286
24;2012;15.6324590214439;5.87315945223861;2.82954392582868;2.66399004568101;4.75251639227821;7.20936178369895;0.231852109216816;0.855931086537194
24;2013;16.5985320117959;5.42916447732123;3.19801923429105;2.43952443138349;6.88172400041762;0;0;1.29185186960116
24;2014;19.5660512537889;4.44804632797564;3.13632145467242;2.21088625273633;8.96776296534644;17.0071243725065;1.00638575724538;3.05209244372027
24;2015;17.5338807980571;4.81317749187446;3.22724857899358;0.688694419864822;7.60677564614929;19.6128158433872;0.639330513855775;2.46542945116034
24;2016;15.2189780734559;6.50514745776346;2.97844811208536;4.08193537565745;3.56902146100512;0;0;0
24;2017;18.591274224715;4.60860268700433;3.54617265334974;0.510481302276862;8.91502236127537;17.367133118478;0.564103178501683;2.91276792025591
24;2018;17.4047753688797;6.5157533601817;2.92091673527091;1.90591251632382;4.51618620874974;0;0;1.05792708495573
24;2019;18.3108095757262;5.61257280464991;3.00367929840536;3.22946057381104;6.95954688679358;4.78860627553404;0.152503384571148;1.4780571962572
24;2020;16.8802101429307;5.94472152381865;2.80725949862135;3.08198774879379;4.63676303209652;0;0;1.84664597984832
24;2021;23.3129002223291;4.03716712678578;2.62658381670087;3.1815487386803;12.5964615613698;32.751662972592;3.39229875280051;6.63947428324967
24;2022;20.1342001714963;3.44154113944091;2.98702344296891;0.235098730208175;12.2103423251961;30.6406364191836;1.97124612122156;4.07225610121365
24;2023;20.0617975624242;2.37379700103891;2.77859325071157;0.0835219736114701;12.2849630906312;8.53997268381516;0.271340769405873;5.40673559610385
24;2024;14.5965404633824;6.64382484780127;3.91524583140072;2.10337892306455;5.40436322995059;0;0;0
24;2025;18.8534394260178;3.71192909430416;3.30190836754988;1.18922653777626;10.9284572003649;29.567277486911;1.48742616842584;3.14669270490134
24;2026;15.3586187184328;6.79251047034842;3.87927190500723;2.7091791623379;5.61060531407622;0;0;0.855931086537194
25;2000;20.0683945237553;4.38178048125093;3.351565289276;2.44288110442279;7.92346436316149;33.1116990347483;2.70523680017252;3.42803742796554
25;2001;14.9842738533107;4.57653324068195;3.22692561131944;0.604301785650103;7.52359067484327;0;0;0.682940563336408
25;2002;22.0424253212133;4.65821770451624;2.69926917224771;2.34874004953198;9.13468505089265;32.913565840392;2.49528556195862;4.79653036529407
25;2003;18.6909950724752;4.8950182193476;3.44947892152416;1.08756771281721;8.72276571236879;6.11873914241557;0.392226868103562;2.69293253621192
25;2004;15.0706342455273;5.21807917243598;3.62682976505685;1.38496993679281;6.41564022736103;0;0;0.682940563336408
25;2005;22.4368398802606;4.14434703877837;2.55518280107279;0.536781687886915;11.3842019686138;25.4631032224312;2.85062359974601;6.00650556507362
25;2006;20.1269274940139;5.11395196390704;2.90583874893243;4.25083959614493;7.99761804922048;22.1543669953395;0.860340014616555;4.22194400182108
25;2007;18.5120951137233;5.40840280761088;3.04862161093606;4.04083033671134;6.19294999392403;5.99126541028191;0.392226868103562;2.05414115758324
25;2008;17.4175977161205;5.0004526168597;2.88777395343583;1.5918494734446;7.9137575329172;13.8897720057029;0.427965543268597;2.05206848215462
25;2009;15.6896530536448;5.45224699581871;2.81907340625636;2.12635874913781;6.08315296550048;0;0;0.776582361891526
25;2010;17.5523556786343;3.27724986264888;2.00751229313895;0.0512977755109376;11.2375725907074;6.61543124827776;0.215486359878755;3.34433967915464
25;2011;16.1817501869858;5.90358225406448;3.41079348724646;2.47680246598741;4.60309480735757;0;0;0.974768471371919
25;2012;18.0310962929746;5.33234024053989;3.42487450129991;2.05963657151073;5.90901434099704;7.16144284567554;0.384355493787964;2.22093761606383
25;2013;21.2179665530774;5.04055631909275;3.57419921303372;2.96688888166239;8.2952876158071;33.2737543979457;2.37852085255251;3.28777840344088
25;2014;15.5474868596486;5.07617398835126;3.4203130749706;0.289402655283782;6.44065387689574;0;0;0.47157559274923
25;2015;14.4137351117379;6.35689434147627;3.43218500382529;1.94669133566902;4.56037749735139;0;0;0.196113434051781
25;2016;19.9768834218485;4.99938281853051;3.13549050180653;4.28129440377634;7.33031223631581;32.7460966609558;1.50321684018834;3.42803742796554
25;2017;21.9553400916359;4.50872369291086;3.63342900844189;1.02273781426021;9.75543542443635;29.9219653875184;3.12089807948051;5.62447434315358
25;2018;16.8204049846903;5.48100372716449;3.76440475192078;0.740271176461527;5.67458482308663;10.6567853163526;0.348616818622929;1.77660632345717
25;2019;20.5337859787187;4.24959821589028;2.884962234861;1.96544023386488;10.3628263693607;28.6976847137192;1.26929205554291;5.10921681622677
25;2020;17.9364251740209;5.83772252164671;2.6544947618306;2.97676327171217;6.56996315053511;0;0;1.62215007128566
25;2021;18.3915378019371;6.14612430233334;2.53550316720552;3.17579693600037;5.72976574146498;0;0;2.92501228030239
25;2022;20.2414500854914;4.66024776258881;2.75236937095756;2.54848716943737;9.270594708944;29.1266572417842;1.07317862149113;4.93771191009621
25;2023;22.1874047741708;4.82906400989955;2.96895197246474;4.32054618677356;9.48988103082655;23.1086173777261;1.78392658176285;6.33092120239136
25;2024;18.2129837455008;6.21981484555915;2.72392665022447;3.98394403947497;5.64281212934453;0;0;1.99115818227563
25;2025;20.4488396611835;3.2806222818599;2.54142141718969;0.135587203839327;13.5181103909329;33.011330226317;1.41162375549618;5.49689098685708
25;2026;21.8264610992539;5.08723961052187;2.45141889076588;1.98682069389271;10.2849910169802;33.4097769178238;3.43740640013419;4.85756047300131
26;2000;15.4700331525376;4.89121312272258;3.18180683897314;2.80900253136826;7.34551294010122;0;0;1.22187211712413
26;2001;19.6720027932339;4.4783295023354;2.50952848773425;2.92967520097763;8.93603853704372;17.6025357326848;0.760216612553464;4.4274264080415
26;2002;16.572580095812;4.05272263289683;3.48241601899125;0.445633261391585;9.00183117707768;0;0;1.81021241927948
26;2003;20.2892130166071;4.30786538392419;2.97694709115151;0.349765604541744;9.41345527488195;28.9388123449986;1.5116632920795;4.99705272742521
26;2004;16.1318481726739;5.60389820442296;3.9976274626927;1.7209302564401;5.36027377800294;5.92262570836378;0.196113434051781;1.11090610660501
26;2005;19.5539272150328;5.36868788178048;2.49045011801071;3.47988358102176;7.34161918568331;13.1887224891274;0.816071022080583;3.14753135969904
26;2006;19.5838569220684;3.52479457236307;2.84341442041252;0.729522360419601;9.75216176110661;6.48613943235051;0.215486359878755;4.02102627385673
26;2007;15.7214100012152;6.40602547799045;4.65680927791822;2.55285510612406;3.58528742753766;0;0;0.875304012364168
26;2008;19.0612040002122;4.33218497529962;3.48431938028545;1.42248399281838;8.28313687702069;10.6970916649694;0.54473025267471;2.60316053050906
26;2009;17.7501549799835;5.09630324388253;3.18506390036096;1.62026857492011;6.24872310528198;0;0;2.20614134927576
26;2010;23.4002058983105;3.81331646895522;2.34216568053414;0.0932068961385937;11.2473718441334;32.3733175985719;3.51990607066266;6.84411803467239
26;2011;17.8820219796019;4.84862041285778;3.61017339615828;3.40416845665267;7.51927707956438;27.0771202990403;1.40807744378018;2.78458552481819
26;2012;18.9723622167187;5.3372287422403;3.24162740107724;3.54463440641212;6.18938468410955;13.6951867205003;1.20454790516012;3.1358500964453
26;2013;13.3248943551686;6.64498356065442;3.36166235073228;2.84725426130772;2.77421273420291;0;0;0
26;2014;16.1665268908671;5.59044638685263;2.64752879238844;2.46930078439897;6.46828669670991;0;0;1.20662058058874
26;2015;16.1532489315709;5.9914974095836;3.00184315786051;3.69784140524313;5.56853281621993;0;0;1.51838451124396
26;2016;17.5652141393776;6.0290960157051;3.56446859237783;2.16945995765649;5.00386089284217;0;0;1.00843447110834
26;2017;18.0643813038172;6.37465097412322;3.69910609667807;6.1458912333189;4.00970751486045;6.11873914241557;0.196113434051781;1.40420765092791
26;2018;19.1906435220763;3.21854847681462;3.29422183959786;0.265714080329437;10.8728421326478;6.03048809709226;0.392226868103562;4.06328249487821
26;2019;24.0647530503929;2.00213183767523;3.25228738817223;0.00107467621934417;14.2128726665286;33.4090423161249;5.10745564115159;6.43747828483113
26;2020;20.8719380970067;3.27753723028263;3.09129099781094;0.529706693321056;10.4265685839913;21.2525241512614;1.12391723675225;4.9608348209472
26;2021;18.2869950313982;6.16245530740121;2.91511196041549;5.83782059291183;5.28281853050564;12.9795931326153;0.425317790264416;2.71460577234116
26;2022;20.2499381278144;3.9763824539724;2.94967694674884;1.03201487670919;10.0824967609098;26.1770568008914;1.19259108390142;5.27791821917644
26;2023;19.2260621391859;5.92325059176509;3.53126881624731;1.08473271729289;5.98477807311358;13.4779853115603;0.427965543268597;2.33153222231541
26;2024;21.6470719822547;3.63949636212087;2.78707530264313;5.22005103813483;10.4510217040439;31.1463700224839;2.04011166089592;5.65846382402626
26;2025;21.7652606932766;4.45568839010798;3.89450923575727;1.08675010996647;9.03794707574764;22.5203577461751;2.34294990834701;4.8378281236896
26;2026;27.2498349219281;2.79873671202819;2.18852948442127;1.34828871632758;13.4055760659902;34.9191685679028;6.36077731318964;6.92346675931805
27;2000;16.5661202288672;6.52658484362511;3.41417121223272;3.34299748917023;3.23154540117651;0;0;0.776007284315957
27;2001;20.5811516613067;3.62175162467973;3.54556069207848;1.56257716907794;10.0651699816352;22.4419369331592;1.13027903243198;4.33234691554746
27;2002;16.5397676412748;6.52249528898504;3.7792364475952;2.21028652897895;3.06846486806591;0;0;0.776582361891526
27;2003;17.0783159811662;6.35644146788551;3.95017551846838;2.77672373512885;3.50380116008209;14.1472869517294;0.427965543268597;0.503192878622689
27;2004;16.5186699961833;5.49576359519331;3.7090052698329;2.01657575534557;6.3665241524024;0;0;0.914792672553225
27;2005;16.8338597461101;5.29641500747087;2.97727590658869;3.88759167438286;6.1202998961095;12.1233313764721;0.400757185474499;1.92069919848563
27;2006;22.2975951145791;3.92822740895033;2.74290492906521;2.24738844607535;9.65601204239828;31.8311905703252;1.855739394012;5.84556770939413
27;2007;15.8956701450873;5.9775943957321;4.31390883308887;3.69437416669377;4.43688369569496;0;0;0.275462158697449
27;2008;19.967447186142;4.35579193830239;2.83087841388128;3.26247413434565;9.24560450751281;29.7884966513712;1.26929205554291;4.24125702373393
27;2009;21.7345885200139;3.43114130648725;2.1554821723099;4.92652048970594;9.32219542710635;21.3117439626839;1.30065774497706;6.77006481603508
27;2010;23.1456289825406;3.18983430577354;2.54687806472703;0.263263325625696;11.636620974243;33.6334238481476;3.96435717109756;5.67221776270862
27;2011;19.0914169671846;4.87933469001436;2.80415716048601;1.89709123708429;7.5054500581068;5.90301436495861;0.196113434051781;4.53746989828315
27;2012;19.614078960205;5.26963675978017;2.6108547603929;2.48372752961393;6.23436636206953;5.90301436495861;0.196113434051781;3.69295649777757
27;2013;18.9449311875181;4.74330265682417;2.57622447879316;1.14071600581239;8.33470473360729;0;0;2.3828459151521
27;2014;18.7541452652802;4.53444348408011;3.00973575527711;1.80868059061836;8.59393087772927;10.9738046173937;0.697233637245858;3.34868870331987
27;2015;24.9184206247465;3.13800595273752;2.78197439877864;1.48759424169347;12.5816919946121;34.1423586367467;4.83553979417015;6.92346675931805
27;2016;19.0409650349411;5.24260588872591;3.33140762217403;0.373240236945653;8.2775129264089;22.4637832916003;0.718679238501444;2.84597505601016
27;2017;20.8239504406361;4.8963315698762;2.67117765960542;2.00839253836846;9.30905285065612;22.4446718463584;1.96066708998766;4.99270370325997
27;2018;20.2049328305969;3.52116085798379;2.96769912488939;0.848601585913338;11.7230448646086;25.9207249571687;1.04008769933027;5.7705680089137
27;2019;18.9388812344999;4.30326647486004;3.5312450258357;0.822317631091158;9.04778877537573;15.9893023590161;0.851809697245618;3.71715767908275
27;2020;18.7434026107837;5.52163592454845;4.44078252768274;1.93006166680074;5.85402579976004;0;0;1.89768411468005
27;2021;18.4764259270986;6.49262749692351;2.68217627496924;5.44616828892171;4.25856891260704;0;0;1.54186684557969
27;2022;17.8227095738436;5.38593456096421;3.55214618608894;0.612253260056584;6.9886264717108;0;0;1.77720536259839
27;2023;20.3552541723076;3.94807853916603;3.46979387918921;1.48547124697699;10.0675432035586;33.4778469335186;2.19468772089568;3.85188158194256
27;2024;16.1979951015714;6.74420070207387;3.73904365968415;2.34023677449942;4.43522196111723;4.65135322942001;0.152503384571148;0.905423700384583
27;2025;22.6503999014153;3.95562965004133;3.15766751273814;0.907192748545619;11.1410962073976;34.9131376272459;3.14669270490134;5.30041812932057
27;2026;20.4975882684175;4.95225367082628;3.17561131944361;2.23845557440152;9.6712633427411;6.07951645560521;0.196113434051781;4.52375190194927
28;2000;13.683884649023;6.73094584857318;3.94523977825283;4.05608324247906;2.55972899469251;0;0;0
28;2001;17.6236825845629;6.15513693178998;3.99534289856213;3.33200340938848;4.87044529146677;0;0;1.19025483125067
28;2002;19.1932378750199;5.25885439754634;2.57237916096866;3.9458662020405;6.65100955210699;24.5577581559179;1.20838175566392;3.0916649693891
28;2003;19.0230936435101;4.36972781372963;2.57905588008263;0.303059720779299;9.14100799460522;6.13835048582074;0.196113434051781;3.37436352091246
28;2004;16.1529401696821;5.57357261809201;3.58722626050672;3.5550178085779;5.61156573427651;0;0;1.21979944169552
28;2005;21.4967249674379;3.40156845562575;2.65714354175902;0.61069678521366;11.0762498095911;19.3941638611667;1.36728287826327;6.06329447566104
28;2006;21.6577335097361;2.46988133890383;3.05449736337201;0.744076444240581;12.3848799097676;15.7079480513257;1.47176728527442;5.83466519702397
28;2007;18.2556902728024;5.25085790962724;3.36388974941337;1.7865181962418;6.29940986086888;30.7721752309296;1.55593228461548;2.64349982627865
28;2008;17.316568909184;6.09235574709594;3.89454429380987;3.78598915910308;4.31907682933717;13.1880347921933;0.427965543268597;1.12727185594307
28;2009;16.0893155378772;6.17792643457038;3.84162277991815;3.52200715766197;3.71911927553918;0;0;0.400757185474499
28;2010;22.4400250569515;3.50871961373956;3.10336420381708;4.18861226592546;10.1765984503713;33.1591389411384;3.19618531874873;5.70795643787365
28;2011;17.8098057572796;5.54223516907452;3.96268876151225;3.95847067018788;5.40369795419576;6.23640720284663;0.196113434051781;2.51053709849402
28;2012;16.570997776709;6.12890825972283;4.0132166861497;3.88276855352586;4.59940575317191;0;0;0.348616818622929
28;2013;18.415270876942;3.20877284264611;2.77478216369515;0.00292348216318169;10.3413489334536;0;0;3.4744629614099
28;2014;17.7017385827419;6.69274519099935;3.04147319128689;9.14180933782213;3.55775935399619;0;0;1.43064923862125
28;2015;19.0269930460113;4.24330299913225;3.77545890677068;1.47834935620408;8.81948400479916;23.3507565864354;1.33863682653025;3.34133250266572
28;2016;17.7769837181161;6.06014541247268;3.45824352025066;2.29849795214191;4.92497787834029;7.11662094001222;0.231852109216816;1.39449123605736
28;2017;17.3978766629754;6.20904549103238;3.12640838380951;3.76061916685636;4.63334850899158;0;0;1.32639246648376
28;2018;18.709565628161;4.45294239468464;2.7497556776074;2.16784203851308;7.83099907747972;6.02068242538968;0.392226868103562;3.70874716954006
28;2019;16.0895320477383;6.37060840126722;2.9770518374242;2.90863437902747;4.35172976830878;0;0;0.702313489163382
28;2020;16.6160319989594;5.10239598541083;3.44278457354404;1.34152077211011;6.41127152048115;13.125485521224;0.427965543268597;1.01050714653695
28;2021;19.6175648545447;5.69519482179156;2.93930247311883;4.87807550973952;5.81741458129731;0;0;3.90608264343992
28;2022;19.3344805218144;4.97598657467707;2.81265684128372;0.117592239191194;8.95649794871882;29.1637575329172;1.35128853319276;4.4121748715061
28;2023;22.0527936618236;5.20878191381025;3.73733468659128;2.22042158663218;9.13768589468207;32.1673246113234;2.21252710652114;5.55562078426204
28;2024;20.0621609224518;5.87211044912532;2.87166493515829;2.56747217463189;7.80422955864508;29.1362059256952;0.92067523691998;3.85824337762229
28;2025;18.0518762761673;6.50696733867448;3.15943820397796;1.01831527943464;5.88491728981;6.11873914241557;0.196113434051781;2.1202990403393
28;2026;21.6024572585573;4.03593772731396;3.16769290629259;0.131892672724379;10.1743593973837;20.0969523284651;1.78972528064984;5.19971964968191
29;2000;15.7826595284022;5.5114664649331;2.93896013651246;0.613246638106762;5.25263140779333;0;0;0.271340769405873
29;2001;16.7964658402209;5.58928336091766;3.2355327768545;1.53667026660665;5.56728989557892;0;0;0.92067523691998
29;2002;17.422584289086;5.75804535239761;3.40470827649593;8.01197085589001;4.37731490118421;0;0;1.4946865228174
29;2003;22.9214640858919;2.30247368934515;3.13349638608244;1.87185508729712;11.889102451097;33.0756376771658;3.40665173062408;6.4734805372183
29;2004;17.5972226833873;6.16782286926056;3.29424631462563;2.63547116139997;4.13479150870575;10.7973157056082;0.697233637245858;2.50324080175399
29;2005;17.3458970097678;6.16324347175702;4.03981128555511;2.81877337322363;4.15575496902968;13.0486647417542;0.423844153977021;0.923322989924162
29;2006;24.5412903987718;2.3584453393899;2.40539973881893;0.905070096137224;12.7234736054797;33.1239390332193;5.74249703475625;7.00016773095954
29;2007;21.1180760916633;4.09554999495096;2.89685281950608;3.67956728835519;8.83210250757785;33.9818307434874;1.15872141085699;4.31129668012508
29;2008;16.711652851683;5.80837953066139;3.37249349186762;2.58249898591231;4.14621484282069;0;0;0.891298357434675
29;2009;19.2551357337117;5.34282205627887;3.16929342477523;4.46230588992399;6.16726507824307;5.92262570836378;0.196113434051781;3.78460948638384
29;2010;20.0737047490112;4.43629321425576;2.83464842392802;2.31429495660389;7.9618571240302;32.7479728515461;1.41162375549618;3.44476260078834
29;2011;15.3967783674985;6.45199385899303;3.90882436001225;4.53884734599987;3.27577040712412;0;0;0
29;2012;16.0810929554709;5.96493139290293;3.81848805943838;2.50236038537044;4.55800359081177;0;0;0.427965543268597
29;2013;21.1891765607965;3.02759262714035;2.58469044224492;0;12.4661385423495;19.7728764062444;1.22767081601112;6.06594222866522
29;2014;21.9776726131285;4.24699390748668;2.49471074111411;1.1249270455903;9.62049689440994;32.2036118066621;2.47395976853128;5.61860375956965
29;2015;21.0070708868689;5.60548052352598;3.11086006616815;2.00686259240179;5.53727974614433;32.5516253928698;1.92706099416536;3.71923035451136
29;2016;22.2542919442928;4.55639885052946;2.22864673634918;2.28842468109723;8.66859391821233;29.5477374291636;2.00702073873507;6.25981525632885
29;2017;20.9021045100801;5.16633502718782;3.10310507659999;3.30128125914604;8.67833463695661;29.8462218601363;1.11943642397594;4.50735021026274
29;2018;21.341321035345;4.21181493455925;2.43927831187347;1.80640646688426;9.84285765631926;25.74137832916;1.58481795200498;6.10907304683288
29;2019;19.0152005326314;5.69252695818764;2.89507957807106;0.837279403836247;7.14642279497971;15.8371841566128;0.69930631267447;4.39554554494591
29;2020;18.1750686755587;5.92049860595034;2.09872575816961;1.29474249018859;7.09860885996005;0;0;2.98387386631843
29;2021;19.0779894192572;3.481734098506;2.27813986365869;0.62934453137168;8.77977678090058;0;0;3.96069105155331
29;2022;23.2383453511995;3.89133412862911;2.6915347211644;1.15838731817023;10.7417983839636;34.3096905962836;4.27465944624822;6.00650556507362
29;2023;19.0859150494036;5.86417352281227;3.22647633196353;0.846679697194272;7.16201201843671;6.01087675368709;0.392226868103562;3.05698060311261
29;2024;21.5515288334654;5.14537824187147;2.56655804090239;2.65672216051168;9.41788782221887;29.1639613060651;1.77041225873699;5.77670216971977
29;2025;20.0649882160443;5.75117950806906;2.98550804509567;3.5006295045604;6.82989434661089;25.1296560317251;1.14399702876586;4.75619106952448
29;2026;21.6644802308526;4.5523810094323;3.18374704117453;4.1669160951548;9.48930869770602;22.9427454363201;2.04095031569363;5.50331268645093
30;2000;16.9875622358879;6.52738960992283;2.87445063831899;6.10326168254691;2.95877292822313;0;0;0.676219344171948
30;2001;22.1895489919883;3.19923066258864;1.97828705613339;0.0871815893021879;10.7830393192177;22.4039114688611;2.41380425797022;7.00016773095954
30;2002;17.9538044975859;5.38502385031552;2.98814860963015;0.758209660276345;5.03426058887259;5.88340302155343;0.196113434051781;1.88760827632478
30;2003;21.344044267281;5.36070611310886;2.66658320054632;3.23764961002552;6.5796903481102;13.2869044053338;0.929085746462674;6.27618100566691
30;2004;20.0901651465335;4.98871290450118;2.56522440862;3.43683354756114;6.82659742344708;13.1829130075359;0.624078977320378;3.84452538128841
30;2005;20.4644004730698;5.35152301422804;3.05526846366999;2.68980846151345;6.02464361449949;29.4827277047616;1.85448141181545;3.38229479914218
30;2006;24.1080887399468;4.30350095589532;2.25516537188635;2.49716928332669;8.64361073409679;32.7774303616998;4.33144835683564;6.76831562174273
30;2007;17.9664868408216;5.62359221522963;4.31786659911787;4.00023020218427;5.6916153347174;0;0;1.82286412594199
30;2008;18.7446922564778;4.78790848051155;3.02985012040687;2.21442383559627;7.09329692316382;21.7636692744837;1.60649118813423;3.68889501240011
30;2009;18.8435462090236;5.25348152991174;3.54736534027991;3.19729679308675;6.59599413968566;2.41220122922832;0.0793487246456683;2.4707249571687
30;2010;17.7533069527906;5.53238217327977;2.75008617605932;4.62891801550313;4.8550602547799;0;0;1.84489678555597
30;2011;16.3329161738857;6.47031333170166;2.62496572640342;1.323971321429;3.65682570870609;0;0;0.501120203194077
30;2012;21.3042146682436;3.12241758505072;2.71382051760405;1.85726591689787;10.6070113252628;31.889401499994;2.40451915128134;4.91371440209903
30;2013;23.5815081751727;4.55184418478475;2.28521793899728;1.47360838928644;8.9597726389728;32.6843902580261;3.77665424658847;6.78468137108079
30;2014;20.8958192202564;5.00800239273348;2.78337683498526;4.27160486009013;7.42654890127664;5.90301436495861;0.196113434051781;5.4186684557969
30;2015;20.5515724777457;5.27570827820747;3.58718381430471;1.7576766865947;7.25433079625994;16.4737542981058;1.4302299112224;4.13232774629494
30;2016;20.3171337175171;6.00248943551686;2.71848189789292;2.02627231634744;5.16045845321248;0;0;3.89158589622246
30;2017;17.9837901719927;6.53430919662005;3.90977084185538;6.84555624207343;3.88021579101407;7.16484958127164;0.231852109216816;1.71870320006709
30;2018;24.8369275111293;3.13619120644772;2.45151668152854;1.38011138704946;10.9161646433407;32.8900685586034;5.59339619250722;7.00016773095954
30;2019;25.0622079898129;4.13858210002584;2.68731902599659;0.538056956641547;10.5236555422246;35.4689434946346;4.75800016773096;6.43251824074185
30;2020;19.2399817549793;4.70457614557678;2.85588059609529;0.998014955440046;8.5487973861355;4.60560221404867;0.152503384571148;3.92611451232224
30;2021;18.9995466129471;5.42008937663987;3.72649515890797;2.92236384268205;6.89902373735386;0;0;2.77144260605988
30;2022;20.7508416499934;5.94763131365861;3.26638534647568;1.18158262718029;6.94854048392093;26.1036688152204;1.52538128841339;5.28194376220542
30;2023;17.674259972718;6.88317504437168;3.75348361799103;7.77733013389381;3.69585208183217;0;0;1.02924509087424
30;2024;19.5936506985652;5.91837458430962;2.69230474319192;4.02847352846035;5.90089273947445;2.42013610169288;0.0793487246456683;2.30288617058239
30;2025;18.8544567656336;6.71334881706885;2.92281705858089;4.32573232535014;4.40777063304745;0;0;2.56700252794518
30;2026;18.1328614045927;4.78921832238233;3.18580157427486;0.775764759040784;10.9851471073256;15.9260815651695;0.69930631267447;2.41800951274156
31;2000;18.089802128814;4.49782634368758;2.42194417297512;2.61790733377947;7.07796751154006;0;0;1.39489858267339
31;2001;20.5374965983134;4.40708988496737;3.19469063051437;1.94129056992584;7.44184938786757;22.662843199508;1.41798555117591;3.98189703715241
31;2002;20.9742000688039;4.58007578700907;2.23041201912133;4.50470297072068;7.66383053011541;29.3276837951925;2.19939616854565;3.9248685109085
31;2003;21.5495680927792;3.38948994384436;2.0188423483019;0.255487626418653;9.53883382483068;29.7826885675377;2.32263050067691;5.51764170270885
31;2004;18.8671995262456;3.16831082942959;2.1667574353594;0.622026669222567;9.87192303545114;6.07951645560521;0.392226868103562;3.8355158326045
31;2005;15.7902122138946;5.31346605758649;3.05423460768927;2.76924379010353;5.53535306511213;0;0;0.588340302155343
31;2006;17.9624169688962;6.01068754289548;3.25903393813466;4.06476640040803;4.21811905132739;0;0;1.60773718954797
31;2007;16.5785158890853;3.77336911593804;3.11722340223425;0.93098316015397;9.04764808675456;6.25601854625181;0.196113434051781;1.75611918482754
31;2008;22.4492596731985;4.76357054712812;3.02740330224605;4.33296974510029;7.61741235629479;29.031380465733;2.62381540009824;5.92980459343213
31;2009;19.1365968415233;4.45612911176188;3.08721804511278;0.988851881581943;8.54956621008474;5.94223705176896;0.196113434051781;3.40082907017144
31;2010;17.4742871862105;5.80482175162468;2.67086684386815;4.49334707129764;4.28669568298164;0;0;0.812356979405034
31;2011;19.6036847753346;5.08662225789833;2.79302615747199;3.044184271286;6.04532552642704;0;0;4.02285933362886
31;2012;19.487409908792;5.03365008241067;2.78383758166187;1.43894439034075;7.5173500562241;10.9618184432171;0.348616818622929;3.51110019528676
31;2013;22.5208472467305;4.7266200157804;3.15797124269814;1.14778843306765;8.38393667985123;33.3283730895643;2.54742592881019;5.25831765847581
31;2014;20.6574368997842;5.56559033595827;2.49148320379825;3.29236481826008;6.81203846173595;0;0;5.2846394383409
31;2015;16.6447085161116;5.21458677424269;3.93367489974652;1.0069156501543;6.74265055993044;6.0010710819845;0.196113434051781;1.61479387063151
31;2016;17.7747787406143;5.86483417740801;3.24398436336687;3.02724481360469;4.86022893564437;0;0;1.74351540129632
31;2017;20.0429736987586;5.63458526808713;3.13369338438288;1.96114666360871;5.95413704988627;13.5547533755856;0.624078977320378;4.04763559250961
31;2018;25.5221499001316;3.35449424836847;2.61949632789006;0.33115020649735;11.1442630021446;33.4855728782462;5.77375489714498;6.92346675931805
31;2019;19.964685786855;4.8751810096605;2.57299280525466;2.23131759514881;6.71216956573085;21.4649693890999;0.691470880707345;5.1382103106617
31;2020;21.3027793704612;4.17485866955118;2.93427941581703;0.68292139408389;9.10034881193423;23.8846567106361;1.90893406975212;4.99557909113781
31;2021;17.0428167505036;6.08725535669358;3.05784133678152;3.48949679000597;4.47246388221864;0;0;0.0767009716414871
31;2022;21.7941141837065;4.25772358280176;2.70918754888587;0.833411493678425;10.1815444598293;34.1366858558872;2.58051685097104;5.05738794972864
31;2023;17.1381449298183;7.02250059476029;4.4518189395638;7.69143990182604;2.91325245734413;0;0;0.0793487246456683
31;2024;20.8191581275063;4.39763293962199;2.1966645500617;2.97913187247655;8.48177842740245;23.1065948219057;1.14252339247846;4.70204991194125
31;2025;16.8563468197012;6.91823381011144;3.28158998680402;6.4953257831581;3.3854589581169;0;0;0.196113434051781
31;2026;22.424874843608;3.73292096619879;2.89999366730051;1.13995265879244;10.4477988127044;34.6504102819078;3.18618136509039;5.91756023338565
32;2000;18.7906883644349;3.98488110784587;2.16274130580264;0.964654123357563;7.41319255343001;8.2359968610349;0.467454203457654;3.6756562473792
32;2001;17.0046666860641;5.89108458603828;3.86965627134077;2.62245643701788;4.64930057901412;0;0;0.271340769405873
32;2002;17.9367556724728;6.10424479135467;2.03789213530069;4.51596918542658;3.84292491985712;0;0;0.544155175099141
32;2003;26.0166914554768;1.50926319897171;2.16398028990071;0.0107467621934417;12.4295983528135;34.5577964658973;6.41201912132939;7.00016773095954
32;2004;22.7635082470574;2.81482211104816;2.40592124517987;0.412685595162502;10.6641623977996;26.1336308960427;2.88080319168054;6.84676578767657
32;2005;15.0705846108556;5.94872224951178;3.28402277033353;3.87268980555189;3.98195180644532;0;0;0.196113434051781
32;2006;15.8058423431673;6.02921548122526;2.81423265653321;2.4343030350746;4.42678013038515;0;0;0.552685492470078
32;2007;18.0435455244074;5.61691635188586;2.83275494677965;6.25227592085153;4.68919555889496;13.1222842560533;0.411599793930535;1.78338744653576
32;2008;19.1868743677998;5.19378368525457;3.73515401296321;1.83829845499248;6.65446703487606;24.4742880419807;0.980651035738675;2.82288808750764
32;2009;20.1821152585538;3.94553382089414;2.19398462009793;0.246619279818029;8.90555548899565;18.8673206177292;0.812356979405034;4.63005738794973
32;2010;18.2442739560031;5.81643883211329;2.40827700939122;3.981971660314;4.4937689660071;0;0;1.48685109085028
32;2011;16.9367080916496;6.28691304861288;4.08867713330675;4.00526213097049;4.05273786560642;0;0;0.820192411372159
32;2012;17.0392379195199;4.28366659877556;3.08026439876153;0.555468286012094;7.33468915858962;0;0;0.54473025267471
32;2013;19.6560736578528;5.44855240765241;2.8501565203699;1.801378645795;6.29805141125064;29.0858081637054;1.50379191776391;2.77458157115986
32;2014;19.6141374948868;5.33949516404259;2.71890208106198;1.9924522779747;6.33691467457627;4.57510153713444;0.152503384571148;3.38427162830819
32;2015;23.1225596429042;3.95431522124227;2.91337500363702;1.51204616366776;9.93828887036622;33.1461708277066;4.7163429858507;5.9189619849761
32;2016;16.5167126785778;5.41509938059353;3.21688366146415;0.938666265025185;5.62888429815718;0;0;1.50957863586807
32;2017;16.8512094600261;6.12518908242607;2.8283795648922;4.97270161518068;4.53056023852027;0;0;0.851809697245618
32;2018;22.2924204433232;4.47261004776909;3.47018161155221;1.00824294973719;9.63311710872903;33.4038489263222;3.55333245474259;5.31564570429032
32;2019;20.4835827332958;6.02819403391246;3.45089423707231;4.01793317803957;5.9396190795678;13.1694945307726;0.624078977320378;5.02556699054716
32;2020;22.1884816753927;2.56527438559978;2.34271799462234;0.682483410894639;10.628497490026;31.1526881881462;3.74568392298753;4.99599841853667
32;2021;19.5962044880012;4.61623242034063;2.47648292139408;1.54406600384412;8.45863001459944;6.03539093294356;0.784453736207124;4.409862580421
32;2022;22.5843508726289;1.57326539658958;2.84532783700658;0.00107467621934417;12.8491794019536;29.0711731496965;4.10277115506727;6.92346675931805
32;2023;17.9596850081041;5.42710686344817;3.19682714640003;2.62355558826499;6.96294343872429;10.6023122910851;0.348616818622929;2.61328429199564
32;2024;20.9219474249019;4.6978064898189;2.44913125061687;0.415173319138958;9.15840922588739;13.0370881106705;0.820192411372159;4.61269723363725
32;2025;19.3876298417339;4.62000730827752;2.95280632722256;0.467118399230491;9.64227227527047;15.9742383217319;0.931158421891286;4.07854601219644
32;2026;23.1271707039052;3.73151031459824;2.64615562352273;0.668050846442307;11.3354365245289;32.9964867352766;4.11007943259013;6.14529095331089
33;2000;20.9483390356154;4.69060244510662;2.45169142980374;2.74280802164756;6.8227788912299;22.3330124480334;0.939688739262223;3.99344651179508
33;2001;22.0760086535483;3.65000111250126;2.79770174354621;0.679058105085158;8.42694991519317;32.7974624701978;2.14402099033151;6.14264320030671
33;2002;20.0355584499605;3.6616212737626;2.69571464513777;0.205934252886941;7.79023326584159;12.5714677657038;0.62708615380929;3.94709286304767
33;2003;22.8444606850612;3.44263960607186;2.88289520751572;0.435045330147586;9.95619551952953;34.0660816849773;3.61472198593456;5.78459750560102
33;2004;20.837736556278;4.62484968396407;3.45738418433975;4.03644263173299;7.17519030903003;31.3480333544994;1.89985263637126;4.70240933542598
33;2005;17.860927244129;4.94004337043382;2.68855749663254;2.25017278000373;5.91292264350838;0;0;2.34544191117448
33;2006;17.219182089072;5.83983849904753;3.4099079362417;4.75473471979516;4.73495324927388;0;0;1.28920411659698
33;2007;18.2038874217184;4.84435302916978;3.36029756841455;1.61774987206235;6.50809815341906;6.0010710819845;0.196113434051781;1.91481663411887
33;2008;17.0478509042924;5.26758017283135;3.14651419123726;2.75619432145125;6.20443288964501;0;0;0.69930631267447
33;2009;19.2280889453317;4.92064083495787;2.60084687019164;1.71433894319226;6.60439472229401;13.5906094624223;0.423844153977021;2.86120263097991
33;2010;18.1867319676382;4.98811386535996;3.22727322517539;2.79523644074904;5.91172627676635;15.3877897851846;0.69930631267447;2.84666994141397
33;2011;19.2296449067125;4.39346876182033;2.46965319056804;2.1476872810298;7.46205360886852;13.1761654306492;0.427965543268597;3.98478440581308
33;2012;21.8044106396198;3.69383520262071;2.7350042531779;1.82776529304139;10.5200909170262;33.0175943786167;2.60421483939761;5.97287550768567
33;2013;17.9124853449353;4.50968868791601;2.80823045549225;1.31441288173769;7.58084358403407;12.5264332011454;0.411599793930535;2.81876669821606
33;2014;16.0788311548277;5.86231941109318;3.90676315190435;2.27035475097943;4.74696980329266;0;0;0
33;2015;21.7777978978861;5.46751684583642;2.88294706718994;3.86384867244369;5.89645283251379;25.4719093174548;2.30700755987396;4.85043190722082
33;2016;18.0932522519593;4.18128293645564;2.6909081946843;0.850109795316883;8.77433562280388;0;0;3.133142439527
33;2017;18.66768474795;5.30090454910324;3.09615553794571;2.27735392430541;6.34557866325271;7.07818539063342;0.231852109216816;2.99847844058131
33;2018;20.3577167366401;4.62598820064046;2.88563829332037;1.11839033048134;7.8508763942636;15.5147756997776;1.27565385122264;5.01207662908694
33;2019;17.5547612486714;5.75900638233416;3.45357070116676;2.50665087485388;5.17432261509681;13.2004468831993;0.427965543268597;1.11943642397594
33;2020;24.0288736866067;4.70527496752352;2.61061736973894;3.04558105940928;8.02284786630816;32.5489332111293;4.75130291013215;6.649478236908
33;2021;17.0419866534079;6.49475412866334;3.42315902435351;3.44713662143065;2.92994014743209;0;0;0.914792672553225
33;2022;21.3801976486858;5.7218283016898;2.50489721629364;1.6697989282334;6.45081477880908;28.4365294068314;1.60689853475026;5.80423400865013
33;2023;22.4490755114511;4.88045455090036;2.3552358588253;3.37507774672283;7.78786483623126;24.6866757007474;2.52594438520613;6.08320653671511
33;2024;22.2204169654731;5.05830413730662;2.45038381293548;5.02099118727846;7.29619387645074;32.745980048003;2.34278217738747;4.92978063186649
33;2025;22.518902081062;2.87563365504588;2.47909404743363;0.194735644026981;10.996298520031;33.3320241532582;3.62267722572993;5.46814908886147
33;2026;22.910405652191;2.48117916576098;2.74858287877673;0.166176367392417;12.1361527335868;33.7254457735507;4.26836953526543;6.48872009297087
34;2000;17.2371700364045;3.86598570179147;2.6181080974688;2.38499252912614;8.37663678887636;5.88340302155343;0.196113434051781;1.80237698731235
34;2001;21.982981126844;3.12013798438733;1.8684304661038;0.48981000189981;8.51928170072347;29.9780218529479;2.6522338169576;5.4075982124672
34;2002;19.9076848164116;5.23488684150622;2.11909788128413;3.51586580838621;5.98764113790052;21.3669599961661;1.09222806618184;3.9959145530569
34;2003;19.8428843563496;4.42146357242982;3.01394477543734;0.731199841169051;6.62258891024511;5.96184839517414;0.196113434051781;4.65479770448201
34;2004;18.6830014941748;5.24055460755234;3.70606467226569;2.74166762227673;5.71014738074414;5.90301436495861;0.196113434051781;2.70401476032444
34;2005;16.3413627969309;5.79207385639149;2.84409099233401;1.99894329495489;5.35275087331349;0;0;0.468927839745049
34;2006;15.9415431932894;6.1741969880312;3.05492538539611;4.22749007734451;3.49442208982506;0;0;0
34;2007;18.058751362814;4.78746861462785;2.51790664916331;3.78912281842781;6.20862308286081;5.92262570836378;0.196113434051781;1.922652066086
34;2008;17.0327542621635;5.96649420044534;3.53656500687184;3.82731635599356;4.19443595330233;0;0;0.735044987839505
34;2009;20.269517465414;3.26849670271741;2.67589243995488;0.761632227621181;9.5106180543551;33.1390375837157;2.19261504546707;4.4707728803
34;2010;16.6572303168575;6.21134118017557;4.14836402410533;9.0834584754625;3.53263274279484;0;0;0.820192411372159
34;2011;19.988385315668;4.80128947453998;3.02991207816947;3.40871310988603;6.44364873029375;25.0706724813399;2.29616495141793;4.34988678160231
34;2012;20.4586159799681;5.16597799985965;3.29545038329947;2.1556960920398;6.48669602528972;19.4437753842836;1.08308672888687;3.42644398384991
34;2013;17.4836422949018;5.24592251171977;2.45732890158472;3.4907996145611;6.51150189381946;0;0;2.00289934944349
34;2014;13.7406401845725;5.39586217992055;3.52904757911168;0.80848770001489;5.32945270072518;0;0;0
34;2015;17.419975559203;4.99414259527718;2.49756362223565;3.22894933669252;6.27882602020645;0;0;2.6997136592905
34;2016;22.4481713046559;2.59903822839594;2.86520387013516;0.435149220650077;10.2913998517806;32.8869289659386;4.33087327926007;5.71879904632969
34;2017;18.2259765621657;4.96787558470499;2.24115809669861;0.755399139779793;8.20190374639079;6.13835048582074;0.196113434051781;3.12873351144764
34;2018;19.3433204568444;4.84073403403797;2.93865548232064;0.768398802606334;7.19234890093433;22.2905122184017;1.48029760264536;3.5790671762493
34;2019;19.1563622235648;3.19811354016729;2.2810176476931;0.422103003924562;10.0942868781332;23.983766039273;1.17977164627937;3.88500844645189
34;2020;21.5305597250581;5.49013125803354;3.13414968105445;1.93858325531562;6.18085265519821;31.6299890974876;1.71870320006709;5.52583655816071
34;2021;15.2560164924033;5.85861863285576;3.09700075364829;4.57450301145534;4.08937492832924;0;0;0
34;2022;21.5514798834099;4.39780221096789;2.635208268794;1.34218861517554;8.35324653541434;26.5413991956901;2.36031006265949;5.32524231133262
34;2023;20.5834593312327;4.51927451225377;2.46079973436893;3.53654412607891;7.3803482642413;15.8285970303633;1.55523739921166;4.34988678160231
34;2024;19.3001600290277;4.62292642601268;3.57679587655686;1.27934923810779;8.5822792241245;29.4924616914469;0.92067523691998;2.92072316005128
34;2025;17.3757089628236;4.29206410061119;2.59964656690668;0.519274341099733;8.25080348264241;12.4264391915368;0.411599793930535;2.98652161932261
34;2026;17.5564063128456;6.13678014750055;3.10839424990886;3.2556507362191;4.78776614923948;8.32734374064001;0.275462158697449;1.28184791594283
35;2000;15.6064499400105;5.35344028178801;2.86683599506392;2.80022900410599;5.07977866359502;0;0;0
35;2001;16.3760310747276;5.03541930172575;3.11218616767277;1.7492707982111;6.05498323546175;7.07818539063342;0.231852109216816;0.624078977320378
35;2002;19.403622817572;5.02099923151836;2.29215121801773;2.51649069178752;5.45858808185955;0;0;3.29218733152024
35;2003;16.7015359363581;4.60879115612843;3.01370687132126;2.46473576383481;5.86921092852778;0;0;2.35767429043814
35;2004;16.559676108094;6.10256919329966;3.60022164448225;3.12129190492735;3.47947212670876;0;0;0.275462158697449
35;2005;19.9422531402488;2.32669729182962;2.3678001057732;0.130318226707219;10.2199596418773;14.6396292347075;0.868211388932153;5.29278637066146
35;2006;15.8250312784009;6.09751997795536;4.13664681850312;3.69020365619261;3.7287935865158;0;0;0.348616818622929
35;2007;15.0881667519584;6.01815482252182;2.97752473603768;1.58274972658142;4.24607603689397;0;0;0.275462158697449
35;2008;17.7925286126767;4.93908370972959;2.60290071867582;0.278683106582756;5.47344904487488;0;0;1.8354679094732
35;2009;18.8051897328114;3.61144250336746;3.14783036580753;0.348635132105246;7.70347237317058;5.98145973857932;0.392226868103562;3.33343716678448
35;2010;13.100029780803;4.64055221139578;2.55911010168262;1.28317350398532;5.60859090590122;0;0;0
35;2011;16.6683462583159;4.46307899272424;2.47395189544542;2.15255866732618;6.50621717051564;6.09912779901039;0.196113434051781;2.27196377011274
35;2012;16.9805777818094;5.16124507718191;2.58873772183703;1.68238619539972;5.58892359512485;4.57510153713444;0.152503384571148;1.69933027424012
35;2013;16.4966399038799;5.03063725783843;2.5413001545521;0.300132473227229;5.6765385464572;0;0;0.682940563336408
35;2014;15.5756861993363;5.92170010731358;2.69778184363709;4.73662388386171;4.41141238025635;0;0;0.196113434051781
35;2015;19.7637788415952;5.13461583619874;3.40164787110047;3.12004573235958;6.91221252539498;23.2929888458912;1.49526160039297;3.81504067475769
35;2016;18.8589271380135;4.40085850866638;2.78534510644926;1.52516700355487;7.42594729482482;0;0;3.55026537433956
35;2017;17.3654297934684;4.4820026391953;2.25292579274273;1.63843965707576;6.72013130937975;20.0502845435921;0.839565337199133;2.71872716163274
35;2018;16.8115349265492;5.49678980629356;2.99381449298183;1.16118277711123;5.37637937319967;5.88340302155343;0.196113434051781;1.42798950483425
35;2019;22.4751272102405;3.52141273967984;2.35646029482995;2.22235750998256;8.72866624790978;29.586992184536;3.99765176656643;6.26941186337115
35;2020;17.0627472961941;5.83648387985671;3.88655174243371;3.30261523373652;4.2381704317703;0;0;0.231852109216816
35;2021;16.0412008852087;2.96268585189356;2.27606205360887;0.259693565806161;7.7616691968939;0;0;1.67088789581511
35;2022;18.6546181638937;4.51782432406991;2.95023371084209;0.679839423279346;8.54773366377473;6.04029376879485;0.196113434051781;3.54982208537506
35;2023;15.9267218952229;6.50916970607717;2.44617821585605;2.32997014217766;4.85944526408213;0;0;0.47157559274923
35;2024;20.8548541853153;3.39364753221547;2.63678528212176;0.513422926768321;10.5657519053724;31.5645078893455;2.91648196293146;5.26203170115135
35;2025;18.5254199692265;5.69288050538365;2.81486866494714;2.84573646727792;7.24364931221749;0;0;3.24337762229384
35;2026;19.4628457097672;5.99229960857071;3.43852822929165;2.06558417441281;6.46547853942277;22.7553104819869;0.718679238501444;3.46810116573017
36;2000;15.1183100592364;5.48202591614479;2.73318283188052;2.10727610056327;3.90010183665401;0;0;0.271340769405873
36;2001;13.5504969457561;6.74149013553688;4.40010919627774;4.73807749512639;2.18208171236194;0;0;0.196113434051781
36;2002;17.2464826988938;3.95230056703334;2.52993004934371;1.08720264124915;7.51801533197893;0;0;1.3901781542406
36;2003;14.9279258355312;4.17673657168188;2.28408661079058;1.05461559658308;6.8990273315887;0;0;1.31142846873615
36;2004;16.9847852615833;2.82655112627916;2.58157098870554;0.780329950758983;8.82348438818421;0;0;3.19618531874873
36;2005;19.9837602200356;3.55994208147275;2.05573819593372;1.62942736992721;7.88451073050256;12.2327562589606;0.792984053578061;5.1883978099129
36;2006;17.2340074520469;3.25448637528262;3.18462454793939;0.324241573658709;8.12552967896637;0;0;2.39921166449016
36;2007;13.3345174910872;6.00339039038525;3.51603182780534;1.46402598802949;3.33557761921307;0;0;0
36;2008;16.9447064622631;6.03568270779384;3.80905353527228;2.20694132326035;3.42203899231347;0;0;0.543052943079301
36;2009;16.7079610590327;4.83376663831215;4.05573460169888;2.37829099267632;5.74805149682766;22.7193837085315;0.709310266332802;2.26931601710856
36;2010;14.8670898165058;5.62600993720358;3.21793848381482;3.17378193948335;4.80244134123152;0;0;0.196113434051781
36;2011;17.2633278506989;6.13176191103755;4.14105643119864;3.2408577213578;3.73463627199115;0;0;1.35128853319276
36;2012;17.1824685204931;3.40127903414352;2.46383977243359;0.0773111357953272;8.25529696081771;12.694947703883;0.411599793930535;2.79444570908263
36;2013;18.9746657789477;4.37765385464572;2.82518086703214;3.15799691580419;6.61918037753158;21.5471329986701;1.10307067463788;3.27198773167839
36;2014;16.92865015943;5.29905368931092;2.20253068364058;1.46041532239431;5.0100496517871;0;0;1.45810919285466
36;2015;16.1364838798567;5.20655964975037;3.61463007621489;1.55132806977608;4.8690137590733;30.1613356176693;1.15517509914098;1.42798950483425
36;2016;19.3355240479984;3.21138568022606;2.34619584472221;0.0161721741184283;9.36275910582283;12.950643168358;0.816071022080583;4.75883882252866
36;2017;15.2922106084697;6.16298132081855;3.67535861050304;2.30956939354989;3.73244276181006;0;0;0.411599793930535
36;2018;17.8928339514847;5.34939077719338;2.39125437084631;1.24572842303802;6.24819132967862;5.88340302155343;0.196113434051781;2.88143817317023
36;2019;14.8880306844964;4.87165021591082;2.88433700915161;1.78458432673991;5.85537432244394;0;0;0.69930631267447
36;2020;15.8603555896342;6.06641279958375;2.5688338761769;1.72224369254573;4.79104744561152;0;0;0.507314267914266
36;2021;18.3261463469737;4.54759109245912;2.11524725768439;0.821671866896926;7.41271777212209;0;0;3.3559850000599
36;2022;18.2980805074375;6.15420730861983;2.97619093260125;4.93547290146605;5.45836746430155;14.9179490097883;0.777540824517474;2.56532521834977
36;2023;20.9302096123532;1.26882608866806;2.15045535532435;0;12.1177027020088;23.5137741263014;2.96641786574335;6.69101561096002
36;2024;21.4742969419908;5.32644021846102;2.58434265723494;3.31825169570865;7.19685059450356;28.6241448716259;1.69493332694358;5.72755699857429
36;2025;17.8655460070618;5.59575743364786;3.27347146605416;1.69394936236562;6.54298920531467;0;0;1.55418309032312
36;2026;18.4267217668574;5.77108694796404;3.7379965392653;1.61759771612049;7.97866579520734;10.9487881438173;0.348616818622929;2.20656067667461
37;2000;16.5954243678853;5.84049350555994;2.64165238956713;2.61583654104531;3.94831079519879;0;0;1.67941821318605
37;2001;12.1614419043283;6.83158288391135;4.96020180772897;4.11609327210583;1.47147991764068;0;0;0
37;2002;15.6200149246323;3.65597832505233;2.730330036336;1.62834687447049;6.95947106555371;0;0;1.07672493320714
37;2003;14.3227095738436;5.27532455084901;2.8554814648732;2.81351979995516;4.65286092536143;0;0;0.0767009716414871
37;2004;17.8706991129086;2.89084702423028;3.30630463023025;1.65219119960155;9.76457179826416;0;0;3.02365006529527
37;2005;14.1189462388044;5.14485776243477;3.00908742377227;2.95613647138561;4.58131699610967;0;0;0
37;2006;19.5586883781272;3.08933333789744;2.73316622993861;0.231250845073074;8.82444233734804;0;0;5.26860915092192
37;2007;13.5986744119575;4.46589310745564;3.13117485267916;1.18900472213997;5.75504553553243;0;0;0
37;2008;15.7174565140372;4.7066704719915;3.1341876772514;1.45849702791009;5.8365194798971;0;0;0.994141397198893
37;2009;15.9882153597059;4.10666816141195;2.76211573778516;0.477117560575694;7.1552065914844;0;0;1.76612313848587
37;2010;12.6157115985959;5.54102391193098;3.87006584295932;2.46067633230584;4.12455324516618;0;0;0
37;2011;15.4387614266716;5.00413627969309;3.72678509385232;1.1683799756619;5.33527570348589;0;0;0
37;2012;14.9298650108084;4.66403950919867;3.02474904538834;2.07529220273538;5.31819743987786;6.07951645560521;0.196113434051781;1.42798950483425
37;2013;13.5927447802297;6.82746183692785;3.23746989828315;4.77839813510558;1.89109331489434;0;0;0
37;2014;15.2335046014764;5.51431147296879;2.73387241150908;1.49959556300266;3.91815790329454;0;0;0.196113434051781
37;2015;14.5408424886482;4.74507375883369;2.83732664235138;0.865795378498603;5.74970039485237;0;0;0.659817652485413
37;2016;20.0861028053859;3.84164040878431;2.86972969642408;1.81142282065282;7.39612661291289;29.0236366867544;2.97661351192687;4.07679681790408
37;2017;12.5061851647101;5.58389645865175;4.75801338082287;3.40863215402494;4.06659894671804;0;0;0
37;2018;16.981288584539;5.48687063093655;2.67454819612199;0.351708031745651;6.45813264095819;10.9662058058874;0.348616818622929;2.20517090586699
37;2019;15.3251141169564;4.77713496123646;2.66321951019137;0.638645555386303;6.6988279371317;0;0;0.718679238501444
37;2020;16.5605941783665;3.49468549589316;2.30130008609048;0.102665381870337;8.32486714167618;5.88340302155343;0.196113434051781;2.11317047455881
37;2021;15.9423904057891;5.79724270841;2.35873236471557;1.17501168126325;4.47462761159671;0;0;0.624078977320378
37;2022;14.351217333112;6.70477417080146;3.55221088231619;5.41102899520598;3.74415380586682;0;0;0.78166221380905
37;2023;19.0105292254082;4.72286476776964;2.18199536514859;3.46789081741458;7.95887955719027;28.3113777500889;1.31554985802772;3.83816358560868
37;2024;12.6487215648956;6.19195456202537;3.56457881557981;2.68554347398202;4.19066354709902;0;0;0
37;2025;15.5927119186539;5.90815275155793;3.26664721215741;4.61217846574095;4.07651718643296;0;0;0.204643751422718
37;2026;17.6956354008171;5.82883877118245;2.96526400225467;1.81788713760271;6.00811099895767;20.459718211988;0.839565337199133;2.43498628200367
38;2000;12.9035671925089;4.22073616775834;3.20956083584787;2.61070739676416;5.61649394371428;0;0;0
38;2001;11.2322760577748;6.07199971246121;3.23565690632226;3.37017144500222;2.74509327039429;0;0;0
38;2002;13.2539479246717;5.94054690562053;2.02224523293209;1.21804904932488;3.39723757378879;0;0;0
38;2003;17.8304109921971;2.16791597705851;2.05827760843036;0;10.6557672921206;17.2895234044592;0.760216612553464;4.67360753351624
38;2004;14.5378075852048;4.22643029152668;3.52952167580344;0.581446046256091;6.81563594851002;0;0;0
38;2005;13.6094889511509;2.09735156237966;1.79208583717432;0.206600897874096;9.79075853759142;0;0;0.196113434051781
38;2006;17.2532121334522;3.59502130012032;2.79834545389196;0.296886879160113;7.38312181546514;0;0;2.49036146021781
38;2007;13.542801517794;4.18569853954257;3.08586695511828;1.33461419311995;6.88924433779646;0;0;0.196113434051781
38;2008;10.0272662078597;5.45848795674595;2.25575308633523;0.283543881328635;3.92652562432715;0;0;0
38;2009;15.5891063876399;5.17238600713028;2.73206399791877;1.01025007316835;4.19229378933334;0;0;0.400757185474499
38;2010;13.6643078787339;4.88109141508449;2.59661354615768;2.08044736243066;5.82652408394079;0;0;0
38;2011;13.763264523704;3.95950392712946;2.39419770687817;0.0389050249114706;6.13047021149505;0;0;0
38;2012;12.3376910293033;4.93103074097719;2.84211775740284;1.34860432437798;5.64474445846006;0;0;0
38;2013;12.1621049550806;6.44464082468863;3.35597550101066;2.66639441763982;2.56756648050812;0;0;0
38;2014;17.3968007886778;4.93791447090296;2.37140460986292;2.20205093886549;5.02598289486521;0;0;1.15598979237303
38;2015;14.578611906502;5.97807465396932;3.83672281089704;3.17200553169858;2.56246164010071;0;0;0
38;2016;14.4221651328412;4.55157829698307;2.09548478526158;0.284704476876233;6.65664873542837;0;0;0.486827129284627
38;2017;12.0776036380503;5.5549868296966;1.98110553529282;0.674303616998335;4.17625716921487;0;0;0
38;2018;17.7659384632763;5.18883996926073;3.86288884058542;2.98983276538718;6.84114919668851;28.7705284723304;1.26929205554291;4.42806138953119
38;2019;13.3078037684697;3.64557609594211;2.73036118637135;0.817913324170887;8.12259678333097;0;0;0.911078629877676
38;2020;17.5316496339871;2.70612474733385;2.52336629189637;0.0147361917199098;10.4119166000592;24.2138036589311;1.25499898163346;4.23487126648855
38;2021;14.4325334734514;5.43777925921108;2.6036235021882;0.816567197643551;4.99569958358222;0;0;0.152503384571148
38;2022;11.5223457003538;5.41461963581843;2.32727476556175;1.69573689516302;5.31471873400779;0;0;0
38;2023;16.5957990240797;5.42398039259314;3.96079459974772;2.12353111323722;5.87068969943639;0;0;0.853283333533013
38;2024;16.4109980163247;3.44181498590547;3.22470522995401;0.549998374036617;7.72595482560259;0;0;1.02784333928379
38;2025;17.6192431910644;5.49274948696576;4.40789379549488;1.95347707990669;6.38092056912141;8.52674709765536;0.275462158697449;2.4265398301125
38;2026;17.4399666934237;5.60582266045263;1.70718846969461;0.0677046018186828;4.24757780020847;0;0;0.196113434051781
39;2000;15.586455553863;5.08941343798832;2.46325733523428;2.51913450824877;4.11351689033647;0;0;0.215486359878755
39;2001;12.9422211344432;5.60321649788026;2.30100125113603;2.52607206612023;3.48293114986419;0;0;0
39;2002;9.92675907843818;5.46888162815416;2.81091534892318;2.24101894846381;4.22845367459167;0;0;0
39;2003;13.7490743133728;3.7179273588022;3.0283316417609;1.55593108653719;7.43831471462631;0;0;1.19613739561743
39;2004;12.3229351548687;6.72427272369405;5.02961384225417;4.29870470622265;1.75971102351828;0;0;0
39;2005;12.862089722371;6.35484887954007;3.09574733555948;4.24002625502979;2.45110283105898;0;0;0
39;2006;16.2697365425857;5.85764844617804;2.4036005675468;1.40786709546459;3.66404241881736;0;0;0.281344723064205
39;2007;12.3940255259136;5.82202187690944;3.43983045480763;4.56593264403896;3.22729359250619;0;0;0
39;2008;10.8337839248702;4.39692110996818;2.39901620657608;0.761456110113663;4.63852078409089;0;0;0
39;2009;14.7294521872631;3.18250052629867;1.99539937939545;0.224876726302439;7.18542999885327;0;0;0.196113434051781
39;2010;11.4412837237642;6.31808909937032;3.02625383171108;2.43922251565632;2.50283123013543;0;0;0
39;2011;16.7534914568461;1.72078203704116;1.73079797148231;0.0098993785396795;9.60004655389897;0;0;3.96513592198114
39;2012;12.8532977104724;5.37177105066331;3.62919169081365;2.17784188447445;3.54152470865303;0;0;0
39;2013;12.9652721605973;5.05216686149702;2.50992546241543;0.22086675829113;5.40579510465214;0;0;0
39;2014;12.8359996850766;5.25930624421285;2.8519678435789;0.861981895325612;4.28197046223572;0;0;0
39;2015;12.6440153422482;5.48992159433412;2.90161090182775;1.20821984394175;4.08888234700112;0;0;0
39;2016;15.3170566981989;5.2640824688628;3.27765755157299;0.910051363327508;4.4245503355475;0;0;0.271340769405873
39;2017;14.4209458314578;5.7725133457363;2.42010187088482;2.46660082941248;3.76807977147513;0;0;0
39;2018;10.7022871314412;3.14891984685136;2.74304643922577;0.322675171881445;8.95577276904987;0;0;0
39;2019;15.3727669960241;6.99403391246156;3.89497988084256;4.32798437021304;2.3136086289021;0;0;0
39;2020;14.210405652191;4.89562513157467;3.12241775620476;4.98571342994408;5.33737302509632;0;0;1.98013586207723
39;2021;14.2273949156981;6.43018369963151;3.73785876026282;1.75772563665024;4.73703157278582;0;0;0
39;2022;10.4981902171774;6.06736777066728;3.40307016117576;5.53875321127768;3.1722384723475;0;0;0
39;2023;16.2170322231712;4.79700737160452;2.47376208561467;0.246287583287835;7.93082415805049;0;0;1.55258964620748
39;2024;13.8550746317193;6.27661180038647;3.9358704637761;4.67238703405452;3.2343713255367;0;0;0
39;2025;11.6592975153568;6.20523474632404;3.15208183216977;4.57006173526235;2.13920509217501;0;0;0
40;2000;10.942016434211;5.7741100417787;2.35993831608386;1.55192762237942;2.74769891950454;0;0;0
40;2001;15.2263104836984;5.6715114099841;3.61705686935299;2.59715918523831;3.33291754311798;0;0;0.503192878622689
40;2002;11.8022352717669;5.25513761640614;2.67995751956719;3.50419652591529;4.81609720864876;0;0;0
40;2003;11.7412678064385;5.46377096850937;2.72576107922892;3.19262736855798;3.64650443545696;0;0;0
40;2004;13.1304150998941;6.01936813351384;2.9383193357854;0.97241185139037;3.04460137368233;0;0;0
40;2005;13.4698455677094;4.164062101532;2.63166811862344;0.0462490736287566;5.05458855424471;0;0;0
40;2006;13.0857579299946;6.15868136081154;4.01614804139874;3.74506485882359;2.65118806577107;0;0;0
40;2007;12.9526617020585;4.90106440697692;2.01185549806682;0.946692533747298;4.55131934092002;0;0;0
40;2008;9.85994327955103;6.22565119833501;4.70345662699887;4.69946822439664;2.43495992428145;0;0;0
40;2009;12.820467284761;6.07661471000515;3.51701134237825;0.66404721113049;2.7286943171724;0;0;0
40;2010;13.6141592314499;4.24387379785681;2.98687607934017;0.0547759679188867;5.80001078270454;0;0;0
40;2011;12.8353061689051;5.18711192960777;4.05738521126399;2.97676361402025;3.83257677542365;0;0;0.607713227982316
40;2012;12.4514822795664;5.57416635145798;3.71590620073973;4.5877178149106;3.36658679478117;0;0;0
40;2013;10.8037896927614;4.75765837311238;3.2298282126897;2.10248036435272;5.28544061040377;0;0;0
40;2014;15.0728806423069;4.32757762263615;2.09126036123772;0.398062707417303;5.29025123701583;0;0;0.196113434051781
40;2015;11.2183333361859;2.52586582550161;3.02229692145228;0.380079723551994;8.35353920882333;0;0;0
40;2016;9.53122517196702;5.74048956901701;3.09258903005294;0.803005293794468;2.72137936464197;0;0;0
40;2017;11.6785797295424;6.51161964779922;4.9186260095949;3.95084832500098;2.0714999426634;0;0;0
40;2018;11.6494282599282;4.95610241173158;3.36795654056607;0.452731190598851;5.51042636182991;0;0;0.215486359878755
40;2019;11.0348473049229;6.61602344125737;4.12351639398976;4.89865301770246;1.9269131170745;0;0;0
40;2020;12.9677410576293;6.0314906318836;3.35843678168789;0.870491160749586;3.12313078393685;0;0;0
40;2021;10.9610853904623;4.33479869717544;2.77978150475209;0.96362446065083;5.1561012136533;0;0;0
40;2022;11.9835981371594;4.63194915355769;2.96876216263399;0.0634271200423093;7.17348926607436;0;0;0
40;2023;14.8549724527572;6.24528821484624;3.49399317779995;0.992060677530384;4.71672996513592;0;0;1.07141744641595
40;2024;10.6761970941467;6.32470454533785;3.06234439958307;2.21387186381615;2.92782930465248;0;0;0
40;2025;10.6417978705014;5.27720854606354;3.31199841169051;2.22555021745121;4.86121724753495;0;0;0
41;2000;11.0941340375752;5.63922320027248;3.65154423732904;1.55320922383354;2.73354533613798;0;0;0
41;2001;13.9853416833684;3.56504555264784;3.26232214955782;0.360325466523125;5.44930280401664;0;0;0
41;2002;7.12225618679067;5.11743032746903;3.13201487670919;0.453481529911736;4.5139242369525;0;0;0
41;2003;10.0207746774174;6.43148258764371;4.7275434774051;3.7437125707508;2.16730016482134;0;0;0
41;2004;12.4425903137082;5.05082213843281;3.11704112318127;1.92482383970397;4.59184348305318;0;0;0.427965543268597
41;2005;11.192758986015;1.6678985193464;2.18531549680028;0.00217861977958783;8.55188295117489;0;0;0
41;2006;12.9872320797441;4.68882552385973;2.33321791845879;0.0463213006337834;5.31509099404555;0;0;0
41;2007;9.81641213208299;4.10795541094941;1.99975901511119;0.00547864083153479;5.67581627640693;0;0;0
41;2008;12.548044650666;5.62255895828805;2.37634753854817;0.342113136243751;3.28318548476815;0;0;0
41;2009;13.4721780549713;6.38533278335835;3.1905548642834;7.69154293655833;2.67615670179318;0;0;0.427965543268597
41;2010;7.46513455274882;4.57953049023652;2.62421898132538;1.27535501626819;4.17559309153832;0;0;0
41;2011;10.2092414624086;4.30121964369152;3.55434483089125;2.44254239057694;5.4746818674275;0;0;0
41;2012;8.88752903200409;4.99179624453805;3.02171311502065;1.85523346266874;4.14787486585802;0;0;0
41;2013;9.96787216162418;6.368902166639;2.42605050071115;3.13657698765466;2.11141032640787;0;0;0
41;2014;14.3211221201193;6.19638462762871;3.18844230996339;3.2495889735721;2.65184598190217;0;0;0.152503384571148
41;2015;12.1599167506748;6.0622197994417;3.18545789696184;1.9487600745547;3.26151823903031;0;0;0
41;2016;8.67054216465361;5.94316419320553;2.91738959280742;0.269793365727088;2.69016565999565;0;0;0
41;2017;13.3278428258217;5.29979358822734;3.29767521466995;0.343056366160108;3.99354920421929;0;0;0
41;2018;15.4292808620687;2.73375893638033;2.54685085123462;0.00453421283689533;8.94098814073654;0;0;2.67365545664754
41;2019;12.9398135105576;6.10553152743;4.14446136967732;2.46621179627877;3.00048196977762;0;0;0.196113434051781
41;2020;11.444362613796;6.61212848876117;4.09163844051285;2.27834524850711;1.91518170568694;0;0;0
41;2021;8.58783950543329;6.1015559613808;2.58596605330764;1.20751229313895;2.75416854222969;0;0;0
41;2022;12.826410266504;6.35735080930188;2.67948273825926;1.78128789992281;3.95940773855878;0;0;0
41;2023;15.0703566336739;6.17292428658717;3.71331321702846;2.79924212990934;4.49594073962507;0;0;1.06729605712437
41;2024;12.2366247396319;6.50255806828704;3.83296324124675;5.05525964923691;2.49100636864184;0;0;0
41;2025;12.7561477675523;7.40140371986191;2.44669059400151;0.403022409198503;1.11313511413407;0;0;0
42;2000;11.2423436807361;5.12633786834489;2.80897223710312;0.649938298968455;3.25066074017276;0;0;0
42;2001;12.9870472333805;4.75325885850524;2.72420032553498;0.950228405066844;4.3207537966245;0;0;0
42;2002;8.92306112424243;6.41778033748154;3.7309383177954;2.67806455588094;2.08511661580539;0;0;0
42;2003;5.7000860904823;2.19869289659386;2.72368994418667;0.00661219404075862;9.10629110906107;0;0;0
42;2004;8.06995784475986;5.18363168335133;3.81149196688512;1.55451102146443;3.82638099916306;0;0;0
42;2005;10.3787414701105;4.73451150069574;3.59761428383159;1.62051195596549;3.96832965637403;0;0;0
42;2006;12.1890524741172;4.46496305640039;3.30379619661492;0.445351712995213;5.29392232002725;0;0;0
42;2007;8.41888325411754;4.32268629689407;3.03586772531146;1.06549397623355;4.79181815225521;0;0;0
42;2008;10.7747246559376;5.37643876365167;3.08195368913976;1.54748412118391;3.51446902026293;0;0;0
42;2009;5.6406786942316;4.97440203057154;3.41916736982452;1.48293337486671;3.47576424557866;0;0;0
42;2010;5.86503836417814;5.60615418582879;3.96552307242041;1.50685951162906;2.7616195622222;0;0;0
42;2011;6.43759501188665;3.80889059662587;3.30054786408315;1.28433940530817;4.84510490886903;0;0;0
42;2012;12.013375003637;4.8361563594851;3.18420573400266;0.17751943026243;4.75654056607487;0;0;0
42;2013;11.3467736607624;6.48596040522431;3.40904121218138;2.3392856714972;2.2545283080225;0;0;0
42;2014;14.3598000236193;5.27264496319332;3.00779983192673;1.9994078070204;4.01663309194909;0;0;0
42;2015;5.56542003768812;6.81290056463718;2.44446445045005;3.10602239721772;1.6698888696816;0;0;0
42;2016;8.35582343064582;6.79111967261655;2.61374640790458;4.37233739938282;1.26278067123192;0;0;0
42;2017;13.1562032214613;4.48320876171763;3.17698474504038;1.13031240746985;4.5408683329083;0;0;0
42;2018;12.4554054724793;4.01038733870871;1.89607560900886;0.00417410473600345;7.26609626730153;0;0;1.02784333928379
42;2019;14.012305804347;6.41967244539758;3.37838153316366;4.29732537581148;3.36879451074762;0;0;0.152503384571148
42;2020;8.18899650674604;7.04009591472421;2.67539267015707;0.727042851837082;1.23410980216304;0;0;0
42;2021;9.84255556943805;5.10781951464137;4.2319898882193;2.5465054623812;3.61962589149861;0;0;0
42;2022;13.8778552344896;6.88721325279965;2.94531234756593;1.8646428271909;3.610290978984;0;0;0
42;2023;9.87956831527944;6.49942697627291;3.37451721724069;3.45093818087217;3.3274068964809;0;0;0
42;2024;12.2161589952573;6.823873763626;2.78785319775651;1.15276114255591;2.72529673831745;0;0;0
42;2025;10.273814458751;6.91968322810212;2.08526860059322;0.310358755983973;2.20555439360979;0;0;0
43;2000;11.1197273858445;6.22464566834797;4.423538644015;2.15580751332006;2.1921570372551;0;0;0
43;2001;11.6084553519013;6.0359875331397;2.96035541848019;2.23916244058815;1.9880219556403;0;0;0
43;2002;10.551603456627;6.25366141280814;5.77830434269147;4.8034126404105;1.72351468244935;0;0;0
43;2003;3.34337300113475;6.18515581008063;2.89956201681075;1.46722879358652;1.85315291415427;0;0;0
43;2004;12.0368166033111;4.87645793290419;4.02888737892991;1.29721001798829;4.38714273733503;0;0;0
43;2005;13.0486780917694;4.28809948842057;3.52611844886516;1.23169430519162;4.80889829855768;0;0;0
43;2006;14.2766539042804;5.67822749452735;4.31859520186763;2.39439538979477;2.92557024247393;0;0;0
43;2007;6.48608774383032;6.41002089790833;2.94758475975963;0.0208833602330433;1.9538784361313;0;0;0
43;2008;9.15912499208413;5.11379946565709;3.2691486284571;1.41718215411052;3.36065545151292;0;0;0
43;2009;7.38597238600713;5.50377856774876;2.90904583334046;0.544790498896912;3.21832700348641;0;0;0
43;2010;7.49296625355786;5.46892356089404;2.97292291735485;0.404040946892613;3.6107643910596;0;0;0
43;2011;9.70569395261429;4.94655389897462;2.98776436880957;0.0723127532010084;3.68084871865528;0;0;0
43;2012;7.07540567786413;5.72669198605437;2.52324083598479;0.933004831678559;2.78209317968265;0;0;0
43;2013;14.5041605835668;5.7498036007387;3.82349636896703;1.74877308226177;3.22769426411465;0;0;0
43;2014;10.9188082886479;6.54002608387575;3.82656841283724;2.50195286760037;1.52023400180396;0;0;0
43;2015;9.30663940753317;7.05728149191554;2.30116881094154;0.172192260756604;1.31372895019246;0;0;0
43;2016;9.21354341921273;6.33963362766123;2.3083430748508;1.23274193907258;1.83288981616345;0;0;0
43;2017;11.1949661885193;6.71918876407956;4.62774612378887;1.66599922296066;1.53060439626268;0;0;0
43;2018;9.01679842675206;6.88527664483312;4.16717898776078;1.46961536552513;1.20734096794456;0;0;0
43;2019;12.8152039557122;6.21783493562041;3.26391302636286;0.323276949487308;3.50777159151007;0;0;0
43;2020;12.2815283713495;6.24231429929251;3.5633723507494;1.9434351300514;2.08982848653617;0;0;0
43;2021;9.87147050416846;5.6859595494541;3.38592086864099;0.764799604291859;3.60795849172214;0;0;0
43;2022;15.1564715909966;6.6068312712124;3.11449674721746;0.410523406170788;4.52861661323808;0;0;0
43;2023;11.088092984567;7.18899513751371;3.34907448452682;4.86640742534689;1.37919297446895;0;0;0
43;2024;12.0533759278688;5.36909830916924;2.5566632835218;0.476118705596224;3.99097915514943;0;0;0
43;2025;10.9006770853836;7.24287203325865;5.43482111835473;3.96392534945376;1.66847133768863;0;0;0
44;2000;8.73872582663123;5.78135482115259;4.94922424431212;1.84958828895594;2.35406687672973;0;0;0
44;2001;9.6255671617012;4.72157807448281;3.57233551668837;0.423134378171698;3.38047868362005;0;0;0
44;2002;8.79922364527298;6.37491617730874;3.29471835746891;3.93947394094159;1.55702476085502;0;0;0
44;2003;5.9506290766753;5.49451245915837;3.11917301790785;1.29483645375675;2.74271885039254;0;0;0
44;2004;10.7891673184783;6.5074866200329;2.68690568898915;2.04326808370802;1.60983382654223;0;0;0
44;2005;10.9299038627755;5.0926809397726;3.45553315339339;1.67740663974984;3.39270609941654;0;0;0
44;2006;6.78672717532506;5.64133438536017;4.065181962418;1.14389348057145;2.12903474255865;0;0;0
44;2007;7.96348086241098;6.58194547374583;2.31034044250166;2.22562552522896;1.44565294410623;0;0;0
44;2008;6.13563923466759;6.67181298340319;2.42005274967524;1.89962825342436;1.54196731300137;0;0;0
44;2009;8.38478098273227;5.9677415710914;2.57541902787928;1.79895955458873;2.08421703016932;0;0;0
44;2010;10.3852711679038;6.99536754474394;4.15133166401093;3.36080247283358;0.881971318005918;0;0;0
44;2011;9.77214519339551;5.27500740241224;2.83661515500566;0.0534070779041845;3.59268179554281;0;0;0
44;2012;6.23818977217686;6.11739832166348;3.92573489266074;3.72657662823117;2.6256354521633;0;0;0
44;2013;9.85613236368864;5.50644908424031;4.61688520185052;2.22822141855892;2.99386943342878;0;0;0
44;2014;10.2784578678657;5.92393786081411;2.77816587907282;0.352984327424525;3.0691787515682;0;0;0
44;2015;8.57393460888734;5.1061131088591;2.46709751843757;0.00895067169403135;3.88772397645605;0;0;0
44;2016;6.39906139124273;5.9825621417532;2.75832690079398;1.29615348409722;2.19070239906618;0;0;0
44;2017;8.19451126108008;6.07193005276679;3.18119068442789;1.39191707929053;2.47963917305214;0;0;0
44;2018;7.34211296508971;6.25337216247995;3.52426040060315;0.806594565174603;2.21869994814033;0;0;0
44;2019;7.27440425557406;5.40656683822007;3.15806571972841;1.96043363587663;3.40738221606828;0;0;0
44;2020;11.4660849711349;6.94365283799072;4.42757120435964;2.7308585600126;1.5838504182149;0;0;0
44;2021;7.50187584828221;6.64094398299413;3.43013053918657;2.2420883189079;1.08253578403099;0;0;0
44;2022;10.3903530736698;6.31511444214908;3.43546185062018;0.64676732806293;3.39022881583654;0;0;0
44;2023;10.5112331819761;7.12176052468983;5.01718300988072;2.65842120667022;1.51355129229858;0;0;0
44;2024;10.320433738569;6.41162837665527;2.18035562386503;0.25436434245185;1.86184617017162;0;0;0
44;2025;10.0455692497805;6.88963747862714;4.3525804038893;2.85909640935939;2.47754034528616;0;0;0
45;2000;7.73632898545019;6.30974842067609;4.78454376323235;1.24698195522953;1.96824955628315;0;0;0
45;2001;4.45778810787497;5.28833944638514;3.81455956075027;2.75775370591286;2.84412265583147;0;0;0
45;2002;4.99101167441709;6.10564192178603;3.6339199923323;4.24717621506532;1.62220449827049;0;0;0
45;2003;7.24012706475956;3.35677768288237;3.8805272913675;0.516866374906079;6.07531462391467;0;0;0
45;2004;8.91304364941491;6.52355490364883;2.76271203846174;0.890830079980283;1.30798998406556;0;0;0
45;2005;7.9777717113179;5.36930882863886;2.89990406816038;0.292853291891235;3.33973888739605;0;0;0
45;2006;7.07637201357594;5.95425583079027;4.26817938312661;2.08098889381432;2.56980671574224;0;0;0
45;2007;6.4223949927174;6.37124509429732;5.35875256089233;5.57590561881599;1.39757680109676;0;0;0
45;2008;8.96433971338544;6.18366403146496;2.67676241594197;0.3158632410756;1.84854767239063;0;0;0
45;2009;7.26794490209133;6.60769046449495;3.63464517200125;3.12948539114689;1.43336014746632;0;0;0
45;2010;8.43919187908309;6.7961245590644;4.7833574945787;4.27399759357419;1.63047123841929;0;0;0
45;2011;5.42908369261419;4.84885188158194;2.85099055400851;0.0106341428348928;2.9009353568305;0;0;0
45;2012;7.61039606756477;6.72332264761608;3.7631098004515;1.75801642736479;1.18972938834681;0;0;0
45;2013;9.01300650898816;6.76550133585728;4.74439615998795;3.93351418610263;1.37110748644888;0;0;0
45;2014;8.82042860394784;5.92889294143622;3.31940938163757;1.39458126308259;2.50052065059074;0;0;0
45;2015;10.4671425319502;5.80149948054749;2.70831534789626;0.888109586508954;3.56235757844418;0;0;0
45;2016;2.30106646082541;6.90796910327264;3.07517325067734;3.02693451132954;1.17639665975775;0;0;0
45;2017;5.7816284964631;6.66545204349367;3.19360277543392;2.83152469153763;0.819970938043949;0;0;0
45;2018;10.377343655063;6.30279169355211;3.10329779604942;0.941570406781808;3.32610578346618;0;0;0
45;2019;6.87216059725914;6.117612606522;2.71054822350664;1.8375001925483;1.81386433303838;0;0;0
45;2020;8.55792297725876;3.87974990971624;3.08867336791786;0.194306218539748;5.01992849184194;0;0;0
45;2021;5.41644670519915;6.10053691022457;2.34182902053677;0.397320583498354;2.44051250365842;0;0;0
45;2022;9.45971530236928;6.37509212366222;3.36706705301839;0.556566923797087;3.88618615740352;0;0;0
45;2023;7.99524380037277;6.68802897295595;4.54668962412861;2.65265417128069;2.00652387855594;0;0;0
45;2024;5.98085333981437;7.12834122638716;2.17750311357725;0.0162135933961925;1.11990127834953;0;0;0
45;2025;8.12114882014962;6.62822826472053;2.73673889937683;0.390627433596511;2.98711336730171;0;0;0
46;2000;6.44909707686015;6.17037015484306;3.59321682307293;2.14118359865062;1.82196967492713;0;0;0
46;2001;2.5493310444333;5.65213043991723;2.09186693115671;0.72268749497235;2.38589793399958;0;0;0
46;2002;8.28545584311336;6.45534163202224;3.36662102558924;2.84052277290084;1.32629473752672;0;0;0
46;2003;4.70847092691894;5.81610388365633;2.85784475986232;1.42010135742269;2.18767708024899;0;0;0
46;2004;3.02648112427666;5.88220614134928;2.56032888960393;2.54068057692604;2.42147076089952;0;0;0
46;2005;3.06445832313541;6.64480196621762;2.97076945721919;1.94067629807503;0.780209971776699;0;0;0
46;2006;10.2705526050501;5.84988062005686;4.00198398911004;1.88000989270353;2.16162777761613;0;0;0
46;2007;2.36975725222457;6.16441262500663;3.28887635660971;1.38957329586201;1.83445450640031;0;0;0
46;2008;8.46235415536337;6.4176160296028;4.09734420275592;0.716373964731998;1.32042809048572;0;0;0
46;2009;7.51800181080975;6.64372164191494;3.32818838582913;2.52978850495234;0.571948879711229;0;0;0
46;2010;5.49318755573203;7.16511076233721;2.49292894197707;1.44787640624438;0.612980493574022;0;0;0
46;2011;3.25240411522775;5.70164787110047;2.25687739722628;0.00978915533769548;3.08849725041034;0;0;0
46;2012;4.27367377012985;6.2206855061624;2.45160824894013;0.200104061656531;1.9095728166307;0;0;0
46;2013;4.41865596155196;6.24380964932249;2.33226767122678;0.164792415822164;2.43786235449767;0;0;0
46;2014;8.85227951508637;6.96546513677775;2.80333048647113;1.8377606889977;1.18787715932216;0;0;0
46;2015;11.5085619808684;6.54631616601257;5.14959581973372;2.38953067850596;1.51571296782818;0;0;0
46;2016;6.46395136486789;6.34878232457995;4.62828217824324;3.67808543667386;1.56794541555345;0;0;0
46;2017;4.58113454590266;6.42833609176595;3.23135353749728;1.00399405068556;1.4925613030984;0;0;0
46;2018;6.40690349821743;3.87838752355507;3.32607309304447;0.508594671290108;4.85836832007175;0;0;0
46;2019;4.19895356419731;6.40088147183347;3.51736135239077;1.1086692944517;1.64630110445702;0;0;0
46;2020;8.8406333384109;6.397739055127;3.1636116240978;0.572426399483799;2.56914520537629;0;0;0
46;2021;6.71459327809622;7.55217836304853;3.07594481309123;0.256839914491441;0.359376930831518;0;0;0
46;2022;6.31637464934816;6.82962577169078;3.73758870200769;3.94242395198102;1.83082313112624;0;0;0
46;2023;8.17076432259798;6.9763158750507;4.46940707105802;6.4751234448516;1.05559716500448;0;0;0
46;2024;6.42885640004861;7.64520161090183;2.9446071929197;2.0376126407528;0.490328598642064;0;0;0
46;2025;9.23891974415894;7.32911193303085;2.91781182982496;1.31978968591522;2.46031571074283;0;0;0
47;2000;6.01579135637865;5.58525456596191;3.83231388281768;1.25136811982152;1.47954366909762;0;0;0
47;2001;4.27025976048704;7.18384648167197;3.45317995649264;2.93380052681214;0.482624784131967;0;0;0
47;2002;5.9256541079537;6.18020244099892;2.65470853322699;1.31943916244059;2.10406045845321;0;0;0
47;2003;8.55072731909446;6.78589074552989;3.79565765084233;0.955123581774833;0.840096085878251;0;0;0
47;2004;4.17436489014478;6.5816878869151;4.74841400108512;3.82179458434386;1.50092423181788;0;0;0
47;2005;0.392124517987434;6.00285296669856;3.83915901750735;1.38866874675877;2.04170219539288;0;0;0
47;2006;8.5138381464702;6.31184009420318;4.23406650019084;2.19809437091477;1.40522516169778;0;0;0
47;2007;4.06904473795461;6.47682899486367;3.48079634551893;1.17629157117698;1.30749842966168;0;0;0
47;2008;4.10989835161544;6.39417905108777;4.83297778934018;2.37341498522085;1.09816129214454;0;0;0
47;2009;10.0078530608333;5.40294812834499;3.99758159340989;1.28141746353135;2.54784919275197;0;0;0
47;2010;0.911774713359771;6.79478134215575;3.02985508387404;1.32402574841383;1.03068706366417;0;0;0
47;2011;3.92806412799584;5.64114423322134;3.18651357508271;0.261381315798031;2.25240428638179;0;0;0
47;2012;6.30004330197221;6.18395821673464;3.39536446397122;0.543343220331731;2.35203938596776;0;0;0
47;2013;4.1829167729248;7.16852905083104;3.1510218751979;1.17455572689977;0.543553910955399;0;0;0
47;2014;6.28818711928923;6.26110736664105;2.59372035825964;1.1751047890612;2.15497330852741;0;0;0
47;2015;8.75238734213179;6.55146704685684;5.44178366471608;5.57046582995161;1.45836010467781;0;0;0
47;2016;7.0761775825861;6.59015966960424;2.88503531763623;0.127290682887506;1.35089248274339;0;0;0
47;2017;6.86901974946472;6.51948794134209;4.38428994179051;3.39420386842362;1.09364864471673;0;0;0
47;2018;2.73885230946704;6.81298631281139;3.47248767263024;0.382497787834028;1.01837886316063;0;0;0
47;2019;4.23978835091371;6.95101109249336;2.83650031064458;1.37397842432167;1.33834432427529;0;0;0
47;2020;7.1683027851897;5.77275279023874;4.0917243598411;0.463593995231648;1.98006123891564;0;0;0
47;2021;2.89240315676512;6.28784104581965;2.72113666821276;0.474513451851801;1.58243839738203;0;0;0
47;2022;5.57659434267435;6.44228180855051;3.32864618009855;0.842105092003854;2.37253918999639;0;0;0
47;2023;5.14344283198321;6.65210117257633;4.13823598376775;2.28471731342926;1.14838884144119;0;0;0
47;2024;4.31391978694745;7.02961307206099;4.99097641668478;4.76521311245334;1.44305996039495;0;0;0
47;2025;0.763957012951226;5.24442645425309;3.36923797086616;1.63213399992127;3.42513886583064;0;0;0
48;2000;8.03346301104457;6.32567584451682;3.47521603918743;0.856151361787122;1.51323243232141;0;0;0
48;2001;6.180262173759;7.31513138639907;3.05203673308014;5.11192173468043;0.371023449815068;0;0;0
48;2002;7.04804704682261;6.74962115053169;2.70383676012248;2.47126631739832;1.29178837145219;0;0;0
48;2003;6.93488187803905;6.91213345222834;2.86100734421987;1.58293662679348;1.32599453333995;0;0;0
48;2004;4.32057049064729;5.85896290920792;3.35806982742538;1.43850093022221;2.24194865721098;0;0;0
48;2005;1.83793526611886;5.99803891700569;3.49391324886311;1.42916156770255;1.938198843341;0;0;0
48;2006;7.19675183862228;5.68098889381432;3.64025868221658;0.381065399670357;2.50619406472019;0;0;0
48;2007;4.24932248673128;6.06889395124506;4.62574122536024;3.48923269932172;1.54310274890504;0;0;0
48;2008;1.23087396387623;6.3823653146068;2.89263969164888;0.519492049039056;1.6774276916968;0;0;0
48;2009;9.24004593774443;6.40290088982986;5.86583491508192;3.44418735205873;1.52771172182676;0;0;0
48;2010;-4.01486609763653;6.90098208188352;3.82122053369253;1.55061504204399;0.977994896186517;0;0;0
48;2011;6.01305597250582;5.68305455192728;4.2932493423406;3.49088211080855;2.02717036159714;0;0;0
48;2012;3.63264609280999;6.87030066630268;3.08878273534964;2.16243939007546;0.710046228706298;0;0;0
48;2013;2.07811846940365;5.7953172939177;2.73666787045008;0.758839507144826;1.90053400060589;0;0;0
48;2014;3.89127987279832;6.57726954536352;3.48199733342005;0.137855679490098;1.29387114496918;0;0;0
48;2015;3.15710023978681;6.35764245578663;4.224679728002;2.53052977310109;1.87227715316062;0;0;0
48;2016;0.0222442060078492;3.25501096241628;2.79332601935068;0.250948450114588;4.59142638065686;0;0;0
48;2017;1.945308411023;7.15359432042432;3.31777554516841;2.17832522348439;0.460363120412002;0;0;0
48;2018;4.95191529928851;7.31743734478468;3.89504064052688;3.06313752740604;0.883623810265477;0;0;0
48;2019;5.64158598179948;6.56907126683086;3.63139581254525;1.20282198781726;1.06052041097508;0;0;0
48;2020;3.23291138157253;6.24912497496872;2.81547728871462;0.0903777198516437;2.24946385996861;0;0;0
48;2021;3.38230061837955;7.07121856542106;4.66176384507821;2.90147038436063;0.520455817440254;0;0;0
48;2022;3.48319986170754;7.81505265554051;2.9372177028047;0.70730177366932;0.112785206813985;0;0;0
48;2023;-0.130497424987463;7.11558117921711;3.42214082896748;2.50176014815094;1.12980767420486;0;0;0
48;2024;5.91785444718101;5.70825681321446;3.95597421735536;1.47495742543246;3.18069690502149;0;0;0
48;2025;4.57624142304315;7.41275251639228;3.19106370524536;1.32712688847089;0.733368534014298;0;0;0
49;2000;8.01152636884723;6.11876960783475;4.29475275943102;1.36514858738013;1.89297121702504;0;0;0
49;2001;3.75352157995718;5.48273089963698;3.34697031675478;1.23356399192838;1.94992375087503;0;0;0
49;2002;2.77032805094913;6.72965500480087;3.65381254182577;0.289558405460498;1.24771808875706;0;0;0
49;2003;3.7564948679461;5.88980161535183;2.91656890918395;0.26658611016501;1.85056951506926;0;0;0
49;2004;3.37798976156531;6.69655826340265;2.29992383645205;0.34886841506224;1.40357078674378;0;0;0
49;2005;2.70571363532893;6.06551228971587;2.53735419815188;0.507467793088458;1.554695867828;0;0;0
49;2006;8.3211856182683;5.94954430236757;5.1359289984579;2.56628025789491;1.41591681229023;0;0;0
49;2007;7.27819035410059;6.50470382649088;5.81012478841082;3.92972654718974;0.978440410153542;0;0;0
49;2008;3.31768158160026;6.87096902283024;3.51054753889048;2.56251486900726;0.77997633110776;0;0;0
49;2009;4.99872541586153;6.75518930492633;3.40988157851948;2.02428042562587;0.92658433016299;0;0;0
49;2010;1.00640235918729;7.2417247877262;4.03792448341432;4.33561595771811;0.46468715608735;0;0;0
49;2011;4.05576352673169;5.83336459747137;5.42717121736734;2.96445284620611;2.12988897237403;0;0;0
49;2012;-0.573899008846952;6.10671625569729;3.90182313283779;2.35455637728512;1.57234852439544;0;0;0
49;2013;2.8457571769168;6.41064926144179;4.4809572873682;1.42151200902324;1.64372797461443;0;0;0
49;2014;2.07120076540087;7.78026148914284;2.95499453162841;0.503304471056996;0.185346304527538;0;0;0
49;2015;7.83518139760966;6.3962522399785;4.90089205485829;2.34043873626703;1.39663648079908;0;0;0
49;2016;2.81593649500487;5.90893098897939;3.36467106760756;0.913173384177493;2.03079882725252;0;0;0
49;2017;3.23314055683255;7.10180259435294;5.3117608498825;2.21511906330817;1.01269740479129;0;0;0
49;2018;7.82836039563968;6.88190850447311;5.28635885183024;4.76675760651344;0.850730228713144;0;0;0
49;2019;3.69295940739625;6.01692490958788;3.86632869448833;1.00081212592145;2.05072988640506;0;0;0
49;2020;1.84141876430206;7.0100479402467;2.99258303966153;2.25576181519129;0.905504485091627;0;0;0
49;2021;2.39808341705618;7.04824216242861;3.260893355629;1.26280086740868;0.972568286183248;0;0;0
49;2022;1.07586180338166;7.27343843332438;2.28414032463357;0.770807282262109;0.449253682807063;0;0;0
49;2023;2.79782223599061;7.31038733870871;3.98016886628134;3.28347462099364;0.890802181871706;0;0;0
49;2024;4.71934143348355;7.14857060703203;4.02926152166211;3.42791556628882;0.640129460916119;0;0;0
49;2025;4.59619336298862;7.4309400293358;3.41742621977206;1.98499851951755;1.17169632480929;0;0;0
50;2000;7.5014079131359;6.73600225238717;5.41487260149007;1.49981344209602;1.05305347365683;0;0;0
50;2001;-1.27322654462243;5.06876952225773;2.63987538274322;0.0631727851383524;2.84460308522273;0;0;0
50;2002;-3.99238587020705;3.63016915153808;3.47169796788808;0.298517463702507;3.37760774574725;0;0;0
50;2003;2.35392173810351;4.04460000445;3.97904509737809;3.54221976521089;3.83526338039499;0;0;0
50;2004;1.23272499482259;6.05211794567228;1.9462785121237;0.00292348216318169;1.59463449198914;0;0;0
50;2005;2.68926556089746;6.63671647819754;4.30638079377821;2.1631267447015;1.03326738197645;0;0;0
50;2006;5.32750582351622;5.60425232213244;4.35967439655364;1.91631388966384;2.26280805587837;0;0;0
50;2007;2.32568799645369;6.28298745954346;2.98461650369949;0.934849358771388;1.27728306653271;0;0;0
50;2008;0.95609642134017;6.60898079480513;2.77057998969653;0.459324386541131;1.12861233438707;0;0;0
50;2009;4.51888462334986;6.64396827488708;3.536841420647;3.61085972386007;0.963716370370497;0;0;0
50;2010;-3.94948679461002;6.55734499006451;3.42808654917512;1.71908316203666;1.14476191617217;0;0;0
50;2011;4.60865235020171;6.47308534253914;5.84371513806141;4.16629446368026;0.590067931038614;0;0;0
50;2012;0.950297893607225;6.77467057126084;3.84452058897528;2.11557210805297;1.04931889249644;0;0;0
50;2013;3.75758084033211;6.39617042834722;3.26753947240055;0.685134929287708;1.28802400948878;0;0;0
50;2014;4.2766297715607;6.5721328703046;4.46642265805648;2.2940862855979;0.833993075107528;0;0;0
50;2015;6.0634016180903;5.86863311248757;3.86329481796912;1.67560028000801;2.39138992484626;0;0;0
50;2016;3.88697415060529;7.1086612502118;2.75944453667746;0.370531039640987;0.732983437423516;0;0;0
50;2017;2.83117348344684;6.96626673672572;4.5905603412127;3.64598909064147;0.883421335035745;0;0;0
50;2018;1.49798055347794;6.46653681780139;3.79730843156149;0.480439489344805;1.08391408751791;0;0;0
50;2019;4.4847174845833;6.26088137484617;5.14611557347729;3.7517099144401;1.45779906173355;0;0;0
50;2020;3.04728318634054;7.20457083980153;2.7867425791887;0.718128293645564;0.706264066722691;0;0;0
50;2021;6.05198513013697;7.59295204777252;2.4631152773808;0.164199538226399;0.307924260914065;0;0;0
50;2022;-4.57825984264098;4.55424795770441;2.05763167308209;0.260546768697295;3.37079855340605;0;0;0
50;2023;6.44165889342067;7.06196084337865;3.33345838988548;1.43018746502039;1.06260592295672;0;0;0
50;2024;2.89202251017939;7.81107880103172;3.60342547696352;0.364730629213599;0.0754173163388781;0;0;0
50;2025;8.20316378243583;7.29915956520028;3.11479089255121;0.628118897288749;1.69080396187373;0;0;0
51;2000;-0.747489255805117;4.40985179771646;2.91451968185887;0.708734846449153;3.27838016393134;0;0;0
51;2001;-0.975420739419685;6.18508597923217;3.80179489242113;1.8986718446469;1.55223227657124;0;0;0
51;2002;1.8976868531447;6.87982333479955;2.84435251570766;3.14154901252676;1.08404074150776;0;0;0
51;2003;3.43524421114247;5.69339054442389;4.62000037653889;1.25469843513861;1.79009103683406;0;0;0
51;2004;1.04910049994095;5.8899927944149;3.98850375426388;1.88160761567018;2.34226323833714;0;0;0
51;2005;3.11494397272489;7.23408412905699;3.50358447906701;1.4664452503898;0.497891039914834;0;0;0
51;2006;2.76752471892228;6.168371931422;2.15710520325398;0.066299940609548;1.46771333067474;0;0;0
51;2007;-2.94056539025689;4.48768512448889;2.13458629501137;0.267111553068878;2.85809087937234;0;0;0
51;2008;3.35262507509384;6.88055553178416;3.34559372480827;1.79052080462937;0.806174553159589;0;0;0
51;2009;-5.38465261720201;5.53838351855053;2.81025110009259;0.429473752672142;2.24725888246681;0;0;0
51;2010;-2.78505448688874;7.2227521911996;3.16177651047719;3.10570370839459;0.385767172312753;0;0;0
51;2011;4.12712004230928;7.29307339598712;4.01989374757175;2.00481593238731;0.349309307870176;0;0;0
51;2012;4.32425783329254;7.45241857774416;3.38636321625826;4.52306557424748;0.129178511952542;0;0;0
51;2013;4.68935952446561;5.84817883543368;4.0561898714462;1.15145557953614;1.84609725999497;0;0;0
51;2014;6.39482327489564;6.82786558930903;5.17571991668221;3.03637399896281;0.398196036414734;0;0;0
51;2015;8.56206490503518;6.5764223328638;3.38481093468933;0.974408020962947;1.40778802229795;0;0;0
51;2016;3.37013019687849;6.72662883021348;4.01349053261426;1.01575644095442;1.1089849025021;0;0;0
51;2017;5.13471585861992;7.77138235983768;3.28905230296319;1.22164858994744;0.207455983459674;0;0;0
51;2018;6.0994396416719;7.30992898818866;4.42132065880613;4.59384530070909;0.705577910174937;0;0;0
51;2019;6.99655535378396;6.14435405609403;3.6622728571942;1.20897189479503;2.18042408548117;0;0;0
51;2020;5.90081298169165;6.36264871146681;3.56713192039968;0.803037128445973;1.77850322368635;0;0;0
51;2021;0.242907119836924;5.23544634406412;2.84400216338707;2.16506985652157;2.77330852740775;0;0;0
51;2022;7.37948701711027;7.59779861673305;3.77330886971583;4.90695758289418;0.499247606838631;0;0;0
51;2023;6.45912482093009;7.005098850016;6.56243425545425;5.91205865791271;0.70801497255545;0;0;0
51;2024;6.75927937302852;7.25442133674729;5.31386895419747;2.18917193963739;0.619334073859815;0;0;0
51;2025;5.34782762734288;6.84019364368125;3.24647328542161;0.0906243528237849;3.77727618614029;0;0;0
52;1999;3.74562581619083;7.0004055494986;2.64855332047396;0.775851534139241;0.43250326476332;0;0;0
52;2000;0.184455447747527;6.49885189869735;3.15719317643072;1.10385045244571;1.00940662605752;0;0;0
52;2001;0.791238624674593;6.93583400796551;5.62767783332677;3.83360678043846;0.780041213892916;0;0;0
52;2002;5.76968194444682;7.48973041527105;3.73793988727795;3.01700210006008;0.242394513486083;0;0;0
52;2003;1.97794868459562;6.01722648300697;4.56807258300543;0.858075817816793;1.86614812697576;0;0;0
52;2004;1.62134975499299;5.80395879295325;4.13896150574479;1.83428215428168;2.32209444622254;0;0;0
52;2005;-0.982413751200218;6.83827979920208;3.65709065516055;0.980479881698327;0.946764760752325;0;0;0
52;2006;2.73312583758509;6.6018193674489;3.65885234369785;1.43396569046107;1.41939329315777;0;0;0
52;2007;1.0176054180523;6.95547923987068;3.80024338104537;0.256067325153311;0.839543942944089;0;0;0
52;2008;1.92745670230664;5.04255420020573;3.48493022905545;0.250007445200755;2.70269208190063;0;0;0
52;2009;1.24622767937371;6.28725484323146;3.94928842707725;2.84128509299655;1.64038242658775;0;0;0
52;2010;-2.22926853897777;7.05801060812742;2.64827930285536;0.131241773908936;0.7489471459208;0;0;0
52;2011;6.16788362894489;7.35809122168042;4.46914708807073;2.07421376112715;0.626700714910427;0;0;0
52;2012;7.42458319712324;6.69629177656182;5.04959821589028;2.02908506184651;1.48348620241704;0;0;0
52;2013;6.87369174130409;6.46148452168436;4.6028620378627;2.37785095563858;1.40327999602923;0;0;0
52;2014;3.5626036979542;6.23609758518764;5.39951580521986;2.15934578079617;1.27445423255384;0;0;0
52;2015;9.60893749283292;5.87203993366069;5.02004128235453;0.657513747948291;2.52697627291539;0;0;0
52;2016;1.79658667497334;4.95104771945799;3.44539193419469;0.485420414227008;2.46822576587154;0;0;0
52;2017;4.9668062142609;6.59363461008542;5.209582572411;2.83290162579223;1.00703648490678;0;0;0
52;2018;2.94183090323122;6.9822775125841;3.37443061329627;0.56635008874337;1.09889417374531;0;0;0
52;2019;3.94696672251994;6.47344442371579;3.25698334157725;1.30796362634335;1.46892595705061;0;0;0
52;2020;5.59390058346412;7.02830014941748;4.64347227047815;4.07264350838398;0.827434109973317;0;0;0
52;2021;8.90718367738148;7.24107457352692;4.29902784505082;3.62015373055904;0.910676075574778;0;0;0
52;2022;9.04600329642682;6.73185895537843;5.30815069770945;2.58441830732077;1.54991998548614;0;0;0
52;2023;8.16160980644189;7.34164913764037;5.49442294559527;2.22141154160156;0.647595029002052;0;0;0
52;2024;1.74863461864313;6.14012826283784;2.41339246134914;0.253679383982378;2.16899219366422;0;0;0
52;2025;0.0488281938627584;4.51396483469087;3.62319616478026;0.0034006596276715;3.37359820562104;0;0;0
53;2004;3.08929517054644;6.8418435686302;4.12517025548164;1.28037154119079;0.791062336013035;0;0;0
53;2009;0.617302817708966;7.09506768286526;3.27094677280499;3.00737400067435;0.619811764786425;0;0;0
53;2015;3.63913882133059;6.51472352632092;3.86399261299162;1.56257169214865;1.33719536720244;0;0;0
53;2020;2.32192038256351;7.24113002743599;3.10116761286325;1.01997025342779;0.742262040258853;0;0;0
