"date","segment","units","net_sales_eur"
2022-01-01,"Cable Protection",2276,15222.67
2022-01-01,"Chassis NVH",2606,62564.51
2022-01-01,"Hoses & Bellows",3536,52877.47
2022-01-01,"Other Automotive",1822,16818.91
2022-01-01,"Powertrain Mounts",1045,59337.62
2022-01-01,"Sealing",11396,35910.75
2022-01-02,"Cable Protection",1910,12642.98
2022-01-02,"Chassis NVH",2339,54727.13
2022-01-02,"Hoses & Bellows",3282,49157.5
2022-01-02,"Other Automotive",1605,14487.03
2022-01-02,"Powertrain Mounts",971,56238.62
2022-01-02,"Sealing",9541,31296.61
2022-01-03,"Cable Protection",15285,100000.69
2022-01-03,"Chassis NVH",8221,207205.48
2022-01-03,"Hoses & Bellows",11053,170832.49
2022-01-03,"Other Automotive",7963,71335.61
2022-01-03,"Powertrain Mounts",3768,215590.83
2022-01-03,"Sealing",55498,179416.8
2022-01-04,"Cable Protection",15698,103022.25
2022-01-04,"Chassis NVH",8211,197110.99
2022-01-04,"Hoses & Bellows",11152,163874.1
2022-01-04,"Other Automotive",7925,72335.44
2022-01-04,"Powertrain Mounts",3914,232354.12
2022-01-04,"Sealing",55326,175723.92
2022-01-05,"Cable Protection",15307,98185.22
2022-01-05,"Chassis NVH",8386,197945.46
2022-01-05,"Hoses & Bellows",11905,181111.56
2022-01-05,"Other Automotive",8325,76838.66
2022-01-05,"Powertrain Mounts",3913,233054.33
2022-01-05,"Sealing",57579,178498.26
2022-01-06,"Cable Protection",15575,101626.23
2022-01-06,"Chassis NVH",8852,211036.6
2022-01-06,"Hoses & Bellows",12165,180445.95
2022-01-06,"Other Automotive",8857,81073.83
2022-01-06,"Powertrain Mounts",4209,243238.86
2022-01-06,"Sealing",60282,187369.82
2022-01-07,"Cable Protection",14289,93508.17
2022-01-07,"Chassis NVH",7974,193603.55
2022-01-07,"Hoses & Bellows",11425,173162.45
2022-01-07,"Other Automotive",7953,72147.24
2022-01-07,"Powertrain Mounts",3496,200714.25
2022-01-07,"Sealing",56027,175349.75
2022-01-08,"Cable Protection",2917,18902.88
2022-01-08,"Chassis NVH",2804,66658.46
2022-01-08,"Hoses & Bellows",4546,68700.36
2022-01-08,"Other Automotive",2184,19384.34
2022-01-08,"Powertrain Mounts",1229,71931.22
2022-01-08,"Sealing",14659,45790.54
2022-01-09,"Cable Protection",1858,11939.08
2022-01-09,"Chassis NVH",2299,56160.8
2022-01-09,"Hoses & Bellows",3382,50009.61
2022-01-09,"Other Automotive",1593,14334.03
2022-01-09,"Powertrain Mounts",958,56366.24
2022-01-09,"Sealing",10700,34433.33
2022-01-10,"Cable Protection",17355,117012.82
2022-01-10,"Chassis NVH",9145,224344.92
2022-01-10,"Hoses & Bellows",13337,195939.97
2022-01-10,"Other Automotive",8574,80213.04
2022-01-10,"Powertrain Mounts",4295,246710.73
2022-01-10,"Sealing",69246,224414.27
2022-01-11,"Cable Protection",17664,115243.3
2022-01-11,"Chassis NVH",9472,222310.18
2022-01-11,"Hoses & Bellows",13195,199263.87
2022-01-11,"Other Automotive",9518,86290.59
2022-01-11,"Powertrain Mounts",4764,279885.24
2022-01-11,"Sealing",76017,240995.63
2022-01-12,"Cable Protection",18593,121173.22
2022-01-12,"Chassis NVH",9375,225939.48
2022-01-12,"Hoses & Bellows",12709,188192.86
2022-01-12,"Other Automotive",9106,79882.08
2022-01-12,"Powertrain Mounts",4779,278548.2
2022-01-12,"Sealing",76788,237493.52
2022-01-13,"Cable Protection",19288,125704.04
2022-01-13,"Chassis NVH",9003,215861.06
2022-01-13,"Hoses & Bellows",12446,187727.6
2022-01-13,"Other Automotive",9741,90827.42
2022-01-13,"Powertrain Mounts",4340,258723.9
2022-01-13,"Sealing",79388,257967.49
2022-01-14,"Cable Protection",16744,107853.8
2022-01-14,"Chassis NVH",8386,201914.24
2022-01-14,"Hoses & Bellows",11518,171217.95
2022-01-14,"Other Automotive",8786,75949.83
2022-01-14,"Powertrain Mounts",4103,242806.86
2022-01-14,"Sealing",69477,228826.5
2022-01-15,"Cable Protection",3336,21857.63
2022-01-15,"Chassis NVH",2828,68400.47
2022-01-15,"Hoses & Bellows",4090,60940.64
2022-01-15,"Other Automotive",2399,21723
2022-01-15,"Powertrain Mounts",1330,77782.8
2022-01-15,"Sealing",16098,51937.94
2022-01-16,"Cable Protection",1857,12083.52
2022-01-16,"Chassis NVH",2400,58739.63
2022-01-16,"Hoses & Bellows",3163,46650.13
2022-01-16,"Other Automotive",1613,14446.9
2022-01-16,"Powertrain Mounts",1002,57556.16
2022-01-16,"Sealing",10683,34847.14
2022-01-17,"Cable Protection",17084,108094.99
2022-01-17,"Chassis NVH",9476,224255.27
2022-01-17,"Hoses & Bellows",12851,192686
2022-01-17,"Other Automotive",8598,78200.65
2022-01-17,"Powertrain Mounts",4332,250099.35
2022-01-17,"Sealing",67061,213654.37
2022-01-18,"Cable Protection",17337,112279.41
2022-01-18,"Chassis NVH",8867,210766.69
2022-01-18,"Hoses & Bellows",12378,180932.71
2022-01-18,"Other Automotive",9015,83324.77
2022-01-18,"Powertrain Mounts",4545,262936.17
2022-01-18,"Sealing",73025,230393.53
2022-01-19,"Cable Protection",16854,110845.14
2022-01-19,"Chassis NVH",9241,220221.25
2022-01-19,"Hoses & Bellows",13248,195588.58
2022-01-19,"Other Automotive",9123,82721.38
2022-01-19,"Powertrain Mounts",4480,265232.36
2022-01-19,"Sealing",72099,225205.82
2022-01-20,"Cable Protection",16257,106110.29
2022-01-20,"Chassis NVH",9214,214457.3
2022-01-20,"Hoses & Bellows",13413,197564.57
2022-01-20,"Other Automotive",9651,87244.47
2022-01-20,"Powertrain Mounts",4327,251278.09
2022-01-20,"Sealing",68852,211946.12
2022-01-21,"Cable Protection",15078,95338.5
2022-01-21,"Chassis NVH",8560,200422.48
2022-01-21,"Hoses & Bellows",11685,178320.67
2022-01-21,"Other Automotive",8950,76130.74
2022-01-21,"Powertrain Mounts",3833,220375.55
2022-01-21,"Sealing",59252,193898.79
2022-01-22,"Cable Protection",3192,19943.92
2022-01-22,"Chassis NVH",2944,71972.14
2022-01-22,"Hoses & Bellows",4224,62782.53
2022-01-22,"Other Automotive",2257,20353.09
2022-01-22,"Powertrain Mounts",1356,77554
2022-01-22,"Sealing",16006,50050.71
2022-01-23,"Cable Protection",1854,12121.19
2022-01-23,"Chassis NVH",2217,53208.55
2022-01-23,"Hoses & Bellows",3289,49516.75
2022-01-23,"Other Automotive",1726,15812.91
2022-01-23,"Powertrain Mounts",1062,61073.23
2022-01-23,"Sealing",9864,30447.59
2022-01-24,"Cable Protection",15960,104278.23
2022-01-24,"Chassis NVH",9224,216869.93
2022-01-24,"Hoses & Bellows",13747,212693.37
2022-01-24,"Other Automotive",8898,80903.89
2022-01-24,"Powertrain Mounts",4462,261401.38
2022-01-24,"Sealing",68657,216508.08
2022-01-25,"Cable Protection",17347,112063.06
2022-01-25,"Chassis NVH",9962,234502.69
2022-01-25,"Hoses & Bellows",14786,215226.4
2022-01-25,"Other Automotive",9348,84009.33
2022-01-25,"Powertrain Mounts",4411,257570.93
2022-01-25,"Sealing",69716,216255.26
2022-01-26,"Cable Protection",16771,109906.28
2022-01-26,"Chassis NVH",10434,257419.02
2022-01-26,"Hoses & Bellows",14120,213302.57
2022-01-26,"Other Automotive",9811,88560.59
2022-01-26,"Powertrain Mounts",4670,273557.08
2022-01-26,"Sealing",67312,211749.73
2022-01-27,"Cable Protection",17641,115178.55
2022-01-27,"Chassis NVH",10603,253479.39
2022-01-27,"Hoses & Bellows",13730,204471.47
2022-01-27,"Other Automotive",10156,89995.59
2022-01-27,"Powertrain Mounts",4565,263240.34
2022-01-27,"Sealing",66560,210189.35
2022-01-28,"Cable Protection",15396,97474.99
2022-01-28,"Chassis NVH",9704,239292.24
2022-01-28,"Hoses & Bellows",11804,179241.54
2022-01-28,"Other Automotive",9000,80899.01
2022-01-28,"Powertrain Mounts",3862,221742.58
2022-01-28,"Sealing",60200,188641.9
2022-01-29,"Cable Protection",3108,19735.77
2022-01-29,"Chassis NVH",3337,77054.02
2022-01-29,"Hoses & Bellows",4123,63027.53
2022-01-29,"Other Automotive",2361,21114.37
2022-01-29,"Powertrain Mounts",1235,72210.04
2022-01-29,"Sealing",14966,48664.54
2022-01-30,"Cable Protection",1803,11770.59
2022-01-30,"Chassis NVH",2558,61424.43
2022-01-30,"Hoses & Bellows",3386,51404.15
2022-01-30,"Other Automotive",1624,14709.43
2022-01-30,"Powertrain Mounts",958,55519.13
2022-01-30,"Sealing",9848,31688.03
2022-01-31,"Cable Protection",15443,98838.55
2022-01-31,"Chassis NVH",8849,213418.4
2022-01-31,"Hoses & Bellows",11671,174058.69
2022-01-31,"Other Automotive",8690,80027.43
2022-01-31,"Powertrain Mounts",4139,238558.55
2022-01-31,"Sealing",59040,184715.82
2022-02-01,"Cable Protection",19385,126522
2022-02-01,"Chassis NVH",9880,232513.24
2022-02-01,"Hoses & Bellows",14312,214415.08
2022-02-01,"Other Automotive",9828,87460.35
2022-02-01,"Powertrain Mounts",4621,264172.09
2022-02-01,"Sealing",68729,214392.13
2022-02-02,"Cable Protection",20352,133351.25
2022-02-02,"Chassis NVH",10863,255051.47
2022-02-02,"Hoses & Bellows",14821,218640.7
2022-02-02,"Other Automotive",9767,89138.98
2022-02-02,"Powertrain Mounts",4929,279911.27
2022-02-02,"Sealing",76925,248963.06
2022-02-03,"Cable Protection",19166,124822.42
2022-02-03,"Chassis NVH",10661,258415.85
2022-02-03,"Hoses & Bellows",14430,220119.32
2022-02-03,"Other Automotive",9373,85750.55
2022-02-03,"Powertrain Mounts",4485,260006.55
2022-02-03,"Sealing",78055,253225.54
2022-02-04,"Cable Protection",18591,118038.52
2022-02-04,"Chassis NVH",8600,205680.36
2022-02-04,"Hoses & Bellows",12262,183427.13
2022-02-04,"Other Automotive",10431,95204.81
2022-02-04,"Powertrain Mounts",4275,252512.34
2022-02-04,"Sealing",67850,204348.01
2022-02-05,"Cable Protection",3768,24849.84
2022-02-05,"Chassis NVH",3044,73389.82
2022-02-05,"Hoses & Bellows",4291,63469.41
2022-02-05,"Other Automotive",2494,22381.58
2022-02-05,"Powertrain Mounts",1345,76154.13
2022-02-05,"Sealing",17381,55499.24
2022-02-06,"Cable Protection",2011,12611.97
2022-02-06,"Chassis NVH",2409,57311.48
2022-02-06,"Hoses & Bellows",3266,50198.69
2022-02-06,"Other Automotive",1636,14897.76
2022-02-06,"Powertrain Mounts",921,52398.11
2022-02-06,"Sealing",10758,33794.45
2022-02-07,"Cable Protection",20287,130360.54
2022-02-07,"Chassis NVH",9818,236454.53
2022-02-07,"Hoses & Bellows",13214,194934.47
2022-02-07,"Other Automotive",10557,94135.01
2022-02-07,"Powertrain Mounts",4814,278458
2022-02-07,"Sealing",81859,257570.4
2022-02-08,"Cable Protection",21430,140204.11
2022-02-08,"Chassis NVH",10403,248096.56
2022-02-08,"Hoses & Bellows",14135,213343.53
2022-02-08,"Other Automotive",10998,98561.2
2022-02-08,"Powertrain Mounts",4933,296078.02
2022-02-08,"Sealing",81457,267618.92
2022-02-09,"Cable Protection",21872,143214.44
2022-02-09,"Chassis NVH",11004,260892.17
2022-02-09,"Hoses & Bellows",13955,215977.13
2022-02-09,"Other Automotive",11649,108720.75
2022-02-09,"Powertrain Mounts",4902,286819.93
2022-02-09,"Sealing",84194,255373.73
2022-02-10,"Cable Protection",20607,129341.44
2022-02-10,"Chassis NVH",11513,274525.79
2022-02-10,"Hoses & Bellows",13562,209151.65
2022-02-10,"Other Automotive",11293,101549.93
2022-02-10,"Powertrain Mounts",4645,272042.77
2022-02-10,"Sealing",83685,270024.9
2022-02-11,"Cable Protection",19147,130518.88
2022-02-11,"Chassis NVH",10814,266518.53
2022-02-11,"Hoses & Bellows",12627,189417
2022-02-11,"Other Automotive",10985,98602.35
2022-02-11,"Powertrain Mounts",4167,239203.45
2022-02-11,"Sealing",75269,236027.63
2022-02-12,"Cable Protection",3586,24214.19
2022-02-12,"Chassis NVH",3578,89877
2022-02-12,"Hoses & Bellows",4415,67007.26
2022-02-12,"Other Automotive",2790,24695.78
2022-02-12,"Powertrain Mounts",1276,74787.64
2022-02-12,"Sealing",16223,53432.24
2022-02-13,"Cable Protection",1912,12638.18
2022-02-13,"Chassis NVH",2839,66580.78
2022-02-13,"Hoses & Bellows",3319,50512.47
2022-02-13,"Other Automotive",1747,15855.88
2022-02-13,"Powertrain Mounts",1051,61233.97
2022-02-13,"Sealing",10124,32877.43
2022-02-14,"Cable Protection",19103,125053.11
2022-02-14,"Chassis NVH",9990,237821.26
2022-02-14,"Hoses & Bellows",13247,194682.01
2022-02-14,"Other Automotive",10277,92423.9
2022-02-14,"Powertrain Mounts",4458,267926.82
2022-02-14,"Sealing",75795,237044.86
2022-02-15,"Cable Protection",20777,135057.91
2022-02-15,"Chassis NVH",9807,235207.18
2022-02-15,"Hoses & Bellows",13846,215155.75
2022-02-15,"Other Automotive",11028,98286.92
2022-02-15,"Powertrain Mounts",4867,275931.1
2022-02-15,"Sealing",79253,255348.87
2022-02-16,"Cable Protection",20643,134501.05
2022-02-16,"Chassis NVH",9702,233606.83
2022-02-16,"Hoses & Bellows",14412,223081.61
2022-02-16,"Other Automotive",10961,99556.77
2022-02-16,"Powertrain Mounts",4779,276904.85
2022-02-16,"Sealing",76043,238851.58
2022-02-17,"Cable Protection",20492,134268.92
2022-02-17,"Chassis NVH",10098,235354.4
2022-02-17,"Hoses & Bellows",14525,217478.16
2022-02-17,"Other Automotive",9763,87960.44
2022-02-17,"Powertrain Mounts",4657,268688.89
2022-02-17,"Sealing",72423,232015.49
2022-02-18,"Cable Protection",17662,115375.28
2022-02-18,"Chassis NVH",8488,203445.59
2022-02-18,"Hoses & Bellows",11471,177554.71
2022-02-18,"Other Automotive",9864,90391.09
2022-02-18,"Powertrain Mounts",4219,246932.61
2022-02-18,"Sealing",69250,226773.65
2022-02-19,"Cable Protection",3609,22688.64
2022-02-19,"Chassis NVH",2952,69614.8
2022-02-19,"Hoses & Bellows",4025,60827.19
2022-02-19,"Other Automotive",2466,21964.82
2022-02-19,"Powertrain Mounts",1364,80312.22
2022-02-19,"Sealing",16181,49894.3
2022-02-20,"Cable Protection",1941,12438.63
2022-02-20,"Chassis NVH",2305,55702.86
2022-02-20,"Hoses & Bellows",3378,50002.5
2022-02-20,"Other Automotive",1659,15253.47
2022-02-20,"Powertrain Mounts",1060,62161.44
2022-02-20,"Sealing",9628,31066.43
2022-02-21,"Cable Protection",20206,130854.26
2022-02-21,"Chassis NVH",9660,233810.86
2022-02-21,"Hoses & Bellows",13611,205595.25
2022-02-21,"Other Automotive",10144,90307.42
2022-02-21,"Powertrain Mounts",4849,276367.74
2022-02-21,"Sealing",72652,227328.6
2022-02-22,"Cable Protection",20373,126770.01
2022-02-22,"Chassis NVH",9690,231619.83
2022-02-22,"Hoses & Bellows",13897,209343.32
2022-02-22,"Other Automotive",10443,93851.06
2022-02-22,"Powertrain Mounts",4924,278737.3
2022-02-22,"Sealing",76796,238274.27
2022-02-23,"Cable Protection",20255,132506.75
2022-02-23,"Chassis NVH",9766,234705.88
2022-02-23,"Hoses & Bellows",14567,217483.61
2022-02-23,"Other Automotive",10321,90897.98
2022-02-23,"Powertrain Mounts",4969,289922.69
2022-02-23,"Sealing",80239,258221.67
2022-02-24,"Cable Protection",20429,138331.05
2022-02-24,"Chassis NVH",9822,234394.82
2022-02-24,"Hoses & Bellows",14482,218667.62
2022-02-24,"Other Automotive",10891,96214.39
2022-02-24,"Powertrain Mounts",4878,275471.35
2022-02-24,"Sealing",79603,255862.02
2022-02-25,"Cable Protection",19452,130682.21
2022-02-25,"Chassis NVH",9270,224921.95
2022-02-25,"Hoses & Bellows",12642,193879.92
2022-02-25,"Other Automotive",10002,90118.91
2022-02-25,"Powertrain Mounts",4193,249882.4
2022-02-25,"Sealing",71819,227724.64
2022-02-26,"Cable Protection",3937,25180.26
2022-02-26,"Chassis NVH",3129,73549.72
2022-02-26,"Hoses & Bellows",4472,65194.47
2022-02-26,"Other Automotive",2644,23162.83
2022-02-26,"Powertrain Mounts",1189,69481.84
2022-02-26,"Sealing",16777,54559.17
2022-02-27,"Cable Protection",2134,14522.81
2022-02-27,"Chassis NVH",2359,55773.99
2022-02-27,"Hoses & Bellows",3536,53300.89
2022-02-27,"Other Automotive",1665,14789.85
2022-02-27,"Powertrain Mounts",926,53472.64
2022-02-27,"Sealing",9861,31554.87
2022-02-28,"Cable Protection",20229,130996.64
2022-02-28,"Chassis NVH",9637,238207.4
2022-02-28,"Hoses & Bellows",14164,212714.97
2022-02-28,"Other Automotive",9978,89384.55
2022-02-28,"Powertrain Mounts",4440,267248.36
2022-02-28,"Sealing",71966,233660.21
2022-03-01,"Cable Protection",18573,118191.08
2022-03-01,"Chassis NVH",10145,240024.85
2022-03-01,"Hoses & Bellows",13395,207742.11
2022-03-01,"Other Automotive",10473,92734.1
2022-03-01,"Powertrain Mounts",4425,250414.95
2022-03-01,"Sealing",67799,219580.4
2022-03-02,"Cable Protection",18620,117728.29
2022-03-02,"Chassis NVH",10628,246100.2
2022-03-02,"Hoses & Bellows",14500,216470.98
2022-03-02,"Other Automotive",10825,96242.51
2022-03-02,"Powertrain Mounts",4437,259254.78
2022-03-02,"Sealing",71299,227247.22
2022-03-03,"Cable Protection",18597,122704.46
2022-03-03,"Chassis NVH",10326,247172.06
2022-03-03,"Hoses & Bellows",12874,190766.69
2022-03-03,"Other Automotive",10793,96369.24
2022-03-03,"Powertrain Mounts",4322,249438.03
2022-03-03,"Sealing",68426,219063.86
2022-03-04,"Cable Protection",16480,109292.13
2022-03-04,"Chassis NVH",9435,230854.58
2022-03-04,"Hoses & Bellows",12656,191132.96
2022-03-04,"Other Automotive",9659,88594.29
2022-03-04,"Powertrain Mounts",4017,234802.45
2022-03-04,"Sealing",63877,204109.56
2022-03-05,"Cable Protection",3374,21799.13
2022-03-05,"Chassis NVH",3184,75330.63
2022-03-05,"Hoses & Bellows",4762,72087.53
2022-03-05,"Other Automotive",2542,22725.88
2022-03-05,"Powertrain Mounts",1236,71807.34
2022-03-05,"Sealing",15111,48160.46
2022-03-06,"Cable Protection",1739,11417.06
2022-03-06,"Chassis NVH",2448,57446.38
2022-03-06,"Hoses & Bellows",3515,54973.08
2022-03-06,"Other Automotive",1696,15097.74
2022-03-06,"Powertrain Mounts",953,54553.6
2022-03-06,"Sealing",10139,32364.06
2022-03-07,"Cable Protection",15644,102182.05
2022-03-07,"Chassis NVH",9263,221468.88
2022-03-07,"Hoses & Bellows",12859,197353.97
2022-03-07,"Other Automotive",9793,89871.96
2022-03-07,"Powertrain Mounts",4007,238752.34
2022-03-07,"Sealing",62959,203466.49
2022-03-08,"Cable Protection",17649,113078.04
2022-03-08,"Chassis NVH",9982,241611.93
2022-03-08,"Hoses & Bellows",14275,210550.7
2022-03-08,"Other Automotive",10157,93113.49
2022-03-08,"Powertrain Mounts",4259,245009.73
2022-03-08,"Sealing",65746,213177.95
2022-03-09,"Cable Protection",16107,103508.5
2022-03-09,"Chassis NVH",9998,243251.68
2022-03-09,"Hoses & Bellows",14004,210186.42
2022-03-09,"Other Automotive",10213,90606.9
2022-03-09,"Powertrain Mounts",4445,255416.5
2022-03-09,"Sealing",65077,206865.3
2022-03-10,"Cable Protection",16885,111135.69
2022-03-10,"Chassis NVH",9747,232198.27
2022-03-10,"Hoses & Bellows",13214,195717.6
2022-03-10,"Other Automotive",9608,87075.1
2022-03-10,"Powertrain Mounts",4255,247550.33
2022-03-10,"Sealing",63669,196143.64
2022-03-11,"Cable Protection",16596,109263.51
2022-03-11,"Chassis NVH",9212,223849.56
2022-03-11,"Hoses & Bellows",11785,176771.75
2022-03-11,"Other Automotive",8768,80885.15
2022-03-11,"Powertrain Mounts",3779,218422.42
2022-03-11,"Sealing",62214,200954.29
2022-03-12,"Cable Protection",3631,23054.98
2022-03-12,"Chassis NVH",3078,75327.86
2022-03-12,"Hoses & Bellows",4376,65907.26
2022-03-12,"Other Automotive",2403,21411.07
2022-03-12,"Powertrain Mounts",1187,69318.09
2022-03-12,"Sealing",14739,45934.03
2022-03-13,"Cable Protection",2052,13259.11
2022-03-13,"Chassis NVH",2457,58426.67
2022-03-13,"Hoses & Bellows",3282,48332.07
2022-03-13,"Other Automotive",1719,15320.57
2022-03-13,"Powertrain Mounts",1014,56600.09
2022-03-13,"Sealing",9325,30402.81
2022-03-14,"Cable Protection",17889,114832.16
2022-03-14,"Chassis NVH",9692,232007.91
2022-03-14,"Hoses & Bellows",12668,184107.92
2022-03-14,"Other Automotive",10126,91472.89
2022-03-14,"Powertrain Mounts",3986,232804.97
2022-03-14,"Sealing",64766,209371.02
2022-03-15,"Cable Protection",18054,115819.73
2022-03-15,"Chassis NVH",10182,240067.13
2022-03-15,"Hoses & Bellows",13062,193589.23
2022-03-15,"Other Automotive",11015,99529.7
2022-03-15,"Powertrain Mounts",4337,256804.29
2022-03-15,"Sealing",68996,217592.2
2022-03-16,"Cable Protection",18888,123544.41
2022-03-16,"Chassis NVH",9513,224424.34
2022-03-16,"Hoses & Bellows",14034,210964.72
2022-03-16,"Other Automotive",9931,90777.18
2022-03-16,"Powertrain Mounts",4815,287653.87
2022-03-16,"Sealing",69646,218910.68
2022-03-17,"Cable Protection",18641,117710.99
2022-03-17,"Chassis NVH",9403,228886.24
2022-03-17,"Hoses & Bellows",13679,203360.21
2022-03-17,"Other Automotive",10266,90352.42
2022-03-17,"Powertrain Mounts",4425,261572.8
2022-03-17,"Sealing",72595,232806.02
2022-03-18,"Cable Protection",16718,111286.46
2022-03-18,"Chassis NVH",8288,200543.42
2022-03-18,"Hoses & Bellows",12703,193882.27
2022-03-18,"Other Automotive",9878,88842.68
2022-03-18,"Powertrain Mounts",4033,249064.87
2022-03-18,"Sealing",65152,203495.4
2022-03-19,"Cable Protection",3453,23253.29
2022-03-19,"Chassis NVH",2856,69469.4
2022-03-19,"Hoses & Bellows",4176,62213.4
2022-03-19,"Other Automotive",2578,23385.18
2022-03-19,"Powertrain Mounts",1202,69339.11
2022-03-19,"Sealing",15338,49487.27
2022-03-20,"Cable Protection",1843,12325.81
2022-03-20,"Chassis NVH",2324,54047.69
2022-03-20,"Hoses & Bellows",3391,51568.02
2022-03-20,"Other Automotive",1807,15870.75
2022-03-20,"Powertrain Mounts",886,52716.88
2022-03-20,"Sealing",9854,31214.52
2022-03-21,"Cable Protection",16598,103106.29
2022-03-21,"Chassis NVH",8853,209856.32
2022-03-21,"Hoses & Bellows",12750,193834.71
2022-03-21,"Other Automotive",9910,88600.34
2022-03-21,"Powertrain Mounts",4129,243061.87
2022-03-21,"Sealing",69448,219845.68
2022-03-22,"Cable Protection",18664,120574.23
2022-03-22,"Chassis NVH",9724,232725.61
2022-03-22,"Hoses & Bellows",13002,201966.07
2022-03-22,"Other Automotive",9652,86301.88
2022-03-22,"Powertrain Mounts",4322,250556.32
2022-03-22,"Sealing",78692,247128.44
2022-03-23,"Cable Protection",19582,130004.71
2022-03-23,"Chassis NVH",10054,240792.98
2022-03-23,"Hoses & Bellows",12590,188124.41
2022-03-23,"Other Automotive",10018,88451.34
2022-03-23,"Powertrain Mounts",4474,266321.77
2022-03-23,"Sealing",75821,238782.2
2022-03-24,"Cable Protection",19166,117832.45
2022-03-24,"Chassis NVH",9727,230442.28
2022-03-24,"Hoses & Bellows",13255,200784.89
2022-03-24,"Other Automotive",10021,89317.03
2022-03-24,"Powertrain Mounts",4516,262594.97
2022-03-24,"Sealing",70300,224489.72
2022-03-25,"Cable Protection",17202,114146.06
2022-03-25,"Chassis NVH",8991,212418.93
2022-03-25,"Hoses & Bellows",11929,181825.17
2022-03-25,"Other Automotive",9346,85049.04
2022-03-25,"Powertrain Mounts",4261,252126.51
2022-03-25,"Sealing",66956,211295.86
2022-03-26,"Cable Protection",3554,22739.38
2022-03-26,"Chassis NVH",2994,73137.23
2022-03-26,"Hoses & Bellows",4094,61738.39
2022-03-26,"Other Automotive",2609,23643.1
2022-03-26,"Powertrain Mounts",1319,79194.05
2022-03-26,"Sealing",15467,49735.73
2022-03-27,"Cable Protection",2072,13527.72
2022-03-27,"Chassis NVH",2261,54942.16
2022-03-27,"Hoses & Bellows",3361,49473.1
2022-03-27,"Other Automotive",1788,15953.91
2022-03-27,"Powertrain Mounts",988,57652.71
2022-03-27,"Sealing",9836,31310.49
2022-03-28,"Cable Protection",19051,124214.99
2022-03-28,"Chassis NVH",9319,217336.54
2022-03-28,"Hoses & Bellows",13268,195433.13
2022-03-28,"Other Automotive",9952,91222.01
2022-03-28,"Powertrain Mounts",4541,275814.71
2022-03-28,"Sealing",67445,219469.22
2022-03-29,"Cable Protection",19335,126889.88
2022-03-29,"Chassis NVH",9708,229816.81
2022-03-29,"Hoses & Bellows",14369,216694.23
2022-03-29,"Other Automotive",9565,85950.4
2022-03-29,"Powertrain Mounts",4620,257346.39
2022-03-29,"Sealing",71550,225652.83
2022-03-30,"Cable Protection",19255,119951.72
2022-03-30,"Chassis NVH",9577,228274.32
2022-03-30,"Hoses & Bellows",14614,220754.23
2022-03-30,"Other Automotive",9410,84892.98
2022-03-30,"Powertrain Mounts",4503,257109.2
2022-03-30,"Sealing",69491,228859.64
2022-03-31,"Cable Protection",19284,125161.36
2022-03-31,"Chassis NVH",9521,235356.79
2022-03-31,"Hoses & Bellows",14349,218873.04
2022-03-31,"Other Automotive",9556,85888.13
2022-03-31,"Powertrain Mounts",4465,253271.94
2022-03-31,"Sealing",71126,236695.28
2022-04-01,"Cable Protection",17635,112746.12
2022-04-01,"Chassis NVH",8729,209572.96
2022-04-01,"Hoses & Bellows",12656,187075.47
2022-04-01,"Other Automotive",9102,84444.23
2022-04-01,"Powertrain Mounts",4365,263352.24
2022-04-01,"Sealing",61547,196871.73
2022-04-02,"Cable Protection",3413,22820.36
2022-04-02,"Chassis NVH",3142,77000.77
2022-04-02,"Hoses & Bellows",4280,66724.72
2022-04-02,"Other Automotive",2473,22219.99
2022-04-02,"Powertrain Mounts",1399,79046.13
2022-04-02,"Sealing",14385,44626.53
2022-04-03,"Cable Protection",2050,13372.55
2022-04-03,"Chassis NVH",2563,62407.06
2022-04-03,"Hoses & Bellows",3564,53300.41
2022-04-03,"Other Automotive",1684,15123.15
2022-04-03,"Powertrain Mounts",1056,61798.55
2022-04-03,"Sealing",9583,31541.41
2022-04-04,"Cable Protection",16331,103698.13
2022-04-04,"Chassis NVH",8712,210893.52
2022-04-04,"Hoses & Bellows",11781,176200.25
2022-04-04,"Other Automotive",8680,80348.22
2022-04-04,"Powertrain Mounts",4211,240904.95
2022-04-04,"Sealing",66136,206921.15
2022-04-05,"Cable Protection",17708,113905.04
2022-04-05,"Chassis NVH",9671,231655.34
2022-04-05,"Hoses & Bellows",12874,191621.59
2022-04-05,"Other Automotive",8823,79300.87
2022-04-05,"Powertrain Mounts",4535,261686.97
2022-04-05,"Sealing",67536,219572.44
2022-04-06,"Cable Protection",17356,111647.68
2022-04-06,"Chassis NVH",9915,227998.28
2022-04-06,"Hoses & Bellows",12962,199696.49
2022-04-06,"Other Automotive",8973,81295.4
2022-04-06,"Powertrain Mounts",4571,276058.22
2022-04-06,"Sealing",68151,218891.8
2022-04-07,"Cable Protection",16858,109380.53
2022-04-07,"Chassis NVH",9437,226445.62
2022-04-07,"Hoses & Bellows",12289,184403.09
2022-04-07,"Other Automotive",8920,81117.48
2022-04-07,"Powertrain Mounts",4454,260972.5
2022-04-07,"Sealing",69610,226924.55
2022-04-08,"Cable Protection",16853,109241.09
2022-04-08,"Chassis NVH",9071,215236.88
2022-04-08,"Hoses & Bellows",12116,179062.59
2022-04-08,"Other Automotive",8530,78485.71
2022-04-08,"Powertrain Mounts",4084,236311.02
2022-04-08,"Sealing",61088,194818.74
2022-04-09,"Cable Protection",3258,21053.16
2022-04-09,"Chassis NVH",2899,69562.62
2022-04-09,"Hoses & Bellows",4110,60706.01
2022-04-09,"Other Automotive",2279,20660.65
2022-04-09,"Powertrain Mounts",1259,71373.64
2022-04-09,"Sealing",16113,51554.01
2022-04-10,"Cable Protection",2013,13101.37
2022-04-10,"Chassis NVH",2406,57848.46
2022-04-10,"Hoses & Bellows",3375,51076.62
2022-04-10,"Other Automotive",1666,15182.58
2022-04-10,"Powertrain Mounts",957,54817.19
2022-04-10,"Sealing",10673,34446.17
2022-04-11,"Cable Protection",15346,98195.29
2022-04-11,"Chassis NVH",8698,208265.01
2022-04-11,"Hoses & Bellows",11127,164755.68
2022-04-11,"Other Automotive",8400,74075.06
2022-04-11,"Powertrain Mounts",3836,219617.49
2022-04-11,"Sealing",60168,190712.55
2022-04-12,"Cable Protection",15346,98794.4
2022-04-12,"Chassis NVH",8542,213373.94
2022-04-12,"Hoses & Bellows",11997,183026.34
2022-04-12,"Other Automotive",8724,79662.66
2022-04-12,"Powertrain Mounts",3838,220170.54
2022-04-12,"Sealing",56116,178983.46
2022-04-13,"Cable Protection",17299,110181.15
2022-04-13,"Chassis NVH",8746,209971.26
2022-04-13,"Hoses & Bellows",12206,185586.4
2022-04-13,"Other Automotive",8243,72573.33
2022-04-13,"Powertrain Mounts",4209,241115.06
2022-04-13,"Sealing",64882,217174.5
2022-04-14,"Cable Protection",4299,28703.75
2022-04-14,"Chassis NVH",3258,78486.9
2022-04-14,"Hoses & Bellows",4621,68922.59
2022-04-14,"Other Automotive",2441,20831.63
2022-04-14,"Powertrain Mounts",1346,77273.47
2022-04-14,"Sealing",17508,56736.52
2022-04-15,"Cable Protection",18458,123828.32
2022-04-15,"Chassis NVH",8409,206224.69
2022-04-15,"Hoses & Bellows",11827,180335.4
2022-04-15,"Other Automotive",8147,75190.54
2022-04-15,"Powertrain Mounts",3963,232897.96
2022-04-15,"Sealing",62598,200111.36
2022-04-16,"Cable Protection",1832,12067.26
2022-04-16,"Chassis NVH",2322,55928.43
2022-04-16,"Hoses & Bellows",3162,47602.07
2022-04-16,"Other Automotive",1461,13598.78
2022-04-16,"Powertrain Mounts",898,51185.86
2022-04-16,"Sealing",9199,29875.86
2022-04-17,"Cable Protection",1956,12391.07
2022-04-17,"Chassis NVH",2389,58135.17
2022-04-17,"Hoses & Bellows",3288,48793.18
2022-04-17,"Other Automotive",1588,14619.19
2022-04-17,"Powertrain Mounts",886,51662.13
2022-04-17,"Sealing",9494,29467.18
2022-04-18,"Cable Protection",18815,121843.16
2022-04-18,"Chassis NVH",10196,245689.15
2022-04-18,"Hoses & Bellows",12929,193198.39
2022-04-18,"Other Automotive",8432,76200.26
2022-04-18,"Powertrain Mounts",4168,244525.02
2022-04-18,"Sealing",67019,210696.34
2022-04-19,"Cable Protection",16232,107628.85
2022-04-19,"Chassis NVH",9681,227019.5
2022-04-19,"Hoses & Bellows",12441,188026.82
2022-04-19,"Other Automotive",8323,73724.02
2022-04-19,"Powertrain Mounts",3971,225871.11
2022-04-19,"Sealing",61670,197254.59
2022-04-20,"Cable Protection",16640,107630.46
2022-04-20,"Chassis NVH",9378,222930.69
2022-04-20,"Hoses & Bellows",13852,201916.64
2022-04-20,"Other Automotive",8959,81641.36
2022-04-20,"Powertrain Mounts",4200,243327.54
2022-04-20,"Sealing",65162,206662.99
2022-04-21,"Cable Protection",16419,104513.79
2022-04-21,"Chassis NVH",9072,219197.12
2022-04-21,"Hoses & Bellows",13160,197215
2022-04-21,"Other Automotive",9300,88035.27
2022-04-21,"Powertrain Mounts",4430,261007.04
2022-04-21,"Sealing",61597,195053.82
2022-04-22,"Cable Protection",15036,96534.6
2022-04-22,"Chassis NVH",8383,200816.24
2022-04-22,"Hoses & Bellows",12061,177407.06
2022-04-22,"Other Automotive",8722,79664.79
2022-04-22,"Powertrain Mounts",4102,237386.19
2022-04-22,"Sealing",55466,174379.85
2022-04-23,"Cable Protection",3272,21874.48
2022-04-23,"Chassis NVH",3202,74173.84
2022-04-23,"Hoses & Bellows",4377,66054.85
2022-04-23,"Other Automotive",2586,23205.13
2022-04-23,"Powertrain Mounts",1236,72871.54
2022-04-23,"Sealing",14673,46818.27
2022-04-24,"Cable Protection",1954,12466.5
2022-04-24,"Chassis NVH",2532,60666.7
2022-04-24,"Hoses & Bellows",3455,52511.55
2022-04-24,"Other Automotive",1740,15574.54
2022-04-24,"Powertrain Mounts",890,51015.48
2022-04-24,"Sealing",9357,29943.79
2022-04-25,"Cable Protection",17471,115103.96
2022-04-25,"Chassis NVH",9400,231290.03
2022-04-25,"Hoses & Bellows",12650,196719.88
2022-04-25,"Other Automotive",9960,88128.16
2022-04-25,"Powertrain Mounts",4636,278139.63
2022-04-25,"Sealing",67227,218218.09
2022-04-26,"Cable Protection",18557,120805.52
2022-04-26,"Chassis NVH",10674,264466.22
2022-04-26,"Hoses & Bellows",13672,206234.59
2022-04-26,"Other Automotive",10204,91916.28
2022-04-26,"Powertrain Mounts",4463,260347.18
2022-04-26,"Sealing",69748,220283.22
2022-04-27,"Cable Protection",17775,118829.41
2022-04-27,"Chassis NVH",10323,248499.97
2022-04-27,"Hoses & Bellows",13963,208791.82
2022-04-27,"Other Automotive",9740,86158.44
2022-04-27,"Powertrain Mounts",4485,266479.4
2022-04-27,"Sealing",68888,219517.34
2022-04-28,"Cable Protection",17574,116950.93
2022-04-28,"Chassis NVH",9571,230909.8
2022-04-28,"Hoses & Bellows",13784,207725.35
2022-04-28,"Other Automotive",10549,94340.55
2022-04-28,"Powertrain Mounts",4301,247462.8
2022-04-28,"Sealing",67085,213177.14
2022-04-29,"Cable Protection",17123,111628.35
2022-04-29,"Chassis NVH",8861,212798.03
2022-04-29,"Hoses & Bellows",12249,183322.37
2022-04-29,"Other Automotive",9598,85554.36
2022-04-29,"Powertrain Mounts",4147,241646.07
2022-04-29,"Sealing",60308,192128.15
2022-04-30,"Cable Protection",1921,12248.94
2022-04-30,"Chassis NVH",2395,58567.27
2022-04-30,"Hoses & Bellows",3456,52938.89
2022-04-30,"Other Automotive",1662,15162.98
2022-04-30,"Powertrain Mounts",978,55966.9
2022-04-30,"Sealing",9386,30740.39
2022-05-01,"Cable Protection",2025,13397.84
2022-05-01,"Chassis NVH",2440,59236.07
2022-05-01,"Hoses & Bellows",3356,50747.41
2022-05-01,"Other Automotive",1933,17353.06
2022-05-01,"Powertrain Mounts",972,53815.29
2022-05-01,"Sealing",9886,30527.23
2022-05-02,"Cable Protection",20491,131707.77
2022-05-02,"Chassis NVH",9754,233033.99
2022-05-02,"Hoses & Bellows",13821,205134.96
2022-05-02,"Other Automotive",10927,97629.3
2022-05-02,"Powertrain Mounts",4601,265173.53
2022-05-02,"Sealing",71847,233659.44
2022-05-03,"Cable Protection",21213,140571.35
2022-05-03,"Chassis NVH",10418,243693.48
2022-05-03,"Hoses & Bellows",14035,205721.23
2022-05-03,"Other Automotive",11193,102978.27
2022-05-03,"Powertrain Mounts",4683,266237.23
2022-05-03,"Sealing",69554,223856.91
2022-05-04,"Cable Protection",20466,136489.94
2022-05-04,"Chassis NVH",10826,258014.32
2022-05-04,"Hoses & Bellows",14072,215368.16
2022-05-04,"Other Automotive",10886,98525.26
2022-05-04,"Powertrain Mounts",5076,299053.07
2022-05-04,"Sealing",82073,259453.29
2022-05-05,"Cable Protection",20389,133549.07
2022-05-05,"Chassis NVH",10510,252474.4
2022-05-05,"Hoses & Bellows",13956,205893.3
2022-05-05,"Other Automotive",10649,96276.56
2022-05-05,"Powertrain Mounts",4891,288597.97
2022-05-05,"Sealing",72280,224097.59
2022-05-06,"Cable Protection",18445,121980.93
2022-05-06,"Chassis NVH",9476,226686.85
2022-05-06,"Hoses & Bellows",13215,200838.25
2022-05-06,"Other Automotive",9651,84703.9
2022-05-06,"Powertrain Mounts",4798,287433.37
2022-05-06,"Sealing",71949,224155.6
2022-05-07,"Cable Protection",3857,25162.3
2022-05-07,"Chassis NVH",3392,82243.35
2022-05-07,"Hoses & Bellows",4339,66573.71
2022-05-07,"Other Automotive",2535,22470.57
2022-05-07,"Powertrain Mounts",1560,89258.27
2022-05-07,"Sealing",16599,54115.29
2022-05-08,"Cable Protection",2157,13857.88
2022-05-08,"Chassis NVH",2657,63729.48
2022-05-08,"Hoses & Bellows",3983,59138.21
2022-05-08,"Other Automotive",1852,17219.73
2022-05-08,"Powertrain Mounts",969,54783.38
2022-05-08,"Sealing",10355,32955.57
2022-05-09,"Cable Protection",18763,126147.18
2022-05-09,"Chassis NVH",10675,252294.32
2022-05-09,"Hoses & Bellows",13224,200324.23
2022-05-09,"Other Automotive",10509,92987.84
2022-05-09,"Powertrain Mounts",4934,278580.59
2022-05-09,"Sealing",74412,241517.45
2022-05-10,"Cable Protection",18991,123499.19
2022-05-10,"Chassis NVH",10965,267988.52
2022-05-10,"Hoses & Bellows",13802,212400.29
2022-05-10,"Other Automotive",11343,103936.89
2022-05-10,"Powertrain Mounts",5124,296262.2
2022-05-10,"Sealing",80580,257926.71
2022-05-11,"Cable Protection",19795,125336.04
2022-05-11,"Chassis NVH",10768,253908.64
2022-05-11,"Hoses & Bellows",13724,206015.36
2022-05-11,"Other Automotive",11913,105910.79
2022-05-11,"Powertrain Mounts",4997,293746.24
2022-05-11,"Sealing",79505,257074.3
2022-05-12,"Cable Protection",21264,136814.06
2022-05-12,"Chassis NVH",10713,255668.82
2022-05-12,"Hoses & Bellows",14084,204049.9
2022-05-12,"Other Automotive",11801,108080.33
2022-05-12,"Powertrain Mounts",5346,310570.85
2022-05-12,"Sealing",80513,263046.47
2022-05-13,"Cable Protection",19220,123270.32
2022-05-13,"Chassis NVH",9583,233607.1
2022-05-13,"Hoses & Bellows",13389,201639.35
2022-05-13,"Other Automotive",10151,91307.87
2022-05-13,"Powertrain Mounts",4772,277037.33
2022-05-13,"Sealing",67773,216180.02
2022-05-14,"Cable Protection",3926,25706.58
2022-05-14,"Chassis NVH",3222,75674.94
2022-05-14,"Hoses & Bellows",4531,67724.45
2022-05-14,"Other Automotive",2636,23797.44
2022-05-14,"Powertrain Mounts",1523,87065.37
2022-05-14,"Sealing",16145,51378.23
2022-05-15,"Cable Protection",2057,13368.27
2022-05-15,"Chassis NVH",2353,55211.79
2022-05-15,"Hoses & Bellows",3522,52516.65
2022-05-15,"Other Automotive",1758,15289.23
2022-05-15,"Powertrain Mounts",1046,59186.27
2022-05-15,"Sealing",9962,32563.7
2022-05-16,"Cable Protection",19359,130853.69
2022-05-16,"Chassis NVH",9954,235483.44
2022-05-16,"Hoses & Bellows",13513,201676.73
2022-05-16,"Other Automotive",10978,98567.27
2022-05-16,"Powertrain Mounts",4979,288744.5
2022-05-16,"Sealing",74348,233583.56
2022-05-17,"Cable Protection",21284,136156.7
2022-05-17,"Chassis NVH",11097,267382.76
2022-05-17,"Hoses & Bellows",14642,217219.65
2022-05-17,"Other Automotive",12401,111693.8
2022-05-17,"Powertrain Mounts",4979,274427.66
2022-05-17,"Sealing",79382,248156.31
2022-05-18,"Cable Protection",22103,143300.6
2022-05-18,"Chassis NVH",11341,271325.4
2022-05-18,"Hoses & Bellows",15894,244391.82
2022-05-18,"Other Automotive",12344,110038.76
2022-05-18,"Powertrain Mounts",5140,300156.44
2022-05-18,"Sealing",84231,269118.36
2022-05-19,"Cable Protection",21180,137573.91
2022-05-19,"Chassis NVH",11180,273404.29
2022-05-19,"Hoses & Bellows",15315,229746.49
2022-05-19,"Other Automotive",11944,104738.56
2022-05-19,"Powertrain Mounts",4916,289598.27
2022-05-19,"Sealing",79300,251366.81
2022-05-20,"Cable Protection",19140,120592.71
2022-05-20,"Chassis NVH",10438,247283.52
2022-05-20,"Hoses & Bellows",13355,206968.73
2022-05-20,"Other Automotive",11305,102321.6
2022-05-20,"Powertrain Mounts",4639,278301.11
2022-05-20,"Sealing",71557,240124.55
2022-05-21,"Cable Protection",3794,24673.09
2022-05-21,"Chassis NVH",3415,84476.61
2022-05-21,"Hoses & Bellows",4539,66276.45
2022-05-21,"Other Automotive",2686,24166.94
2022-05-21,"Powertrain Mounts",1350,76928.5
2022-05-21,"Sealing",17200,54584.56
2022-05-22,"Cable Protection",1888,12261.58
2022-05-22,"Chassis NVH",2695,66276.37
2022-05-22,"Hoses & Bellows",3340,50332.8
2022-05-22,"Other Automotive",1841,16619.4
2022-05-22,"Powertrain Mounts",1113,61991.64
2022-05-22,"Sealing",10823,34854.66
2022-05-23,"Cable Protection",18692,118232.26
2022-05-23,"Chassis NVH",10492,253258.14
2022-05-23,"Hoses & Bellows",13291,197563.94
2022-05-23,"Other Automotive",10573,95910.96
2022-05-23,"Powertrain Mounts",4542,261331.77
2022-05-23,"Sealing",76945,247481.76
2022-05-24,"Cable Protection",19938,127904.62
2022-05-24,"Chassis NVH",11295,270588.69
2022-05-24,"Hoses & Bellows",14422,211655.22
2022-05-24,"Other Automotive",11753,104730.55
2022-05-24,"Powertrain Mounts",4606,271093.15
2022-05-24,"Sealing",79134,251658.97
2022-05-25,"Cable Protection",4906,31790.03
2022-05-25,"Chassis NVH",4150,99991.63
2022-05-25,"Hoses & Bellows",5259,79569.52
2022-05-25,"Other Automotive",3473,31405.92
2022-05-25,"Powertrain Mounts",1655,93218.54
2022-05-25,"Sealing",22079,72759.45
2022-05-26,"Cable Protection",20109,130196.78
2022-05-26,"Chassis NVH",10954,267514.11
2022-05-26,"Hoses & Bellows",15934,232014.02
2022-05-26,"Other Automotive",10782,98529.36
2022-05-26,"Powertrain Mounts",4920,288196.21
2022-05-26,"Sealing",79870,254027.82
2022-05-27,"Cable Protection",17515,114718.39
2022-05-27,"Chassis NVH",9332,227069.76
2022-05-27,"Hoses & Bellows",13764,203537.68
2022-05-27,"Other Automotive",8897,79693.8
2022-05-27,"Powertrain Mounts",4272,239164.62
2022-05-27,"Sealing",65642,207208.28
2022-05-28,"Cable Protection",3537,22357.94
2022-05-28,"Chassis NVH",3395,83289.56
2022-05-28,"Hoses & Bellows",4641,71384.62
2022-05-28,"Other Automotive",2785,24296.76
2022-05-28,"Powertrain Mounts",1341,78334.95
2022-05-28,"Sealing",16190,50615.88
2022-05-29,"Cable Protection",2039,13545.2
2022-05-29,"Chassis NVH",2420,56639.29
2022-05-29,"Hoses & Bellows",3651,56513.45
2022-05-29,"Other Automotive",1790,16339.5
2022-05-29,"Powertrain Mounts",917,51756.84
2022-05-29,"Sealing",9996,31870.49
2022-05-30,"Cable Protection",18648,123642.72
2022-05-30,"Chassis NVH",10610,254836.37
2022-05-30,"Hoses & Bellows",14861,226436.95
2022-05-30,"Other Automotive",10893,98732.65
2022-05-30,"Powertrain Mounts",4338,253989.93
2022-05-30,"Sealing",68995,222698.29
2022-05-31,"Cable Protection",20640,134245.67
2022-05-31,"Chassis NVH",11875,285321.81
2022-05-31,"Hoses & Bellows",17168,257599.13
2022-05-31,"Other Automotive",11255,102041.96
2022-05-31,"Powertrain Mounts",4745,263729.18
2022-05-31,"Sealing",76373,246531.38
2022-06-01,"Cable Protection",20448,132029.96
2022-06-01,"Chassis NVH",11339,286052.37
2022-06-01,"Hoses & Bellows",15038,225441.07
2022-06-01,"Other Automotive",10867,97300.62
2022-06-01,"Powertrain Mounts",5367,302769.48
2022-06-01,"Sealing",79986,250645.34
2022-06-02,"Cable Protection",20240,136851.11
2022-06-02,"Chassis NVH",11209,272437.34
2022-06-02,"Hoses & Bellows",15793,235545.2
2022-06-02,"Other Automotive",10759,99138.18
2022-06-02,"Powertrain Mounts",4952,287936.02
2022-06-02,"Sealing",77945,246106.94
2022-06-03,"Cable Protection",18670,123223.17
2022-06-03,"Chassis NVH",10002,234384.69
2022-06-03,"Hoses & Bellows",14003,215399.33
2022-06-03,"Other Automotive",9990,89063.68
2022-06-03,"Powertrain Mounts",4732,271911.17
2022-06-03,"Sealing",69052,217192.76
2022-06-04,"Cable Protection",1846,11677.23
2022-06-04,"Chassis NVH",2487,60221.69
2022-06-04,"Hoses & Bellows",3312,50272.01
2022-06-04,"Other Automotive",1644,14646.3
2022-06-04,"Powertrain Mounts",1041,60543.04
2022-06-04,"Sealing",9895,32218.76
2022-06-05,"Cable Protection",2064,14050.27
2022-06-05,"Chassis NVH",2595,62703.2
2022-06-05,"Hoses & Bellows",3322,50023.24
2022-06-05,"Other Automotive",1745,15522.09
2022-06-05,"Powertrain Mounts",1041,61196.4
2022-06-05,"Sealing",9698,30457.31
2022-06-06,"Cable Protection",18927,122076.42
2022-06-06,"Chassis NVH",10441,250243.91
2022-06-06,"Hoses & Bellows",14319,215560.44
2022-06-06,"Other Automotive",10396,93337.9
2022-06-06,"Powertrain Mounts",4815,278666.23
2022-06-06,"Sealing",73349,237061.34
2022-06-07,"Cable Protection",22753,151424.88
2022-06-07,"Chassis NVH",10851,264017.45
2022-06-07,"Hoses & Bellows",14287,208190.92
2022-06-07,"Other Automotive",10254,92654.85
2022-06-07,"Powertrain Mounts",4764,280484.16
2022-06-07,"Sealing",77875,249497.32
2022-06-08,"Cable Protection",24068,156001.28
2022-06-08,"Chassis NVH",10877,263928.91
2022-06-08,"Hoses & Bellows",15001,230608.66
2022-06-08,"Other Automotive",10253,93285.73
2022-06-08,"Powertrain Mounts",4814,277516.38
2022-06-08,"Sealing",79827,255262.04
2022-06-09,"Cable Protection",22188,141225.48
2022-06-09,"Chassis NVH",10601,256004.68
2022-06-09,"Hoses & Bellows",15054,233008.19
2022-06-09,"Other Automotive",10170,88234.86
2022-06-09,"Powertrain Mounts",4636,266907.57
2022-06-09,"Sealing",75505,243310.32
2022-06-10,"Cable Protection",20057,129216.47
2022-06-10,"Chassis NVH",10089,245225.87
2022-06-10,"Hoses & Bellows",13594,207802.11
2022-06-10,"Other Automotive",9679,84940.13
2022-06-10,"Powertrain Mounts",4649,269239.38
2022-06-10,"Sealing",69517,227097.45
2022-06-11,"Cable Protection",4058,26653.8
2022-06-11,"Chassis NVH",3278,79041.42
2022-06-11,"Hoses & Bellows",4668,71504.25
2022-06-11,"Other Automotive",2660,24175.96
2022-06-11,"Powertrain Mounts",1343,78298.08
2022-06-11,"Sealing",16475,52290.42
2022-06-12,"Cable Protection",2141,13737.09
2022-06-12,"Chassis NVH",2398,57495.14
2022-06-12,"Hoses & Bellows",3549,54156.15
2022-06-12,"Other Automotive",1773,16167.64
2022-06-12,"Powertrain Mounts",948,56312.03
2022-06-12,"Sealing",10039,30730.78
2022-06-13,"Cable Protection",21427,138996.16
2022-06-13,"Chassis NVH",9559,232555.03
2022-06-13,"Hoses & Bellows",14354,215137.21
2022-06-13,"Other Automotive",10521,94847.1
2022-06-13,"Powertrain Mounts",4427,260035.38
2022-06-13,"Sealing",71844,230649.24
2022-06-14,"Cable Protection",21978,140849.75
2022-06-14,"Chassis NVH",10396,251831.01
2022-06-14,"Hoses & Bellows",15105,227748.12
2022-06-14,"Other Automotive",10757,99695
2022-06-14,"Powertrain Mounts",4695,267320.08
2022-06-14,"Sealing",78877,251491.28
2022-06-15,"Cable Protection",21763,142053.57
2022-06-15,"Chassis NVH",10590,251845.82
2022-06-15,"Hoses & Bellows",15997,235896.1
2022-06-15,"Other Automotive",10153,91139.87
2022-06-15,"Powertrain Mounts",4612,262316.32
2022-06-15,"Sealing",78712,253297.98
2022-06-16,"Cable Protection",22053,139711.57
2022-06-16,"Chassis NVH",10865,264196.81
2022-06-16,"Hoses & Bellows",15058,231628.47
2022-06-16,"Other Automotive",9829,88872.22
2022-06-16,"Powertrain Mounts",4426,257055.65
2022-06-16,"Sealing",76690,250383.1
2022-06-17,"Cable Protection",20066,127637.33
2022-06-17,"Chassis NVH",9743,236106.8
2022-06-17,"Hoses & Bellows",12856,199711.75
2022-06-17,"Other Automotive",10472,93887.02
2022-06-17,"Powertrain Mounts",3922,234357.14
2022-06-17,"Sealing",68631,224398.13
2022-06-18,"Cable Protection",3814,24888.78
2022-06-18,"Chassis NVH",2995,71717.77
2022-06-18,"Hoses & Bellows",4682,69788.66
2022-06-18,"Other Automotive",2906,25965.89
2022-06-18,"Powertrain Mounts",1343,77961.46
2022-06-18,"Sealing",15809,51854.64
2022-06-19,"Cable Protection",2055,13230.66
2022-06-19,"Chassis NVH",2499,59888.64
2022-06-19,"Hoses & Bellows",3596,54298.87
2022-06-19,"Other Automotive",1801,16080.75
2022-06-19,"Powertrain Mounts",924,53224.91
2022-06-19,"Sealing",10187,32977.99
2022-06-20,"Cable Protection",18594,121194.08
2022-06-20,"Chassis NVH",10197,246014.58
2022-06-20,"Hoses & Bellows",14812,224826.92
2022-06-20,"Other Automotive",11063,104765.42
2022-06-20,"Powertrain Mounts",4485,246907.36
2022-06-20,"Sealing",74524,233128.21
2022-06-21,"Cable Protection",20937,139139.9
2022-06-21,"Chassis NVH",10644,254102.91
2022-06-21,"Hoses & Bellows",14707,222143.55
2022-06-21,"Other Automotive",11871,105913.32
2022-06-21,"Powertrain Mounts",4437,251719.96
2022-06-21,"Sealing",80594,259592.24
2022-06-22,"Cable Protection",21229,142749.78
2022-06-22,"Chassis NVH",10462,249516.54
2022-06-22,"Hoses & Bellows",15177,223163.55
2022-06-22,"Other Automotive",11214,101970.13
2022-06-22,"Powertrain Mounts",4684,275542.28
2022-06-22,"Sealing",78948,253616.43
2022-06-23,"Cable Protection",20229,126355.53
2022-06-23,"Chassis NVH",9703,230055.21
2022-06-23,"Hoses & Bellows",13375,203694.65
2022-06-23,"Other Automotive",10328,92046.9
2022-06-23,"Powertrain Mounts",4587,265537.9
2022-06-23,"Sealing",74660,233739.16
2022-06-24,"Cable Protection",20181,132834.34
2022-06-24,"Chassis NVH",9782,235654.32
2022-06-24,"Hoses & Bellows",12845,192831.92
2022-06-24,"Other Automotive",9551,84528.91
2022-06-24,"Powertrain Mounts",4673,265837.85
2022-06-24,"Sealing",72788,229075.43
2022-06-25,"Cable Protection",3924,25640.82
2022-06-25,"Chassis NVH",3426,83192.11
2022-06-25,"Hoses & Bellows",4472,67683.15
2022-06-25,"Other Automotive",2554,23286.13
2022-06-25,"Powertrain Mounts",1352,78010.46
2022-06-25,"Sealing",15884,50866.38
2022-06-26,"Cable Protection",2307,14932.99
2022-06-26,"Chassis NVH",2844,67079
2022-06-26,"Hoses & Bellows",3421,51198.91
2022-06-26,"Other Automotive",1790,15983.72
2022-06-26,"Powertrain Mounts",992,56815.66
2022-06-26,"Sealing",9901,31622.16
2022-06-27,"Cable Protection",21742,138964.4
2022-06-27,"Chassis NVH",10803,268673.86
2022-06-27,"Hoses & Bellows",13296,200074.01
2022-06-27,"Other Automotive",10305,95569.61
2022-06-27,"Powertrain Mounts",4321,250714.01
2022-06-27,"Sealing",71980,228143.93
2022-06-28,"Cable Protection",22319,150525.06
2022-06-28,"Chassis NVH",10947,260373.91
2022-06-28,"Hoses & Bellows",13582,204223.45
2022-06-28,"Other Automotive",10742,98681.75
2022-06-28,"Powertrain Mounts",4580,263660.78
2022-06-28,"Sealing",79254,257385.19
2022-06-29,"Cable Protection",22240,142542.72
2022-06-29,"Chassis NVH",10469,251066.84
2022-06-29,"Hoses & Bellows",14384,215297.26
2022-06-29,"Other Automotive",11718,104566.54
2022-06-29,"Powertrain Mounts",4898,286531.53
2022-06-29,"Sealing",80486,254804.83
2022-06-30,"Cable Protection",21599,140686.19
2022-06-30,"Chassis NVH",10256,238534.3
2022-06-30,"Hoses & Bellows",14262,211991.31
2022-06-30,"Other Automotive",11768,102491.48
2022-06-30,"Powertrain Mounts",4632,262241.12
2022-06-30,"Sealing",78191,251296.16
2022-07-01,"Cable Protection",15298,97764.2
2022-07-01,"Chassis NVH",7676,184416.09
2022-07-01,"Hoses & Bellows",11766,174756.65
2022-07-01,"Other Automotive",9781,88472.33
2022-07-01,"Powertrain Mounts",4205,239834.39
2022-07-01,"Sealing",57283,182490.58
2022-07-02,"Cable Protection",3281,21196.17
2022-07-02,"Chassis NVH",3084,76215.17
2022-07-02,"Hoses & Bellows",4646,68845.32
2022-07-02,"Other Automotive",2361,22119.66
2022-07-02,"Powertrain Mounts",1264,70699.8
2022-07-02,"Sealing",15182,49230.02
2022-07-03,"Cable Protection",1911,12749.92
2022-07-03,"Chassis NVH",2068,48729.02
2022-07-03,"Hoses & Bellows",3507,53745.05
2022-07-03,"Other Automotive",1928,17434.64
2022-07-03,"Powertrain Mounts",981,56698.86
2022-07-03,"Sealing",9091,29857.51
2022-07-04,"Cable Protection",16280,105832.65
2022-07-04,"Chassis NVH",8187,196086
2022-07-04,"Hoses & Bellows",12556,183477.22
2022-07-04,"Other Automotive",10137,90609.7
2022-07-04,"Powertrain Mounts",3985,234396.72
2022-07-04,"Sealing",62509,197971.31
2022-07-05,"Cable Protection",16446,105088.65
2022-07-05,"Chassis NVH",8658,204334.72
2022-07-05,"Hoses & Bellows",13402,198361.77
2022-07-05,"Other Automotive",10324,91534.46
2022-07-05,"Powertrain Mounts",4367,254490.03
2022-07-05,"Sealing",69109,219396.41
2022-07-06,"Cable Protection",17311,112073.19
2022-07-06,"Chassis NVH",9550,234859.74
2022-07-06,"Hoses & Bellows",13565,211239.68
2022-07-06,"Other Automotive",9899,91569.02
2022-07-06,"Powertrain Mounts",4757,277920.86
2022-07-06,"Sealing",68678,221239.03
2022-07-07,"Cable Protection",17328,113490.65
2022-07-07,"Chassis NVH",9635,226996.73
2022-07-07,"Hoses & Bellows",13041,193627.26
2022-07-07,"Other Automotive",9475,84084.12
2022-07-07,"Powertrain Mounts",4161,242659.94
2022-07-07,"Sealing",65501,205089.26
2022-07-08,"Cable Protection",16409,105308.22
2022-07-08,"Chassis NVH",8597,203829.65
2022-07-08,"Hoses & Bellows",11295,166649.63
2022-07-08,"Other Automotive",8926,81147.28
2022-07-08,"Powertrain Mounts",3556,204060.59
2022-07-08,"Sealing",58579,184904.86
2022-07-09,"Cable Protection",3359,21719.81
2022-07-09,"Chassis NVH",3074,72591.24
2022-07-09,"Hoses & Bellows",4228,63287.35
2022-07-09,"Other Automotive",2514,22670.65
2022-07-09,"Powertrain Mounts",1238,72539.47
2022-07-09,"Sealing",14595,46734.69
2022-07-10,"Cable Protection",2161,14148.94
2022-07-10,"Chassis NVH",2269,54775.12
2022-07-10,"Hoses & Bellows",3319,48039.81
2022-07-10,"Other Automotive",1757,15775.42
2022-07-10,"Powertrain Mounts",962,56183.13
2022-07-10,"Sealing",9879,30728.88
2022-07-11,"Cable Protection",16515,106244.42
2022-07-11,"Chassis NVH",9089,217958.33
2022-07-11,"Hoses & Bellows",12124,179642.58
2022-07-11,"Other Automotive",9421,87559.85
2022-07-11,"Powertrain Mounts",3830,221392.82
2022-07-11,"Sealing",61417,188552.3
2022-07-12,"Cable Protection",17108,109744.37
2022-07-12,"Chassis NVH",10296,246851.42
2022-07-12,"Hoses & Bellows",12828,194264.71
2022-07-12,"Other Automotive",9779,86260.8
2022-07-12,"Powertrain Mounts",3743,212427.33
2022-07-12,"Sealing",65183,211916.6
2022-07-13,"Cable Protection",18190,118418.6
2022-07-13,"Chassis NVH",9679,230905.98
2022-07-13,"Hoses & Bellows",13981,212024.92
2022-07-13,"Other Automotive",9259,81725.71
2022-07-13,"Powertrain Mounts",3804,220477.17
2022-07-13,"Sealing",65253,214481.52
2022-07-14,"Cable Protection",15338,102245.32
2022-07-14,"Chassis NVH",8722,205019.63
2022-07-14,"Hoses & Bellows",12656,193446.65
2022-07-14,"Other Automotive",7780,70275.4
2022-07-14,"Powertrain Mounts",3783,217469.7
2022-07-14,"Sealing",59053,186908.42
2022-07-15,"Cable Protection",14150,91139.51
2022-07-15,"Chassis NVH",8401,199630.06
2022-07-15,"Hoses & Bellows",11338,173183.48
2022-07-15,"Other Automotive",7609,69064.36
2022-07-15,"Powertrain Mounts",3686,215281.25
2022-07-15,"Sealing",58937,187279.07
2022-07-16,"Cable Protection",2888,19143.73
2022-07-16,"Chassis NVH",2995,72980.46
2022-07-16,"Hoses & Bellows",4183,61408.04
2022-07-16,"Other Automotive",2342,21384.8
2022-07-16,"Powertrain Mounts",1128,66086.76
2022-07-16,"Sealing",14508,45636.21
2022-07-17,"Cable Protection",1897,12163.6
2022-07-17,"Chassis NVH",2255,54902.41
2022-07-17,"Hoses & Bellows",3703,56456.23
2022-07-17,"Other Automotive",1845,16532.7
2022-07-17,"Powertrain Mounts",959,54645.9
2022-07-17,"Sealing",9949,31715.66
2022-07-18,"Cable Protection",13412,89138.38
2022-07-18,"Chassis NVH",7753,182083.8
2022-07-18,"Hoses & Bellows",10723,158816.84
2022-07-18,"Other Automotive",8103,72465.94
2022-07-18,"Powertrain Mounts",3491,205685.05
2022-07-18,"Sealing",59046,186437.94
2022-07-19,"Cable Protection",14634,94054.75
2022-07-19,"Chassis NVH",8473,206494.7
2022-07-19,"Hoses & Bellows",10968,164280.02
2022-07-19,"Other Automotive",8406,76833.75
2022-07-19,"Powertrain Mounts",3564,209426.7
2022-07-19,"Sealing",61220,196085.28
2022-07-20,"Cable Protection",9893,64646.75
2022-07-20,"Chassis NVH",6110,143966.45
2022-07-20,"Hoses & Bellows",7988,119132.19
2022-07-20,"Other Automotive",5725,52316.72
2022-07-20,"Powertrain Mounts",2457,142377.01
2022-07-20,"Sealing",41423,131432.18
2022-07-21,"Cable Protection",9318,62699.65
2022-07-21,"Chassis NVH",6165,142290.09
2022-07-21,"Hoses & Bellows",8197,124766.26
2022-07-21,"Other Automotive",5477,49480.17
2022-07-21,"Powertrain Mounts",2606,149801.21
2022-07-21,"Sealing",39670,124954.93
2022-07-22,"Cable Protection",9064,59400.32
2022-07-22,"Chassis NVH",5652,136140.68
2022-07-22,"Hoses & Bellows",7292,109466.55
2022-07-22,"Other Automotive",5188,47122.45
2022-07-22,"Powertrain Mounts",2270,133158.78
2022-07-22,"Sealing",38858,123258.45
2022-07-23,"Cable Protection",2420,15455.62
2022-07-23,"Chassis NVH",2760,65030.42
2022-07-23,"Hoses & Bellows",3811,57085.66
2022-07-23,"Other Automotive",1966,17775.98
2022-07-23,"Powertrain Mounts",982,55432.37
2022-07-23,"Sealing",11965,38357.05
2022-07-24,"Cable Protection",1773,11316.9
2022-07-24,"Chassis NVH",2500,61254.66
2022-07-24,"Hoses & Bellows",3078,45427.22
2022-07-24,"Other Automotive",1671,14884.3
2022-07-24,"Powertrain Mounts",905,52507.28
2022-07-24,"Sealing",9580,31643.89
2022-07-25,"Cable Protection",9480,62074.86
2022-07-25,"Chassis NVH",6006,144045.99
2022-07-25,"Hoses & Bellows",8339,125521.31
2022-07-25,"Other Automotive",5615,51326.73
2022-07-25,"Powertrain Mounts",2236,132897.47
2022-07-25,"Sealing",39655,128906.61
2022-07-26,"Cable Protection",9841,66011.32
2022-07-26,"Chassis NVH",6577,157027.92
2022-07-26,"Hoses & Bellows",8798,131870.69
2022-07-26,"Other Automotive",5868,52954.07
2022-07-26,"Powertrain Mounts",2555,147294.24
2022-07-26,"Sealing",42805,139075.92
2022-07-27,"Cable Protection",10180,67742.95
2022-07-27,"Chassis NVH",6348,154557.03
2022-07-27,"Hoses & Bellows",9041,135050.56
2022-07-27,"Other Automotive",5678,50804.6
2022-07-27,"Powertrain Mounts",2657,151912.38
2022-07-27,"Sealing",42749,139998.83
2022-07-28,"Cable Protection",9609,61499.74
2022-07-28,"Chassis NVH",6149,148290.11
2022-07-28,"Hoses & Bellows",8924,133157.12
2022-07-28,"Other Automotive",6178,56465.39
2022-07-28,"Powertrain Mounts",2878,168151.57
2022-07-28,"Sealing",42806,140958.5
2022-07-29,"Cable Protection",9230,61331.6
2022-07-29,"Chassis NVH",5733,134477.98
2022-07-29,"Hoses & Bellows",8067,119621.62
2022-07-29,"Other Automotive",4975,46050.65
2022-07-29,"Powertrain Mounts",2616,151705.14
2022-07-29,"Sealing",35232,112462.42
2022-07-30,"Cable Protection",2356,15483.68
2022-07-30,"Chassis NVH",2576,61539.87
2022-07-30,"Hoses & Bellows",3786,56125.81
2022-07-30,"Other Automotive",1901,17421.16
2022-07-30,"Powertrain Mounts",1153,67460.89
2022-07-30,"Sealing",11669,36781.27
2022-07-31,"Cable Protection",1770,11384.71
2022-07-31,"Chassis NVH",2292,53691.3
2022-07-31,"Hoses & Bellows",3458,52262.26
2022-07-31,"Other Automotive",1652,14545.81
2022-07-31,"Powertrain Mounts",1009,59343.67
2022-07-31,"Sealing",9748,31994.27
2022-08-01,"Cable Protection",9119,59459.4
2022-08-01,"Chassis NVH",5453,129420.57
2022-08-01,"Hoses & Bellows",8083,121708.85
2022-08-01,"Other Automotive",5900,52774.87
2022-08-01,"Powertrain Mounts",2709,158239.03
2022-08-01,"Sealing",38588,119362.47
2022-08-02,"Cable Protection",9253,60134.38
2022-08-02,"Chassis NVH",5301,128980.45
2022-08-02,"Hoses & Bellows",9023,141915.42
2022-08-02,"Other Automotive",5636,52652.88
2022-08-02,"Powertrain Mounts",2593,149359.53
2022-08-02,"Sealing",40353,126825.13
2022-08-03,"Cable Protection",8968,56679.4
2022-08-03,"Chassis NVH",5695,132282.03
2022-08-03,"Hoses & Bellows",8492,126217.47
2022-08-03,"Other Automotive",5561,50879.31
2022-08-03,"Powertrain Mounts",2475,144372.09
2022-08-03,"Sealing",40865,129086.41
2022-08-04,"Cable Protection",9538,64134.92
2022-08-04,"Chassis NVH",5428,132197
2022-08-04,"Hoses & Bellows",8503,124536.38
2022-08-04,"Other Automotive",5642,50124.23
2022-08-04,"Powertrain Mounts",2692,155959.66
2022-08-04,"Sealing",40319,129254.29
2022-08-05,"Cable Protection",8668,55886.28
2022-08-05,"Chassis NVH",5041,120954.17
2022-08-05,"Hoses & Bellows",7560,112128.54
2022-08-05,"Other Automotive",5307,47901.19
2022-08-05,"Powertrain Mounts",2336,130627.77
2022-08-05,"Sealing",35677,112799.93
2022-08-06,"Cable Protection",2323,15162.59
2022-08-06,"Chassis NVH",2391,57747.43
2022-08-06,"Hoses & Bellows",3688,54942.74
2022-08-06,"Other Automotive",2057,18443.5
2022-08-06,"Powertrain Mounts",1062,62002.73
2022-08-06,"Sealing",11337,34787.4
2022-08-07,"Cable Protection",1529,10111.89
2022-08-07,"Chassis NVH",2148,51830.68
2022-08-07,"Hoses & Bellows",3171,50122.32
2022-08-07,"Other Automotive",1589,13973.81
2022-08-07,"Powertrain Mounts",1033,60767.1
2022-08-07,"Sealing",8967,27401.37
2022-08-08,"Cable Protection",8482,53469.19
2022-08-08,"Chassis NVH",5518,131645.81
2022-08-08,"Hoses & Bellows",7972,122015.43
2022-08-08,"Other Automotive",5025,45596.94
2022-08-08,"Powertrain Mounts",2609,146996.01
2022-08-08,"Sealing",38489,125862.55
2022-08-09,"Cable Protection",8963,56711.42
2022-08-09,"Chassis NVH",5739,137551.19
2022-08-09,"Hoses & Bellows",8055,122598.93
2022-08-09,"Other Automotive",5356,47467.18
2022-08-09,"Powertrain Mounts",2660,153394.06
2022-08-09,"Sealing",40096,129577.14
2022-08-10,"Cable Protection",9214,59985.81
2022-08-10,"Chassis NVH",5824,140889.56
2022-08-10,"Hoses & Bellows",8500,130860.36
2022-08-10,"Other Automotive",5863,52943.98
2022-08-10,"Powertrain Mounts",3033,176256.13
2022-08-10,"Sealing",38711,122678.11
2022-08-11,"Cable Protection",9531,62608.5
2022-08-11,"Chassis NVH",5835,139193.7
2022-08-11,"Hoses & Bellows",7973,122016.95
2022-08-11,"Other Automotive",5809,52569.41
2022-08-11,"Powertrain Mounts",2565,146534.54
2022-08-11,"Sealing",41218,134764.84
2022-08-12,"Cable Protection",8808,57326.36
2022-08-12,"Chassis NVH",4967,121066.47
2022-08-12,"Hoses & Bellows",7331,109254.45
2022-08-12,"Other Automotive",5102,45403.05
2022-08-12,"Powertrain Mounts",2743,158275.51
2022-08-12,"Sealing",33598,106597.18
2022-08-13,"Cable Protection",2227,14833.51
2022-08-13,"Chassis NVH",2455,59507.9
2022-08-13,"Hoses & Bellows",3512,52914.16
2022-08-13,"Other Automotive",1917,17661.05
2022-08-13,"Powertrain Mounts",1084,62826.12
2022-08-13,"Sealing",11461,36956.66
2022-08-14,"Cable Protection",1627,10634.38
2022-08-14,"Chassis NVH",2240,54566.65
2022-08-14,"Hoses & Bellows",2934,45325.59
2022-08-14,"Other Automotive",1653,14888.33
2022-08-14,"Powertrain Mounts",848,48836.57
2022-08-14,"Sealing",8448,26996.16
2022-08-15,"Cable Protection",9007,58899.23
2022-08-15,"Chassis NVH",5626,135716.37
2022-08-15,"Hoses & Bellows",7568,113724.21
2022-08-15,"Other Automotive",5523,47505.42
2022-08-15,"Powertrain Mounts",2354,144636.71
2022-08-15,"Sealing",37198,117592.86
2022-08-16,"Cable Protection",14038,92356.42
2022-08-16,"Chassis NVH",8173,194872.97
2022-08-16,"Hoses & Bellows",12705,195499.72
2022-08-16,"Other Automotive",8367,72494.1
2022-08-16,"Powertrain Mounts",3480,195905.26
2022-08-16,"Sealing",55996,176096.12
2022-08-17,"Cable Protection",14862,96906.43
2022-08-17,"Chassis NVH",8651,201533.76
2022-08-17,"Hoses & Bellows",12692,192641.17
2022-08-17,"Other Automotive",8542,76010.33
2022-08-17,"Powertrain Mounts",3702,220406.72
2022-08-17,"Sealing",60312,200098.36
2022-08-18,"Cable Protection",15157,101294.83
2022-08-18,"Chassis NVH",8088,196057.61
2022-08-18,"Hoses & Bellows",11661,173536.36
2022-08-18,"Other Automotive",8711,79605.38
2022-08-18,"Powertrain Mounts",3571,210422.56
2022-08-18,"Sealing",57397,182486.43
2022-08-19,"Cable Protection",14165,95146.19
2022-08-19,"Chassis NVH",7686,192978.66
2022-08-19,"Hoses & Bellows",10745,160851.4
2022-08-19,"Other Automotive",7656,67665.61
2022-08-19,"Powertrain Mounts",3117,178415.58
2022-08-19,"Sealing",52813,167097.01
2022-08-20,"Cable Protection",3043,20212.23
2022-08-20,"Chassis NVH",2763,65141.01
2022-08-20,"Hoses & Bellows",4303,64328.35
2022-08-20,"Other Automotive",2144,19249.84
2022-08-20,"Powertrain Mounts",1123,66492.43
2022-08-20,"Sealing",13772,44675.46
2022-08-21,"Cable Protection",1715,11165.31
2022-08-21,"Chassis NVH",2232,53964.93
2022-08-21,"Hoses & Bellows",3358,49245.41
2022-08-21,"Other Automotive",1602,14316.36
2022-08-21,"Powertrain Mounts",906,52416.62
2022-08-21,"Sealing",9880,31770.77
2022-08-22,"Cable Protection",14041,89999.39
2022-08-22,"Chassis NVH",7727,187134.9
2022-08-22,"Hoses & Bellows",11215,170644.73
2022-08-22,"Other Automotive",7832,70925.68
2022-08-22,"Powertrain Mounts",3444,208043.36
2022-08-22,"Sealing",58835,188920.27
2022-08-23,"Cable Protection",15129,102038.31
2022-08-23,"Chassis NVH",8159,193101.57
2022-08-23,"Hoses & Bellows",11463,171868.68
2022-08-23,"Other Automotive",8554,78268.94
2022-08-23,"Powertrain Mounts",3445,201751.01
2022-08-23,"Sealing",61012,196160.46
2022-08-24,"Cable Protection",14615,94596.65
2022-08-24,"Chassis NVH",8943,217381.48
2022-08-24,"Hoses & Bellows",11624,172067.58
2022-08-24,"Other Automotive",8699,77078.18
2022-08-24,"Powertrain Mounts",3929,229916.96
2022-08-24,"Sealing",57518,185718.52
2022-08-25,"Cable Protection",16140,103823.42
2022-08-25,"Chassis NVH",8591,203357.47
2022-08-25,"Hoses & Bellows",11505,172458.47
2022-08-25,"Other Automotive",9037,81509.73
2022-08-25,"Powertrain Mounts",4017,229428.54
2022-08-25,"Sealing",61844,191929.89
2022-08-26,"Cable Protection",14567,94401.86
2022-08-26,"Chassis NVH",7724,187087.34
2022-08-26,"Hoses & Bellows",10670,163199.19
2022-08-26,"Other Automotive",8582,76599.13
2022-08-26,"Powertrain Mounts",3572,206408.76
2022-08-26,"Sealing",55272,178771.64
2022-08-27,"Cable Protection",2981,19462.84
2022-08-27,"Chassis NVH",2902,68976.29
2022-08-27,"Hoses & Bellows",3759,56046
2022-08-27,"Other Automotive",2352,21399.91
2022-08-27,"Powertrain Mounts",1321,75551.21
2022-08-27,"Sealing",13752,44892.33
2022-08-28,"Cable Protection",1761,11431.19
2022-08-28,"Chassis NVH",2289,53710.84
2022-08-28,"Hoses & Bellows",3149,47515.8
2022-08-28,"Other Automotive",1666,15316.25
2022-08-28,"Powertrain Mounts",965,55556.63
2022-08-28,"Sealing",9475,30015.45
2022-08-29,"Cable Protection",15491,99478.42
2022-08-29,"Chassis NVH",8642,207981.43
2022-08-29,"Hoses & Bellows",12195,188232.22
2022-08-29,"Other Automotive",8848,77781.28
2022-08-29,"Powertrain Mounts",4187,251837.45
2022-08-29,"Sealing",56786,180439.02
2022-08-30,"Cable Protection",16662,107267.02
2022-08-30,"Chassis NVH",9488,228839.5
2022-08-30,"Hoses & Bellows",12593,193051.84
2022-08-30,"Other Automotive",9871,87600.47
2022-08-30,"Powertrain Mounts",4445,260420.16
2022-08-30,"Sealing",56855,179316.68
2022-08-31,"Cable Protection",16237,101513.94
2022-08-31,"Chassis NVH",9995,239622.43
2022-08-31,"Hoses & Bellows",12421,186639
2022-08-31,"Other Automotive",9457,82578.91
2022-08-31,"Powertrain Mounts",4354,257555.57
2022-08-31,"Sealing",61301,201709.48
2022-09-01,"Cable Protection",20925,139908.62
2022-09-01,"Chassis NVH",11669,273832.72
2022-09-01,"Hoses & Bellows",15276,226217.76
2022-09-01,"Other Automotive",12294,110142.4
2022-09-01,"Powertrain Mounts",5183,295740.91
2022-09-01,"Sealing",81981,270831.06
2022-09-02,"Cable Protection",21459,141625.17
2022-09-02,"Chassis NVH",9366,226402.58
2022-09-02,"Hoses & Bellows",13156,199782.72
2022-09-02,"Other Automotive",10315,93066.54
2022-09-02,"Powertrain Mounts",4712,264559.68
2022-09-02,"Sealing",73234,227201.01
2022-09-03,"Cable Protection",3747,24915.52
2022-09-03,"Chassis NVH",3409,82271.9
2022-09-03,"Hoses & Bellows",4321,65063.6
2022-09-03,"Other Automotive",2837,25801.94
2022-09-03,"Powertrain Mounts",1323,76773.87
2022-09-03,"Sealing",16748,54205.75
2022-09-04,"Cable Protection",1937,12674.78
2022-09-04,"Chassis NVH",2556,62358.69
2022-09-04,"Hoses & Bellows",3494,50981.11
2022-09-04,"Other Automotive",1843,16882.56
2022-09-04,"Powertrain Mounts",1030,59792.01
2022-09-04,"Sealing",10543,33535.11
2022-09-05,"Cable Protection",21077,136437.74
2022-09-05,"Chassis NVH",10320,249463.82
2022-09-05,"Hoses & Bellows",13756,205739.35
2022-09-05,"Other Automotive",11274,100300.3
2022-09-05,"Powertrain Mounts",4656,277112.23
2022-09-05,"Sealing",76974,247466.77
2022-09-06,"Cable Protection",22977,151760.18
2022-09-06,"Chassis NVH",10570,253192.85
2022-09-06,"Hoses & Bellows",14163,214181.84
2022-09-06,"Other Automotive",11560,105961.84
2022-09-06,"Powertrain Mounts",5335,303851.74
2022-09-06,"Sealing",83017,267427.09
2022-09-07,"Cable Protection",22550,148885.5
2022-09-07,"Chassis NVH",10039,244526.43
2022-09-07,"Hoses & Bellows",14291,218142.39
2022-09-07,"Other Automotive",11113,97956.69
2022-09-07,"Powertrain Mounts",4963,291105.68
2022-09-07,"Sealing",88506,276758.86
2022-09-08,"Cable Protection",20608,132416.32
2022-09-08,"Chassis NVH",10130,240648.62
2022-09-08,"Hoses & Bellows",14874,220998.71
2022-09-08,"Other Automotive",11212,101609.47
2022-09-08,"Powertrain Mounts",4556,274930.7
2022-09-08,"Sealing",89307,286651.07
2022-09-09,"Cable Protection",18934,125710.76
2022-09-09,"Chassis NVH",9756,235010.82
2022-09-09,"Hoses & Bellows",13430,206777.85
2022-09-09,"Other Automotive",10498,95231.15
2022-09-09,"Powertrain Mounts",4542,263366.22
2022-09-09,"Sealing",76955,249144.62
2022-09-10,"Cable Protection",3622,22932.01
2022-09-10,"Chassis NVH",3142,75682.87
2022-09-10,"Hoses & Bellows",4319,65801.73
2022-09-10,"Other Automotive",2622,23845.84
2022-09-10,"Powertrain Mounts",1415,80846.15
2022-09-10,"Sealing",16816,54420.86
2022-09-11,"Cable Protection",1970,13178.97
2022-09-11,"Chassis NVH",2288,54809.25
2022-09-11,"Hoses & Bellows",3343,49520.11
2022-09-11,"Other Automotive",1699,15480.6
2022-09-11,"Powertrain Mounts",997,60083.43
2022-09-11,"Sealing",10340,33158.43
2022-09-12,"Cable Protection",21510,143066.93
2022-09-12,"Chassis NVH",10818,257092.82
2022-09-12,"Hoses & Bellows",13573,202174.49
2022-09-12,"Other Automotive",10365,93778
2022-09-12,"Powertrain Mounts",4523,259286.33
2022-09-12,"Sealing",78069,242715.47
2022-09-13,"Cable Protection",24082,157526.67
2022-09-13,"Chassis NVH",10915,266245.62
2022-09-13,"Hoses & Bellows",13875,210355.66
2022-09-13,"Other Automotive",11470,104261.27
2022-09-13,"Powertrain Mounts",4865,285675.52
2022-09-13,"Sealing",83450,275047.49
2022-09-14,"Cable Protection",23917,153438.1
2022-09-14,"Chassis NVH",11388,276365.68
2022-09-14,"Hoses & Bellows",15495,235507.44
2022-09-14,"Other Automotive",11021,100722.76
2022-09-14,"Powertrain Mounts",4729,275512.17
2022-09-14,"Sealing",79425,253918.36
2022-09-15,"Cable Protection",24531,157885.85
2022-09-15,"Chassis NVH",11266,277911.87
2022-09-15,"Hoses & Bellows",15327,227073.41
2022-09-15,"Other Automotive",11314,100000.52
2022-09-15,"Powertrain Mounts",4734,268933.6
2022-09-15,"Sealing",82444,263179.5
2022-09-16,"Cable Protection",22033,144756.55
2022-09-16,"Chassis NVH",10224,254588.14
2022-09-16,"Hoses & Bellows",14227,216329.75
2022-09-16,"Other Automotive",10566,93778.14
2022-09-16,"Powertrain Mounts",4323,251037.74
2022-09-16,"Sealing",73947,243675.11
2022-09-17,"Cable Protection",4000,25411.15
2022-09-17,"Chassis NVH",3134,75646.69
2022-09-17,"Hoses & Bellows",4684,70006.46
2022-09-17,"Other Automotive",2628,23472.69
2022-09-17,"Powertrain Mounts",1345,78330.33
2022-09-17,"Sealing",16981,54609.64
2022-09-18,"Cable Protection",2114,13601.1
2022-09-18,"Chassis NVH",2248,52967.23
2022-09-18,"Hoses & Bellows",3605,54412.9
2022-09-18,"Other Automotive",1803,15934.06
2022-09-18,"Powertrain Mounts",918,52155.77
2022-09-18,"Sealing",10361,33051.94
2022-09-19,"Cable Protection",23216,151459.06
2022-09-19,"Chassis NVH",9672,235520.04
2022-09-19,"Hoses & Bellows",14209,208494.72
2022-09-19,"Other Automotive",11236,102209.84
2022-09-19,"Powertrain Mounts",4664,270847.7
2022-09-19,"Sealing",85819,277535.32
2022-09-20,"Cable Protection",24225,159950.65
2022-09-20,"Chassis NVH",10110,241501.66
2022-09-20,"Hoses & Bellows",14936,226464.95
2022-09-20,"Other Automotive",11812,108910.58
2022-09-20,"Powertrain Mounts",4660,269308.86
2022-09-20,"Sealing",86196,279278.19
2022-09-21,"Cable Protection",23208,152071.62
2022-09-21,"Chassis NVH",10248,250992.24
2022-09-21,"Hoses & Bellows",15566,233103.98
2022-09-21,"Other Automotive",11510,105314.44
2022-09-21,"Powertrain Mounts",4876,277785.14
2022-09-21,"Sealing",86911,275379.38
2022-09-22,"Cable Protection",22586,144423.72
2022-09-22,"Chassis NVH",10020,238018.73
2022-09-22,"Hoses & Bellows",15280,225225.79
2022-09-22,"Other Automotive",11673,103300.22
2022-09-22,"Powertrain Mounts",4870,286413.97
2022-09-22,"Sealing",79863,263672.67
2022-09-23,"Cable Protection",20523,137028.92
2022-09-23,"Chassis NVH",8914,211250.12
2022-09-23,"Hoses & Bellows",13412,201689.21
2022-09-23,"Other Automotive",10942,101719.24
2022-09-23,"Powertrain Mounts",4616,270859.24
2022-09-23,"Sealing",70494,223202.45
2022-09-24,"Cable Protection",3925,25800.2
2022-09-24,"Chassis NVH",2877,70940.43
2022-09-24,"Hoses & Bellows",4366,65044.69
2022-09-24,"Other Automotive",2799,25048.6
2022-09-24,"Powertrain Mounts",1386,80148.98
2022-09-24,"Sealing",15302,49707.85
2022-09-25,"Cable Protection",1931,12536.41
2022-09-25,"Chassis NVH",2265,55080.21
2022-09-25,"Hoses & Bellows",3323,50495.54
2022-09-25,"Other Automotive",1678,14867.65
2022-09-25,"Powertrain Mounts",1035,59212.27
2022-09-25,"Sealing",9189,28807.56
2022-09-26,"Cable Protection",20920,135071.99
2022-09-26,"Chassis NVH",9646,237878.96
2022-09-26,"Hoses & Bellows",14724,218452.33
2022-09-26,"Other Automotive",11441,102032.58
2022-09-26,"Powertrain Mounts",4828,281394.65
2022-09-26,"Sealing",75524,242001.49
2022-09-27,"Cable Protection",22214,145261.53
2022-09-27,"Chassis NVH",10866,262162.58
2022-09-27,"Hoses & Bellows",15838,231522.37
2022-09-27,"Other Automotive",12167,106742.52
2022-09-27,"Powertrain Mounts",4726,271925.66
2022-09-27,"Sealing",76882,251449.01
2022-09-28,"Cable Protection",23015,157175.8
2022-09-28,"Chassis NVH",10862,261018.14
2022-09-28,"Hoses & Bellows",16119,240330.73
2022-09-28,"Other Automotive",12521,111707.36
2022-09-28,"Powertrain Mounts",4847,275126.03
2022-09-28,"Sealing",78113,248851.35
2022-09-29,"Cable Protection",22134,146978.4
2022-09-29,"Chassis NVH",10600,254997.43
2022-09-29,"Hoses & Bellows",15141,227097.3
2022-09-29,"Other Automotive",12324,113561.14
2022-09-29,"Powertrain Mounts",4574,262198.09
2022-09-29,"Sealing",71381,235120.93
2022-09-30,"Cable Protection",21117,135395.22
2022-09-30,"Chassis NVH",9638,227876.94
2022-09-30,"Hoses & Bellows",13983,205185.97
2022-09-30,"Other Automotive",10692,97312.94
2022-09-30,"Powertrain Mounts",4205,243328.36
2022-09-30,"Sealing",69963,224416.49
2022-10-01,"Cable Protection",3531,23415.23
2022-10-01,"Chassis NVH",2796,66502.25
2022-10-01,"Hoses & Bellows",4104,60086.61
2022-10-01,"Other Automotive",2578,22731.41
2022-10-01,"Powertrain Mounts",1157,67305.01
2022-10-01,"Sealing",14262,45563.67
2022-10-02,"Cable Protection",2047,13247.08
2022-10-02,"Chassis NVH",2168,50826.3
2022-10-02,"Hoses & Bellows",3265,47427.86
2022-10-02,"Other Automotive",1694,15105.52
2022-10-02,"Powertrain Mounts",872,50378
2022-10-02,"Sealing",9472,30076.11
2022-10-03,"Cable Protection",18801,122601.35
2022-10-03,"Chassis NVH",8676,204241.4
2022-10-03,"Hoses & Bellows",12886,191337.46
2022-10-03,"Other Automotive",9549,84884.93
2022-10-03,"Powertrain Mounts",3814,225095.85
2022-10-03,"Sealing",67950,227438.92
2022-10-04,"Cable Protection",18064,117906.29
2022-10-04,"Chassis NVH",9426,224289.18
2022-10-04,"Hoses & Bellows",13490,201860.81
2022-10-04,"Other Automotive",9931,93178.12
2022-10-04,"Powertrain Mounts",3981,232765.08
2022-10-04,"Sealing",69143,218123.14
2022-10-05,"Cable Protection",17826,118445.34
2022-10-05,"Chassis NVH",9386,231983.74
2022-10-05,"Hoses & Bellows",12867,190446.44
2022-10-05,"Other Automotive",9633,87750.82
2022-10-05,"Powertrain Mounts",4287,246944.35
2022-10-05,"Sealing",68309,216412.45
2022-10-06,"Cable Protection",18933,123122.17
2022-10-06,"Chassis NVH",8945,216879.04
2022-10-06,"Hoses & Bellows",12546,186034.15
2022-10-06,"Other Automotive",9835,90809.14
2022-10-06,"Powertrain Mounts",4160,240354.27
2022-10-06,"Sealing",66612,211648.5
2022-10-07,"Cable Protection",16248,105751.97
2022-10-07,"Chassis NVH",7869,193556.74
2022-10-07,"Hoses & Bellows",11954,182402.06
2022-10-07,"Other Automotive",8815,78599.07
2022-10-07,"Powertrain Mounts",3776,215405.96
2022-10-07,"Sealing",60903,190386.66
2022-10-08,"Cable Protection",3199,20419.75
2022-10-08,"Chassis NVH",2599,62884.5
2022-10-08,"Hoses & Bellows",3965,60947.21
2022-10-08,"Other Automotive",2281,19979.23
2022-10-08,"Powertrain Mounts",1284,74720.29
2022-10-08,"Sealing",14181,45516.23
2022-10-09,"Cable Protection",1761,11366.17
2022-10-09,"Chassis NVH",2126,52980.42
2022-10-09,"Hoses & Bellows",3260,48764.35
2022-10-09,"Other Automotive",1562,14557.93
2022-10-09,"Powertrain Mounts",901,54264.56
2022-10-09,"Sealing",9354,30123.55
2022-10-10,"Cable Protection",17300,111924.87
2022-10-10,"Chassis NVH",8782,208541.32
2022-10-10,"Hoses & Bellows",12950,196278.75
2022-10-10,"Other Automotive",9509,86139.38
2022-10-10,"Powertrain Mounts",4057,231014.31
2022-10-10,"Sealing",65502,197070.77
2022-10-11,"Cable Protection",17363,116005.63
2022-10-11,"Chassis NVH",9299,219959.02
2022-10-11,"Hoses & Bellows",13191,194583.66
2022-10-11,"Other Automotive",9438,83976.63
2022-10-11,"Powertrain Mounts",4254,251139.66
2022-10-11,"Sealing",67256,215088.87
2022-10-12,"Cable Protection",17044,109681.75
2022-10-12,"Chassis NVH",9533,223878.83
2022-10-12,"Hoses & Bellows",13125,196678.27
2022-10-12,"Other Automotive",9712,88019.02
2022-10-12,"Powertrain Mounts",4047,229562.03
2022-10-12,"Sealing",71159,225580
2022-10-13,"Cable Protection",16688,106266.38
2022-10-13,"Chassis NVH",10385,253516.08
2022-10-13,"Hoses & Bellows",13122,197631.27
2022-10-13,"Other Automotive",9969,90108
2022-10-13,"Powertrain Mounts",3983,228692.4
2022-10-13,"Sealing",70542,233806.36
2022-10-14,"Cable Protection",14970,95059.27
2022-10-14,"Chassis NVH",9025,215411.97
2022-10-14,"Hoses & Bellows",12109,180975.25
2022-10-14,"Other Automotive",9228,81790.22
2022-10-14,"Powertrain Mounts",3860,226601.22
2022-10-14,"Sealing",63159,200696.52
2022-10-15,"Cable Protection",2824,18176.96
2022-10-15,"Chassis NVH",3140,74980.9
2022-10-15,"Hoses & Bellows",4227,64388.93
2022-10-15,"Other Automotive",2311,20964.75
2022-10-15,"Powertrain Mounts",1167,69310.65
2022-10-15,"Sealing",13378,44299.1
2022-10-16,"Cable Protection",1722,11242.76
2022-10-16,"Chassis NVH",2463,60340.23
2022-10-16,"Hoses & Bellows",3138,47507.58
2022-10-16,"Other Automotive",1701,15624.73
2022-10-16,"Powertrain Mounts",930,53891.97
2022-10-16,"Sealing",9744,31432.02
2022-10-17,"Cable Protection",16351,106746.97
2022-10-17,"Chassis NVH",8518,199949.75
2022-10-17,"Hoses & Bellows",11650,168143.37
2022-10-17,"Other Automotive",8462,76213.84
2022-10-17,"Powertrain Mounts",3941,226894.02
2022-10-17,"Sealing",64800,212426.76
2022-10-18,"Cable Protection",17979,116102.37
2022-10-18,"Chassis NVH",8986,211196.52
2022-10-18,"Hoses & Bellows",12254,187282.46
2022-10-18,"Other Automotive",8965,80807.54
2022-10-18,"Powertrain Mounts",4078,239303.88
2022-10-18,"Sealing",67821,217860.26
2022-10-19,"Cable Protection",19110,124617.43
2022-10-19,"Chassis NVH",9070,215967.96
2022-10-19,"Hoses & Bellows",11802,178689.36
2022-10-19,"Other Automotive",9054,80016.01
2022-10-19,"Powertrain Mounts",4100,243190.97
2022-10-19,"Sealing",70372,224574.86
2022-10-20,"Cable Protection",18063,118112.71
2022-10-20,"Chassis NVH",8744,210695.53
2022-10-20,"Hoses & Bellows",11781,177938.13
2022-10-20,"Other Automotive",9086,80545.51
2022-10-20,"Powertrain Mounts",3920,231579.86
2022-10-20,"Sealing",63870,203001.49
2022-10-21,"Cable Protection",16696,109429.84
2022-10-21,"Chassis NVH",8451,207116.6
2022-10-21,"Hoses & Bellows",11285,171520.78
2022-10-21,"Other Automotive",8195,73571.32
2022-10-21,"Powertrain Mounts",3761,217267.03
2022-10-21,"Sealing",59928,191284.32
2022-10-22,"Cable Protection",2974,18980.93
2022-10-22,"Chassis NVH",2975,70014.01
2022-10-22,"Hoses & Bellows",3867,58033.78
2022-10-22,"Other Automotive",2170,19445.23
2022-10-22,"Powertrain Mounts",1165,66928.25
2022-10-22,"Sealing",14433,45618.01
2022-10-23,"Cable Protection",1797,11902.4
2022-10-23,"Chassis NVH",2293,54768.85
2022-10-23,"Hoses & Bellows",3320,49734.66
2022-10-23,"Other Automotive",1689,15301.19
2022-10-23,"Powertrain Mounts",904,52159.96
2022-10-23,"Sealing",9528,31273.94
2022-10-24,"Cable Protection",16314,105826.17
2022-10-24,"Chassis NVH",8665,208638.47
2022-10-24,"Hoses & Bellows",11454,169223.02
2022-10-24,"Other Automotive",8653,79374.88
2022-10-24,"Powertrain Mounts",3840,216156.2
2022-10-24,"Sealing",56854,180093.29
2022-10-25,"Cable Protection",16710,108933.21
2022-10-25,"Chassis NVH",9045,211183.51
2022-10-25,"Hoses & Bellows",11937,175897.46
2022-10-25,"Other Automotive",9039,82205.09
2022-10-25,"Powertrain Mounts",4134,233419.48
2022-10-25,"Sealing",59476,186862.41
2022-10-26,"Cable Protection",17280,108848.89
2022-10-26,"Chassis NVH",8980,210417.33
2022-10-26,"Hoses & Bellows",11103,163951.95
2022-10-26,"Other Automotive",9446,85979.07
2022-10-26,"Powertrain Mounts",4111,234911.31
2022-10-26,"Sealing",59381,189801.92
2022-10-27,"Cable Protection",18043,115928.16
2022-10-27,"Chassis NVH",9080,213535.29
2022-10-27,"Hoses & Bellows",11766,176822.3
2022-10-27,"Other Automotive",9128,84216.57
2022-10-27,"Powertrain Mounts",3847,233618.68
2022-10-27,"Sealing",61103,192300.16
2022-10-28,"Cable Protection",16101,100000.48
2022-10-28,"Chassis NVH",8364,197353.37
2022-10-28,"Hoses & Bellows",10203,157642.28
2022-10-28,"Other Automotive",7869,71456.03
2022-10-28,"Powertrain Mounts",3441,193435.51
2022-10-28,"Sealing",58756,190495.46
2022-10-29,"Cable Protection",3338,21850.37
2022-10-29,"Chassis NVH",3162,75409.75
2022-10-29,"Hoses & Bellows",3525,53482.98
2022-10-29,"Other Automotive",2260,19879.31
2022-10-29,"Powertrain Mounts",1279,72217.9
2022-10-29,"Sealing",14443,45880.88
2022-10-30,"Cable Protection",1997,12763.76
2022-10-30,"Chassis NVH",2409,59599.34
2022-10-30,"Hoses & Bellows",3050,43851.1
2022-10-30,"Other Automotive",1650,14674.67
2022-10-30,"Powertrain Mounts",932,54444.77
2022-10-30,"Sealing",10745,35422.22
2022-10-31,"Cable Protection",17980,116250.98
2022-10-31,"Chassis NVH",9062,226512.98
2022-10-31,"Hoses & Bellows",12059,181083.38
2022-10-31,"Other Automotive",8729,78702.82
2022-10-31,"Powertrain Mounts",3694,212486.28
2022-10-31,"Sealing",71065,228349.3
2022-11-01,"Cable Protection",23365,155277.55
2022-11-01,"Chassis NVH",10802,257876.71
2022-11-01,"Hoses & Bellows",15181,227242.11
2022-11-01,"Other Automotive",11098,100640.07
2022-11-01,"Powertrain Mounts",4628,267647.32
2022-11-01,"Sealing",88100,273843.05
2022-11-02,"Cable Protection",23794,154644.06
2022-11-02,"Chassis NVH",11794,277351.16
2022-11-02,"Hoses & Bellows",14173,210029.86
2022-11-02,"Other Automotive",11447,103641.13
2022-11-02,"Powertrain Mounts",5453,315012.35
2022-11-02,"Sealing",84748,268437.76
2022-11-03,"Cable Protection",23428,151624.75
2022-11-03,"Chassis NVH",11305,266274.65
2022-11-03,"Hoses & Bellows",14032,212450.84
2022-11-03,"Other Automotive",10366,93768.16
2022-11-03,"Powertrain Mounts",4955,285917.84
2022-11-03,"Sealing",85816,267278.98
2022-11-04,"Cable Protection",21751,140493.73
2022-11-04,"Chassis NVH",10213,246141.4
2022-11-04,"Hoses & Bellows",12386,188817.02
2022-11-04,"Other Automotive",9970,87801.47
2022-11-04,"Powertrain Mounts",4496,264363.49
2022-11-04,"Sealing",75013,237602.24
2022-11-05,"Cable Protection",4115,26464.21
2022-11-05,"Chassis NVH",3166,74539.78
2022-11-05,"Hoses & Bellows",4023,62265.46
2022-11-05,"Other Automotive",2603,23486.4
2022-11-05,"Powertrain Mounts",1284,75787.2
2022-11-05,"Sealing",16187,52591.38
2022-11-06,"Cable Protection",2153,13905.93
2022-11-06,"Chassis NVH",2504,59390.98
2022-11-06,"Hoses & Bellows",3149,46610.55
2022-11-06,"Other Automotive",1827,16789.96
2022-11-06,"Powertrain Mounts",1000,59125.52
2022-11-06,"Sealing",10044,32337.97
2022-11-07,"Cable Protection",23141,148196.67
2022-11-07,"Chassis NVH",11064,270711.1
2022-11-07,"Hoses & Bellows",13297,203984.4
2022-11-07,"Other Automotive",11285,105021.98
2022-11-07,"Powertrain Mounts",4595,261311.13
2022-11-07,"Sealing",79254,258649.92
2022-11-08,"Cable Protection",23960,157669.27
2022-11-08,"Chassis NVH",11194,276290.8
2022-11-08,"Hoses & Bellows",14163,212319.03
2022-11-08,"Other Automotive",11438,105675.83
2022-11-08,"Powertrain Mounts",4431,254555.97
2022-11-08,"Sealing",91100,290968.73
2022-11-09,"Cable Protection",23530,151866.43
2022-11-09,"Chassis NVH",11291,275972.3
2022-11-09,"Hoses & Bellows",15397,227668.15
2022-11-09,"Other Automotive",11263,99508.38
2022-11-09,"Powertrain Mounts",4459,265742.69
2022-11-09,"Sealing",89572,289778.41
2022-11-10,"Cable Protection",22231,143299.31
2022-11-10,"Chassis NVH",10941,257323.45
2022-11-10,"Hoses & Bellows",15197,230050.13
2022-11-10,"Other Automotive",12089,110007.06
2022-11-10,"Powertrain Mounts",4639,264584.67
2022-11-10,"Sealing",82191,261392.87
2022-11-11,"Cable Protection",20350,133671.78
2022-11-11,"Chassis NVH",10895,256828.92
2022-11-11,"Hoses & Bellows",14726,216883.92
2022-11-11,"Other Automotive",12064,112953.93
2022-11-11,"Powertrain Mounts",4021,228160.62
2022-11-11,"Sealing",74869,238946.55
2022-11-12,"Cable Protection",3825,25139.92
2022-11-12,"Chassis NVH",3262,77979.83
2022-11-12,"Hoses & Bellows",4641,70627.42
2022-11-12,"Other Automotive",2999,26681.02
2022-11-12,"Powertrain Mounts",1258,73338.8
2022-11-12,"Sealing",17739,56434.8
2022-11-13,"Cable Protection",1984,12950.05
2022-11-13,"Chassis NVH",2617,63605.14
2022-11-13,"Hoses & Bellows",3587,53786.98
2022-11-13,"Other Automotive",1886,16880.82
2022-11-13,"Powertrain Mounts",958,53413.07
2022-11-13,"Sealing",10257,31939.8
2022-11-14,"Cable Protection",22973,153332.11
2022-11-14,"Chassis NVH",11442,281769.01
2022-11-14,"Hoses & Bellows",15959,233456.2
2022-11-14,"Other Automotive",12023,108653.96
2022-11-14,"Powertrain Mounts",4866,283085.84
2022-11-14,"Sealing",80426,256296.88
2022-11-15,"Cable Protection",24907,160762.78
2022-11-15,"Chassis NVH",11734,272744.66
2022-11-15,"Hoses & Bellows",16060,243283.08
2022-11-15,"Other Automotive",12829,114408.73
2022-11-15,"Powertrain Mounts",4959,289268.8
2022-11-15,"Sealing",86927,280013
2022-11-16,"Cable Protection",24422,159313.64
2022-11-16,"Chassis NVH",11600,281661.08
2022-11-16,"Hoses & Bellows",16697,247785.66
2022-11-16,"Other Automotive",12412,114000.58
2022-11-16,"Powertrain Mounts",5143,299735.03
2022-11-16,"Sealing",84095,266447.7
2022-11-17,"Cable Protection",25213,165517.84
2022-11-17,"Chassis NVH",11055,268801.58
2022-11-17,"Hoses & Bellows",17018,254585.41
2022-11-17,"Other Automotive",12986,114648.38
2022-11-17,"Powertrain Mounts",5010,298919.13
2022-11-17,"Sealing",82726,262433.58
2022-11-18,"Cable Protection",22993,149854.18
2022-11-18,"Chassis NVH",9770,234168.58
2022-11-18,"Hoses & Bellows",15872,239389.46
2022-11-18,"Other Automotive",10894,95340.43
2022-11-18,"Powertrain Mounts",4564,272112.77
2022-11-18,"Sealing",78354,253929.29
2022-11-19,"Cable Protection",4275,28269.4
2022-11-19,"Chassis NVH",3071,72016.7
2022-11-19,"Hoses & Bellows",4997,74729.17
2022-11-19,"Other Automotive",2549,22789.92
2022-11-19,"Powertrain Mounts",1241,73323.44
2022-11-19,"Sealing",17052,54179.4
2022-11-20,"Cable Protection",2198,14280.83
2022-11-20,"Chassis NVH",2423,57937.83
2022-11-20,"Hoses & Bellows",3740,54101.48
2022-11-20,"Other Automotive",1879,16997.32
2022-11-20,"Powertrain Mounts",904,52557.68
2022-11-20,"Sealing",10273,33427.9
2022-11-21,"Cable Protection",22618,144928.54
2022-11-21,"Chassis NVH",10433,246393.37
2022-11-21,"Hoses & Bellows",15864,236963.33
2022-11-21,"Other Automotive",12414,112965.65
2022-11-21,"Powertrain Mounts",4377,261013.4
2022-11-21,"Sealing",82929,266705.33
2022-11-22,"Cable Protection",23074,147799.35
2022-11-22,"Chassis NVH",10929,264568.37
2022-11-22,"Hoses & Bellows",15514,237736.41
2022-11-22,"Other Automotive",11923,109446.22
2022-11-22,"Powertrain Mounts",4914,285538.22
2022-11-22,"Sealing",85991,274197.65
2022-11-23,"Cable Protection",23042,154887.31
2022-11-23,"Chassis NVH",11251,263447.83
2022-11-23,"Hoses & Bellows",15287,225901.22
2022-11-23,"Other Automotive",12586,112905.01
2022-11-23,"Powertrain Mounts",4682,269858.07
2022-11-23,"Sealing",89676,278969.43
2022-11-24,"Cable Protection",23778,151160.55
2022-11-24,"Chassis NVH",11338,268310.35
2022-11-24,"Hoses & Bellows",15433,228786.37
2022-11-24,"Other Automotive",12653,113254.2
2022-11-24,"Powertrain Mounts",4614,256529.79
2022-11-24,"Sealing",88448,279429.7
2022-11-25,"Cable Protection",22371,141726.41
2022-11-25,"Chassis NVH",9924,235133.01
2022-11-25,"Hoses & Bellows",14223,212917.97
2022-11-25,"Other Automotive",10912,97203.42
2022-11-25,"Powertrain Mounts",4353,248625.8
2022-11-25,"Sealing",79302,255312.17
2022-11-26,"Cable Protection",4137,27652.63
2022-11-26,"Chassis NVH",3259,78471.53
2022-11-26,"Hoses & Bellows",4485,66551.04
2022-11-26,"Other Automotive",2478,22680.79
2022-11-26,"Powertrain Mounts",1242,73004.02
2022-11-26,"Sealing",17207,55474.52
2022-11-27,"Cable Protection",2101,13692.48
2022-11-27,"Chassis NVH",2507,60257.61
2022-11-27,"Hoses & Bellows",3425,51789.17
2022-11-27,"Other Automotive",1689,14957.49
2022-11-27,"Powertrain Mounts",926,51814.63
2022-11-27,"Sealing",10827,33709.65
2022-11-28,"Cable Protection",22709,148445.24
2022-11-28,"Chassis NVH",11930,288363.73
2022-11-28,"Hoses & Bellows",15121,228284.51
2022-11-28,"Other Automotive",10728,96943.14
2022-11-28,"Powertrain Mounts",4712,272339.46
2022-11-28,"Sealing",83726,271238.45
2022-11-29,"Cable Protection",22906,148415.91
2022-11-29,"Chassis NVH",12103,290257.3
2022-11-29,"Hoses & Bellows",15106,225620.66
2022-11-29,"Other Automotive",11354,102636.45
2022-11-29,"Powertrain Mounts",4830,284332.22
2022-11-29,"Sealing",91197,288703.24
2022-11-30,"Cable Protection",24693,160461.47
2022-11-30,"Chassis NVH",12671,302362.24
2022-11-30,"Hoses & Bellows",15182,226135.25
2022-11-30,"Other Automotive",11417,106137
2022-11-30,"Powertrain Mounts",4706,277899.26
2022-11-30,"Sealing",95405,305077.89
2022-12-01,"Cable Protection",17596,113329.95
2022-12-01,"Chassis NVH",9775,226862.57
2022-12-01,"Hoses & Bellows",12625,191219.22
2022-12-01,"Other Automotive",9330,85092.96
2022-12-01,"Powertrain Mounts",3671,217547.78
2022-12-01,"Sealing",68162,220411.77
2022-12-02,"Cable Protection",15769,100882.74
2022-12-02,"Chassis NVH",9124,216192.09
2022-12-02,"Hoses & Bellows",10875,159379.28
2022-12-02,"Other Automotive",8588,78311.86
2022-12-02,"Powertrain Mounts",3293,186535.29
2022-12-02,"Sealing",62922,203567.82
2022-12-03,"Cable Protection",3029,19560.17
2022-12-03,"Chassis NVH",2894,69075.06
2022-12-03,"Hoses & Bellows",3995,61611.08
2022-12-03,"Other Automotive",2364,21198.93
2022-12-03,"Powertrain Mounts",1132,66163.17
2022-12-03,"Sealing",15323,49005.56
2022-12-04,"Cable Protection",1761,11147.57
2022-12-04,"Chassis NVH",2190,52852.87
2022-12-04,"Hoses & Bellows",3272,49778.11
2022-12-04,"Other Automotive",1547,14642.12
2022-12-04,"Powertrain Mounts",909,53954.99
2022-12-04,"Sealing",9820,32246.92
2022-12-05,"Cable Protection",15594,100486.22
2022-12-05,"Chassis NVH",9130,220995.94
2022-12-05,"Hoses & Bellows",11868,179595.5
2022-12-05,"Other Automotive",8923,79354.29
2022-12-05,"Powertrain Mounts",3577,211876.47
2022-12-05,"Sealing",65246,207864.98
2022-12-06,"Cable Protection",17091,110720.96
2022-12-06,"Chassis NVH",9176,228139.53
2022-12-06,"Hoses & Bellows",12691,192119.7
2022-12-06,"Other Automotive",9432,83229.9
2022-12-06,"Powertrain Mounts",4035,233236.58
2022-12-06,"Sealing",69106,223986.56
2022-12-07,"Cable Protection",17516,119191.45
2022-12-07,"Chassis NVH",9366,226695.91
2022-12-07,"Hoses & Bellows",13412,198684.49
2022-12-07,"Other Automotive",9535,89286.56
2022-12-07,"Powertrain Mounts",4197,236823.37
2022-12-07,"Sealing",64453,205126.24
2022-12-08,"Cable Protection",17500,113716.28
2022-12-08,"Chassis NVH",9644,228272.2
2022-12-08,"Hoses & Bellows",12619,190082.84
2022-12-08,"Other Automotive",9798,87863.82
2022-12-08,"Powertrain Mounts",3916,230757.89
2022-12-08,"Sealing",64361,205316.05
2022-12-09,"Cable Protection",16436,106691.87
2022-12-09,"Chassis NVH",8802,212517.97
2022-12-09,"Hoses & Bellows",11734,179177.77
2022-12-09,"Other Automotive",8898,81982.4
2022-12-09,"Powertrain Mounts",3826,227734.48
2022-12-09,"Sealing",59302,190437.77
2022-12-10,"Cable Protection",3227,20450.42
2022-12-10,"Chassis NVH",2872,69925.18
2022-12-10,"Hoses & Bellows",4334,64119.43
2022-12-10,"Other Automotive",2413,22033.97
2022-12-10,"Powertrain Mounts",1244,72137.97
2022-12-10,"Sealing",14899,48536.74
2022-12-11,"Cable Protection",1920,12513.27
2022-12-11,"Chassis NVH",2179,53725.96
2022-12-11,"Hoses & Bellows",3452,51963.99
2022-12-11,"Other Automotive",1569,14184.74
2022-12-11,"Powertrain Mounts",896,51532.2
2022-12-11,"Sealing",9471,30273.09
2022-12-12,"Cable Protection",17800,118331.1
2022-12-12,"Chassis NVH",8695,205035.61
2022-12-12,"Hoses & Bellows",13330,193029.49
2022-12-12,"Other Automotive",8780,78629.93
2022-12-12,"Powertrain Mounts",3850,221811.12
2022-12-12,"Sealing",63691,207559.31
2022-12-13,"Cable Protection",17969,112827.07
2022-12-13,"Chassis NVH",9616,239867.28
2022-12-13,"Hoses & Bellows",14063,214288.25
2022-12-13,"Other Automotive",9368,83731.06
2022-12-13,"Powertrain Mounts",4110,239586.13
2022-12-13,"Sealing",64201,213967.2
2022-12-14,"Cable Protection",18006,120154.83
2022-12-14,"Chassis NVH",10304,237565.29
2022-12-14,"Hoses & Bellows",13494,206538.01
2022-12-14,"Other Automotive",9163,84139.69
2022-12-14,"Powertrain Mounts",4144,238424.87
2022-12-14,"Sealing",68085,217534.44
2022-12-15,"Cable Protection",19048,124818.88
2022-12-15,"Chassis NVH",9744,231669.21
2022-12-15,"Hoses & Bellows",13630,203132.36
2022-12-15,"Other Automotive",9188,83495.83
2022-12-15,"Powertrain Mounts",4234,250996.4
2022-12-15,"Sealing",67304,220626.87
2022-12-16,"Cable Protection",18669,124613.73
2022-12-16,"Chassis NVH",8838,211359.28
2022-12-16,"Hoses & Bellows",12516,188272.92
2022-12-16,"Other Automotive",8610,78416.06
2022-12-16,"Powertrain Mounts",3888,229825.42
2022-12-16,"Sealing",58166,183983.14
2022-12-17,"Cable Protection",3758,24199.8
2022-12-17,"Chassis NVH",3067,73565.72
2022-12-17,"Hoses & Bellows",4554,67514.2
2022-12-17,"Other Automotive",2357,21264.26
2022-12-17,"Powertrain Mounts",1174,67576.83
2022-12-17,"Sealing",13932,43531.97
2022-12-18,"Cable Protection",1944,12743.71
2022-12-18,"Chassis NVH",2309,53437.12
2022-12-18,"Hoses & Bellows",3449,51284.41
2022-12-18,"Other Automotive",1615,14504.22
2022-12-18,"Powertrain Mounts",904,50714.42
2022-12-18,"Sealing",9096,28403.56
2022-12-19,"Cable Protection",18567,119664.28
2022-12-19,"Chassis NVH",9031,215124.18
2022-12-19,"Hoses & Bellows",13613,209586.21
2022-12-19,"Other Automotive",8692,78046.63
2022-12-19,"Powertrain Mounts",3504,203787.09
2022-12-19,"Sealing",60649,200502.72
2022-12-20,"Cable Protection",18898,122270.85
2022-12-20,"Chassis NVH",10109,237370.6
2022-12-20,"Hoses & Bellows",13451,199413.3
2022-12-20,"Other Automotive",9888,90766.77
2022-12-20,"Powertrain Mounts",3815,218581.85
2022-12-20,"Sealing",65585,205477.31
2022-12-21,"Cable Protection",18565,119884.52
2022-12-21,"Chassis NVH",9449,232965.39
2022-12-21,"Hoses & Bellows",14630,214629.57
2022-12-21,"Other Automotive",9994,91787.02
2022-12-21,"Powertrain Mounts",3582,207829.88
2022-12-21,"Sealing",63136,208563.41
2022-12-22,"Cable Protection",18091,115788.01
2022-12-22,"Chassis NVH",9312,227932.13
2022-12-22,"Hoses & Bellows",13301,198545.77
2022-12-22,"Other Automotive",9040,81880.84
2022-12-22,"Powertrain Mounts",3349,185316.31
2022-12-22,"Sealing",61998,198622.4
2022-12-23,"Cable Protection",2124,13909.67
2022-12-23,"Chassis NVH",2355,55543.33
2022-12-23,"Hoses & Bellows",3633,53216
2022-12-23,"Other Automotive",1754,16200.16
2022-12-23,"Powertrain Mounts",886,51948.9
2022-12-23,"Sealing",10295,32547.36
2022-12-24,"Cable Protection",1683,10959.57
2022-12-24,"Chassis NVH",2303,55444.46
2022-12-24,"Hoses & Bellows",3302,49807.56
2022-12-24,"Other Automotive",1613,14859.33
2022-12-24,"Powertrain Mounts",826,47289.77
2022-12-24,"Sealing",8531,27316.35
2022-12-25,"Cable Protection",1983,12810.24
2022-12-25,"Chassis NVH",2363,56186.45
2022-12-25,"Hoses & Bellows",3506,52098.18
2022-12-25,"Other Automotive",1720,15673.85
2022-12-25,"Powertrain Mounts",909,53572.63
2022-12-25,"Sealing",9486,30449.1
2022-12-26,"Cable Protection",2407,15975
2022-12-26,"Chassis NVH",2438,56912.37
2022-12-26,"Hoses & Bellows",3575,51710.13
2022-12-26,"Other Automotive",2108,19042.25
2022-12-26,"Powertrain Mounts",1002,57625.66
2022-12-26,"Sealing",10982,35834.1
2022-12-27,"Cable Protection",2669,16894.64
2022-12-27,"Chassis NVH",2715,65727.6
2022-12-27,"Hoses & Bellows",3952,58403.47
2022-12-27,"Other Automotive",2120,18883.53
2022-12-27,"Powertrain Mounts",1071,63248.42
2022-12-27,"Sealing",11914,36883.6
2022-12-28,"Cable Protection",2778,18745.74
2022-12-28,"Chassis NVH",2779,68388.46
2022-12-28,"Hoses & Bellows",3966,59796.83
2022-12-28,"Other Automotive",1999,18331.4
2022-12-28,"Powertrain Mounts",1032,58939.49
2022-12-28,"Sealing",12002,38494.63
2022-12-29,"Cable Protection",2580,16463.84
2022-12-29,"Chassis NVH",2680,64365.3
2022-12-29,"Hoses & Bellows",3789,58224.96
2022-12-29,"Other Automotive",1816,16538.11
2022-12-29,"Powertrain Mounts",1069,61971.95
2022-12-29,"Sealing",11736,37952.89
2022-12-30,"Cable Protection",2241,14155.45
2022-12-30,"Chassis NVH",2308,56222.85
2022-12-30,"Hoses & Bellows",3629,54691.84
2022-12-30,"Other Automotive",1693,15340
2022-12-30,"Powertrain Mounts",1013,58837.77
2022-12-30,"Sealing",11069,35659.8
2022-12-31,"Cable Protection",1761,11419.07
2022-12-31,"Chassis NVH",2426,60361.43
2022-12-31,"Hoses & Bellows",3450,51693.79
2022-12-31,"Other Automotive",1585,14397.24
2022-12-31,"Powertrain Mounts",953,54503.47
2022-12-31,"Sealing",9464,29618.86
2023-01-01,"Cable Protection",2014,13225.28
2023-01-01,"Chassis NVH",2491,57593.98
2023-01-01,"Hoses & Bellows",3498,53508.59
2023-01-01,"Other Automotive",1821,16273.4
2023-01-01,"Powertrain Mounts",996,57189.48
2023-01-01,"Sealing",10282,32249.31
2023-01-02,"Cable Protection",2541,15813.28
2023-01-02,"Chassis NVH",2672,63952.04
2023-01-02,"Hoses & Bellows",3883,58669.44
2023-01-02,"Other Automotive",1954,17682.09
2023-01-02,"Powertrain Mounts",1249,72933.92
2023-01-02,"Sealing",12426,38485.65
2023-01-03,"Cable Protection",18506,116802.4
2023-01-03,"Chassis NVH",9560,233899.04
2023-01-03,"Hoses & Bellows",13405,201904.46
2023-01-03,"Other Automotive",9835,86656.24
2023-01-03,"Powertrain Mounts",5106,292809.99
2023-01-03,"Sealing",69830,221468.77
2023-01-04,"Cable Protection",20406,128411.99
2023-01-04,"Chassis NVH",9942,238998.28
2023-01-04,"Hoses & Bellows",14006,208045.89
2023-01-04,"Other Automotive",10393,92744.62
2023-01-04,"Powertrain Mounts",5556,317141.01
2023-01-04,"Sealing",70537,228901.38
2023-01-05,"Cable Protection",19184,123769.67
2023-01-05,"Chassis NVH",9718,232586.53
2023-01-05,"Hoses & Bellows",13861,211692.33
2023-01-05,"Other Automotive",9847,88182.43
2023-01-05,"Powertrain Mounts",4494,259773.32
2023-01-05,"Sealing",73054,226229.59
2023-01-06,"Cable Protection",18805,121492.18
2023-01-06,"Chassis NVH",8929,214271.65
2023-01-06,"Hoses & Bellows",12565,189858.03
2023-01-06,"Other Automotive",9328,81708.45
2023-01-06,"Powertrain Mounts",4759,270794.86
2023-01-06,"Sealing",62291,200260.32
2023-01-07,"Cable Protection",3587,23649.92
2023-01-07,"Chassis NVH",2963,71909.03
2023-01-07,"Hoses & Bellows",4491,67488.66
2023-01-07,"Other Automotive",2698,24443.03
2023-01-07,"Powertrain Mounts",1415,83412.59
2023-01-07,"Sealing",15487,50214.15
2023-01-08,"Cable Protection",1919,12689.63
2023-01-08,"Chassis NVH",2403,57388.62
2023-01-08,"Hoses & Bellows",3491,52092.48
2023-01-08,"Other Automotive",1924,17291.45
2023-01-08,"Powertrain Mounts",1034,59602.27
2023-01-08,"Sealing",9420,29827.66
2023-01-09,"Cable Protection",20149,132898.58
2023-01-09,"Chassis NVH",10254,252016.8
2023-01-09,"Hoses & Bellows",14599,223356.23
2023-01-09,"Other Automotive",11121,100411.77
2023-01-09,"Powertrain Mounts",5021,295570.61
2023-01-09,"Sealing",70987,223518.29
2023-01-10,"Cable Protection",21956,143415.95
2023-01-10,"Chassis NVH",10495,260610.82
2023-01-10,"Hoses & Bellows",14874,222851.49
2023-01-10,"Other Automotive",10752,99498.37
2023-01-10,"Powertrain Mounts",5538,329276.92
2023-01-10,"Sealing",79225,255135.47
2023-01-11,"Cable Protection",22661,145179.74
2023-01-11,"Chassis NVH",11288,267199.75
2023-01-11,"Hoses & Bellows",15314,229070.08
2023-01-11,"Other Automotive",10802,97188.7
2023-01-11,"Powertrain Mounts",5683,335177
2023-01-11,"Sealing",83040,259627.35
2023-01-12,"Cable Protection",22118,145536.64
2023-01-12,"Chassis NVH",11319,270747.42
2023-01-12,"Hoses & Bellows",14952,221813.57
2023-01-12,"Other Automotive",10980,96584.45
2023-01-12,"Powertrain Mounts",5575,319044.03
2023-01-12,"Sealing",84381,279874.75
2023-01-13,"Cable Protection",20397,132245.76
2023-01-13,"Chassis NVH",10493,255705.51
2023-01-13,"Hoses & Bellows",13895,210071.73
2023-01-13,"Other Automotive",10274,92342.83
2023-01-13,"Powertrain Mounts",4830,277912.35
2023-01-13,"Sealing",78056,247563.13
2023-01-14,"Cable Protection",3812,24533.63
2023-01-14,"Chassis NVH",3143,75432.97
2023-01-14,"Hoses & Bellows",4665,70583.13
2023-01-14,"Other Automotive",2634,22787.31
2023-01-14,"Powertrain Mounts",1431,84128.01
2023-01-14,"Sealing",16476,52103.84
2023-01-15,"Cable Protection",2171,13865.35
2023-01-15,"Chassis NVH",2549,61317.52
2023-01-15,"Hoses & Bellows",3504,53839.57
2023-01-15,"Other Automotive",1804,16251.74
2023-01-15,"Powertrain Mounts",1065,62350.23
2023-01-15,"Sealing",9842,30855.72
2023-01-16,"Cable Protection",22256,145264.01
2023-01-16,"Chassis NVH",10287,244757.35
2023-01-16,"Hoses & Bellows",15037,224892.03
2023-01-16,"Other Automotive",11068,96436.91
2023-01-16,"Powertrain Mounts",4899,285654.35
2023-01-16,"Sealing",71877,232561.62
2023-01-17,"Cable Protection",22986,149437.14
2023-01-17,"Chassis NVH",10903,257943.05
2023-01-17,"Hoses & Bellows",15881,237995.12
2023-01-17,"Other Automotive",11961,109069.38
2023-01-17,"Powertrain Mounts",4991,295052.5
2023-01-17,"Sealing",78923,250934.19
2023-01-18,"Cable Protection",22516,151957.56
2023-01-18,"Chassis NVH",10711,261812.13
2023-01-18,"Hoses & Bellows",15382,227392.15
2023-01-18,"Other Automotive",12286,114042.31
2023-01-18,"Powertrain Mounts",5151,300538.35
2023-01-18,"Sealing",76624,241780.17
2023-01-19,"Cable Protection",21191,135398.18
2023-01-19,"Chassis NVH",10790,253568.63
2023-01-19,"Hoses & Bellows",15088,226869.66
2023-01-19,"Other Automotive",11679,103698.32
2023-01-19,"Powertrain Mounts",4749,285642.62
2023-01-19,"Sealing",77409,250229.42
2023-01-20,"Cable Protection",19778,129193.78
2023-01-20,"Chassis NVH",9869,231092.77
2023-01-20,"Hoses & Bellows",13121,200512.15
2023-01-20,"Other Automotive",9925,92680.68
2023-01-20,"Powertrain Mounts",4402,256721.88
2023-01-20,"Sealing",76516,253283.29
2023-01-21,"Cable Protection",3979,26582.02
2023-01-21,"Chassis NVH",3160,74807.33
2023-01-21,"Hoses & Bellows",4444,67536.62
2023-01-21,"Other Automotive",2703,23921.36
2023-01-21,"Powertrain Mounts",1177,68642.66
2023-01-21,"Sealing",16906,54002.95
2023-01-22,"Cable Protection",2180,14081.84
2023-01-22,"Chassis NVH",2242,53865.34
2023-01-22,"Hoses & Bellows",3453,51402.16
2023-01-22,"Other Automotive",1873,16767.35
2023-01-22,"Powertrain Mounts",905,53741.1
2023-01-22,"Sealing",10263,32796.96
2023-01-23,"Cable Protection",20506,130453.99
2023-01-23,"Chassis NVH",10254,239916.25
2023-01-23,"Hoses & Bellows",13899,209005.16
2023-01-23,"Other Automotive",10971,98741.47
2023-01-23,"Powertrain Mounts",4657,270180.2
2023-01-23,"Sealing",82561,258986.86
2023-01-24,"Cable Protection",21441,136766.33
2023-01-24,"Chassis NVH",11019,264441.57
2023-01-24,"Hoses & Bellows",14635,211799.91
2023-01-24,"Other Automotive",11094,98692.46
2023-01-24,"Powertrain Mounts",4874,282761.61
2023-01-24,"Sealing",89806,280796.27
2023-01-25,"Cable Protection",21840,139123.51
2023-01-25,"Chassis NVH",11218,277176.49
2023-01-25,"Hoses & Bellows",15743,233509.01
2023-01-25,"Other Automotive",12084,109999.9
2023-01-25,"Powertrain Mounts",4995,296103.78
2023-01-25,"Sealing",88316,280685.97
2023-01-26,"Cable Protection",21860,140504.74
2023-01-26,"Chassis NVH",10199,248453.96
2023-01-26,"Hoses & Bellows",14817,223766.02
2023-01-26,"Other Automotive",11629,105182.65
2023-01-26,"Powertrain Mounts",4999,286686.17
2023-01-26,"Sealing",85459,270567.2
2023-01-27,"Cable Protection",20211,132520.33
2023-01-27,"Chassis NVH",9669,236468.79
2023-01-27,"Hoses & Bellows",13970,210974.3
2023-01-27,"Other Automotive",10385,94414.08
2023-01-27,"Powertrain Mounts",4729,282287.9
2023-01-27,"Sealing",73580,241111.1
2023-01-28,"Cable Protection",3726,24306.98
2023-01-28,"Chassis NVH",3131,76240.01
2023-01-28,"Hoses & Bellows",4597,69967.71
2023-01-28,"Other Automotive",2559,23547.2
2023-01-28,"Powertrain Mounts",1364,78186.28
2023-01-28,"Sealing",15925,50752.82
2023-01-29,"Cable Protection",2047,12410.8
2023-01-29,"Chassis NVH",2587,62218.36
2023-01-29,"Hoses & Bellows",3684,56808.45
2023-01-29,"Other Automotive",1883,17043.8
2023-01-29,"Powertrain Mounts",987,57402.43
2023-01-29,"Sealing",10941,34345.83
2023-01-30,"Cable Protection",19320,123510.11
2023-01-30,"Chassis NVH",9868,239952.42
2023-01-30,"Hoses & Bellows",14031,216601.94
2023-01-30,"Other Automotive",9589,86275.78
2023-01-30,"Powertrain Mounts",4515,260456.64
2023-01-30,"Sealing",71755,228287.44
2023-01-31,"Cable Protection",20192,127721
2023-01-31,"Chassis NVH",10203,246090.95
2023-01-31,"Hoses & Bellows",14487,218742.1
2023-01-31,"Other Automotive",9969,89768.66
2023-01-31,"Powertrain Mounts",4704,270961.16
2023-01-31,"Sealing",80890,267669.04
2023-02-01,"Cable Protection",23797,159059.75
2023-02-01,"Chassis NVH",11419,265612.09
2023-02-01,"Hoses & Bellows",16075,233897.46
2023-02-01,"Other Automotive",12832,113140.29
2023-02-01,"Powertrain Mounts",4888,276988.35
2023-02-01,"Sealing",95194,306323.62
2023-02-02,"Cable Protection",22863,144086.69
2023-02-02,"Chassis NVH",10703,255351.15
2023-02-02,"Hoses & Bellows",16168,242182.88
2023-02-02,"Other Automotive",12353,109760.25
2023-02-02,"Powertrain Mounts",4771,275115.32
2023-02-02,"Sealing",86023,271065.68
2023-02-03,"Cable Protection",20068,131059.97
2023-02-03,"Chassis NVH",9804,243060.95
2023-02-03,"Hoses & Bellows",13508,207430.85
2023-02-03,"Other Automotive",11749,107318.23
2023-02-03,"Powertrain Mounts",4679,276079.22
2023-02-03,"Sealing",76987,243102.98
2023-02-04,"Cable Protection",3818,25102.77
2023-02-04,"Chassis NVH",3029,72589.73
2023-02-04,"Hoses & Bellows",4637,68060.69
2023-02-04,"Other Automotive",2725,24470.94
2023-02-04,"Powertrain Mounts",1309,76682.97
2023-02-04,"Sealing",16617,53184.54
2023-02-05,"Cable Protection",2086,13837.4
2023-02-05,"Chassis NVH",2313,55935.54
2023-02-05,"Hoses & Bellows",3502,51632.12
2023-02-05,"Other Automotive",1795,15869.59
2023-02-05,"Powertrain Mounts",980,55827.91
2023-02-05,"Sealing",10193,33345.67
2023-02-06,"Cable Protection",22571,146816.48
2023-02-06,"Chassis NVH",10814,255884.58
2023-02-06,"Hoses & Bellows",15356,224837.91
2023-02-06,"Other Automotive",11372,101130.42
2023-02-06,"Powertrain Mounts",4935,281629.86
2023-02-06,"Sealing",75737,246518.76
2023-02-07,"Cable Protection",24439,164421.48
2023-02-07,"Chassis NVH",10880,261322.12
2023-02-07,"Hoses & Bellows",16398,244824.76
2023-02-07,"Other Automotive",11565,105420.52
2023-02-07,"Powertrain Mounts",5252,295398.96
2023-02-07,"Sealing",85005,270236.55
2023-02-08,"Cable Protection",24985,160728.84
2023-02-08,"Chassis NVH",11998,288610.99
2023-02-08,"Hoses & Bellows",16098,243586.35
2023-02-08,"Other Automotive",11900,105778.9
2023-02-08,"Powertrain Mounts",5053,290868.95
2023-02-08,"Sealing",83945,266800.44
2023-02-09,"Cable Protection",24959,161807.42
2023-02-09,"Chassis NVH",11560,265784.16
2023-02-09,"Hoses & Bellows",16372,243703.03
2023-02-09,"Other Automotive",11985,109476.97
2023-02-09,"Powertrain Mounts",5090,288418.55
2023-02-09,"Sealing",84122,267605.73
2023-02-10,"Cable Protection",22478,145229.12
2023-02-10,"Chassis NVH",10122,234441.34
2023-02-10,"Hoses & Bellows",15732,231265.06
2023-02-10,"Other Automotive",11216,103932.24
2023-02-10,"Powertrain Mounts",4553,264678.48
2023-02-10,"Sealing",75828,242612.61
2023-02-11,"Cable Protection",3620,24045.99
2023-02-11,"Chassis NVH",3107,72975.84
2023-02-11,"Hoses & Bellows",4661,69678.75
2023-02-11,"Other Automotive",2834,26019.86
2023-02-11,"Powertrain Mounts",1332,76667.08
2023-02-11,"Sealing",17126,54693.03
2023-02-12,"Cable Protection",2136,13622.29
2023-02-12,"Chassis NVH",2384,57884.43
2023-02-12,"Hoses & Bellows",3325,50480.04
2023-02-12,"Other Automotive",1897,17312.58
2023-02-12,"Powertrain Mounts",1043,61867.67
2023-02-12,"Sealing",9997,31762.28
2023-02-13,"Cable Protection",21198,139819.12
2023-02-13,"Chassis NVH",11072,262062.22
2023-02-13,"Hoses & Bellows",14315,213468.11
2023-02-13,"Other Automotive",12631,111675.77
2023-02-13,"Powertrain Mounts",5004,289893.93
2023-02-13,"Sealing",84431,260259.31
2023-02-14,"Cable Protection",21590,140345.12
2023-02-14,"Chassis NVH",10923,267008.07
2023-02-14,"Hoses & Bellows",14941,219455.01
2023-02-14,"Other Automotive",12649,111825.2
2023-02-14,"Powertrain Mounts",5175,291565.05
2023-02-14,"Sealing",85607,278920.71
2023-02-15,"Cable Protection",22367,150225.95
2023-02-15,"Chassis NVH",11157,268734.41
2023-02-15,"Hoses & Bellows",16057,244693.47
2023-02-15,"Other Automotive",13476,121583.54
2023-02-15,"Powertrain Mounts",5054,288914
2023-02-15,"Sealing",86132,268412.85
2023-02-16,"Cable Protection",23256,152258.51
2023-02-16,"Chassis NVH",11619,278337.93
2023-02-16,"Hoses & Bellows",15391,227023.5
2023-02-16,"Other Automotive",13255,117651
2023-02-16,"Powertrain Mounts",5371,320701.19
2023-02-16,"Sealing",87339,277353.16
2023-02-17,"Cable Protection",21539,139351.7
2023-02-17,"Chassis NVH",10016,244334.59
2023-02-17,"Hoses & Bellows",13526,199252.14
2023-02-17,"Other Automotive",12179,107777.29
2023-02-17,"Powertrain Mounts",4740,270883.86
2023-02-17,"Sealing",84714,267267.91
2023-02-18,"Cable Protection",4152,26745.47
2023-02-18,"Chassis NVH",3163,78756.97
2023-02-18,"Hoses & Bellows",4478,67825.99
2023-02-18,"Other Automotive",2817,24999.91
2023-02-18,"Powertrain Mounts",1424,83737.05
2023-02-18,"Sealing",18949,60992.09
2023-02-19,"Cable Protection",2241,14424.91
2023-02-19,"Chassis NVH",2243,55143.18
2023-02-19,"Hoses & Bellows",3589,53656.25
2023-02-19,"Other Automotive",1818,16476.89
2023-02-19,"Powertrain Mounts",1055,62056.81
2023-02-19,"Sealing",10917,35304.62
2023-02-20,"Cable Protection",22524,144133.84
2023-02-20,"Chassis NVH",10274,241733.39
2023-02-20,"Hoses & Bellows",15042,225049.77
2023-02-20,"Other Automotive",12214,112338.97
2023-02-20,"Powertrain Mounts",4952,297603.38
2023-02-20,"Sealing",84735,277214.16
2023-02-21,"Cable Protection",23836,152513.25
2023-02-21,"Chassis NVH",12297,300160.59
2023-02-21,"Hoses & Bellows",15658,231429.05
2023-02-21,"Other Automotive",13461,121245.22
2023-02-21,"Powertrain Mounts",5382,321962.31
2023-02-21,"Sealing",83623,268667.7
2023-02-22,"Cable Protection",23204,154852.45
2023-02-22,"Chassis NVH",11741,289624.5
2023-02-22,"Hoses & Bellows",14847,225913.97
2023-02-22,"Other Automotive",13658,122938.24
2023-02-22,"Powertrain Mounts",5920,353003.99
2023-02-22,"Sealing",82817,267962.53
2023-02-23,"Cable Protection",22782,149518.01
2023-02-23,"Chassis NVH",11508,272032.67
2023-02-23,"Hoses & Bellows",15054,222075.62
2023-02-23,"Other Automotive",12846,115471.23
2023-02-23,"Powertrain Mounts",5197,296683.35
2023-02-23,"Sealing",83177,266694.32
2023-02-24,"Cable Protection",20702,136146.72
2023-02-24,"Chassis NVH",10576,252995
2023-02-24,"Hoses & Bellows",14320,208649.07
2023-02-24,"Other Automotive",12496,110837.68
2023-02-24,"Powertrain Mounts",4826,276476.86
2023-02-24,"Sealing",78067,246428.97
2023-02-25,"Cable Protection",3882,25015.78
2023-02-25,"Chassis NVH",3296,77792.34
2023-02-25,"Hoses & Bellows",4619,69158.38
2023-02-25,"Other Automotive",2968,26447.94
2023-02-25,"Powertrain Mounts",1364,78579.71
2023-02-25,"Sealing",18141,57909.18
2023-02-26,"Cable Protection",2179,14301.4
2023-02-26,"Chassis NVH",2412,59279.37
2023-02-26,"Hoses & Bellows",3430,49975.69
2023-02-26,"Other Automotive",1993,18184
2023-02-26,"Powertrain Mounts",915,51826.61
2023-02-26,"Sealing",11388,36366.46
2023-02-27,"Cable Protection",23619,151260.17
2023-02-27,"Chassis NVH",11201,262923.23
2023-02-27,"Hoses & Bellows",15251,231667.46
2023-02-27,"Other Automotive",12542,114474.56
2023-02-27,"Powertrain Mounts",5235,297195.52
2023-02-27,"Sealing",91539,286051.26
2023-02-28,"Cable Protection",24966,163306.83
2023-02-28,"Chassis NVH",12155,291291.71
2023-02-28,"Hoses & Bellows",16172,248106.39
2023-02-28,"Other Automotive",13630,119024.76
2023-02-28,"Powertrain Mounts",5477,323382.76
2023-02-28,"Sealing",87571,283279.21
2023-03-01,"Cable Protection",27279,180751.12
2023-03-01,"Chassis NVH",12037,295021.33
2023-03-01,"Hoses & Bellows",15894,239478.35
2023-03-01,"Other Automotive",14626,128924.23
2023-03-01,"Powertrain Mounts",5895,343362.88
2023-03-01,"Sealing",95877,304316.94
2023-03-02,"Cable Protection",27549,177537.12
2023-03-02,"Chassis NVH",12374,292664.98
2023-03-02,"Hoses & Bellows",16323,240328.78
2023-03-02,"Other Automotive",14371,129742.95
2023-03-02,"Powertrain Mounts",6072,350912.99
2023-03-02,"Sealing",99088,319264.59
2023-03-03,"Cable Protection",24825,161959.59
2023-03-03,"Chassis NVH",10730,258995.66
2023-03-03,"Hoses & Bellows",14540,217335.94
2023-03-03,"Other Automotive",12473,113329.06
2023-03-03,"Powertrain Mounts",5263,305527.88
2023-03-03,"Sealing",87390,280781.73
2023-03-04,"Cable Protection",4320,29022.42
2023-03-04,"Chassis NVH",3234,76283.9
2023-03-04,"Hoses & Bellows",4748,71222.28
2023-03-04,"Other Automotive",3079,27999.27
2023-03-04,"Powertrain Mounts",1544,89491.22
2023-03-04,"Sealing",18807,60098.3
2023-03-05,"Cable Protection",2174,14689.53
2023-03-05,"Chassis NVH",2320,55782.55
2023-03-05,"Hoses & Bellows",3822,58079.92
2023-03-05,"Other Automotive",1957,17115.54
2023-03-05,"Powertrain Mounts",996,56620.06
2023-03-05,"Sealing",10804,34814.5
2023-03-06,"Cable Protection",25624,169877.31
2023-03-06,"Chassis NVH",11453,278827
2023-03-06,"Hoses & Bellows",16992,253399.83
2023-03-06,"Other Automotive",13583,120458.43
2023-03-06,"Powertrain Mounts",5301,313581.81
2023-03-06,"Sealing",88780,286137.41
2023-03-07,"Cable Protection",24641,166051.38
2023-03-07,"Chassis NVH",12788,306381.82
2023-03-07,"Hoses & Bellows",16922,255253.96
2023-03-07,"Other Automotive",13766,124408.66
2023-03-07,"Powertrain Mounts",5575,329529.65
2023-03-07,"Sealing",93733,288895.71
2023-03-08,"Cable Protection",25519,165350.17
2023-03-08,"Chassis NVH",12913,306837.02
2023-03-08,"Hoses & Bellows",17127,265860.11
2023-03-08,"Other Automotive",13184,120159.48
2023-03-08,"Powertrain Mounts",5601,328564.87
2023-03-08,"Sealing",92664,294182.05
2023-03-09,"Cable Protection",24631,162001.8
2023-03-09,"Chassis NVH",12406,300492.9
2023-03-09,"Hoses & Bellows",16190,237238.36
2023-03-09,"Other Automotive",13563,122097.89
2023-03-09,"Powertrain Mounts",5266,305295.02
2023-03-09,"Sealing",91696,293425.38
2023-03-10,"Cable Protection",23362,152702.93
2023-03-10,"Chassis NVH",11625,288369.71
2023-03-10,"Hoses & Bellows",15155,231112.08
2023-03-10,"Other Automotive",13341,121918.62
2023-03-10,"Powertrain Mounts",5129,296386
2023-03-10,"Sealing",87559,274240.72
2023-03-11,"Cable Protection",4336,27825.54
2023-03-11,"Chassis NVH",3202,76843.8
2023-03-11,"Hoses & Bellows",4677,68944.55
2023-03-11,"Other Automotive",3222,29962.72
2023-03-11,"Powertrain Mounts",1469,85720.32
2023-03-11,"Sealing",18539,58980.67
2023-03-12,"Cable Protection",2159,14130.27
2023-03-12,"Chassis NVH",2595,62333.68
2023-03-12,"Hoses & Bellows",3484,54597.54
2023-03-12,"Other Automotive",1979,17554.23
2023-03-12,"Powertrain Mounts",1037,59675.61
2023-03-12,"Sealing",11203,36234.22
2023-03-13,"Cable Protection",25145,163929.44
2023-03-13,"Chassis NVH",11574,285314.53
2023-03-13,"Hoses & Bellows",15096,225607.41
2023-03-13,"Other Automotive",13058,119103.75
2023-03-13,"Powertrain Mounts",5359,302815.14
2023-03-13,"Sealing",95418,301880.62
2023-03-14,"Cable Protection",28202,187763.15
2023-03-14,"Chassis NVH",12475,294109.39
2023-03-14,"Hoses & Bellows",16189,235048.39
2023-03-14,"Other Automotive",14368,131208.88
2023-03-14,"Powertrain Mounts",5959,352794.19
2023-03-14,"Sealing",101139,314584.96
2023-03-15,"Cable Protection",29687,193338.43
2023-03-15,"Chassis NVH",13334,314741.57
2023-03-15,"Hoses & Bellows",17429,261636.01
2023-03-15,"Other Automotive",12560,108091.49
2023-03-15,"Powertrain Mounts",6158,368210.68
2023-03-15,"Sealing",96913,316498.11
2023-03-16,"Cable Protection",28777,187981.33
2023-03-16,"Chassis NVH",11704,280924.49
2023-03-16,"Hoses & Bellows",17177,252646.43
2023-03-16,"Other Automotive",14327,131217.76
2023-03-16,"Powertrain Mounts",5542,330601.05
2023-03-16,"Sealing",103638,336424.11
2023-03-17,"Cable Protection",23694,152122.56
2023-03-17,"Chassis NVH",10523,246927.78
2023-03-17,"Hoses & Bellows",14949,222175.34
2023-03-17,"Other Automotive",13040,116123.33
2023-03-17,"Powertrain Mounts",5333,305402.66
2023-03-17,"Sealing",86375,270505.04
2023-03-18,"Cable Protection",4481,28920.66
2023-03-18,"Chassis NVH",3110,76311.88
2023-03-18,"Hoses & Bellows",4499,68196.71
2023-03-18,"Other Automotive",3063,27800.84
2023-03-18,"Powertrain Mounts",1432,84736.97
2023-03-18,"Sealing",19435,63563.93
2023-03-19,"Cable Protection",2292,14805.17
2023-03-19,"Chassis NVH",2359,59775.92
2023-03-19,"Hoses & Bellows",3742,56407.12
2023-03-19,"Other Automotive",2060,18152.51
2023-03-19,"Powertrain Mounts",969,56233.48
2023-03-19,"Sealing",11413,37566.03
2023-03-20,"Cable Protection",26079,165921.31
2023-03-20,"Chassis NVH",11180,264371.59
2023-03-20,"Hoses & Bellows",17228,264628.28
2023-03-20,"Other Automotive",13211,118817.64
2023-03-20,"Powertrain Mounts",4946,286901.82
2023-03-20,"Sealing",97273,306092.25
2023-03-21,"Cable Protection",28092,184313.26
2023-03-21,"Chassis NVH",12383,301391.71
2023-03-21,"Hoses & Bellows",17371,258639.49
2023-03-21,"Other Automotive",13425,120432.15
2023-03-21,"Powertrain Mounts",5326,309060.58
2023-03-21,"Sealing",100648,326262.31
2023-03-22,"Cable Protection",28371,186839.62
2023-03-22,"Chassis NVH",12886,315696.39
2023-03-22,"Hoses & Bellows",18191,268524.89
2023-03-22,"Other Automotive",13478,125238.16
2023-03-22,"Powertrain Mounts",5686,316934.56
2023-03-22,"Sealing",105993,341340.1
2023-03-23,"Cable Protection",29167,193818.02
2023-03-23,"Chassis NVH",12556,301907.31
2023-03-23,"Hoses & Bellows",17775,267959.17
2023-03-23,"Other Automotive",13265,120292.03
2023-03-23,"Powertrain Mounts",5585,323694.1
2023-03-23,"Sealing",104826,325028.9
2023-03-24,"Cable Protection",25730,168300.03
2023-03-24,"Chassis NVH",11349,269517.08
2023-03-24,"Hoses & Bellows",16020,246545.55
2023-03-24,"Other Automotive",11780,104561.67
2023-03-24,"Powertrain Mounts",5163,299144.5
2023-03-24,"Sealing",88722,289945.77
2023-03-25,"Cable Protection",4485,29343.5
2023-03-25,"Chassis NVH",3383,80493.79
2023-03-25,"Hoses & Bellows",5084,76754.06
2023-03-25,"Other Automotive",2657,23467.54
2023-03-25,"Powertrain Mounts",1431,81178.21
2023-03-25,"Sealing",18156,58065.78
2023-03-26,"Cable Protection",2339,14941.48
2023-03-26,"Chassis NVH",2685,64466.44
2023-03-26,"Hoses & Bellows",3695,55167.81
2023-03-26,"Other Automotive",1819,16379.64
2023-03-26,"Powertrain Mounts",1034,61291.53
2023-03-26,"Sealing",11056,36670.78
2023-03-27,"Cable Protection",25244,158918.13
2023-03-27,"Chassis NVH",11385,265422.34
2023-03-27,"Hoses & Bellows",15692,236738.34
2023-03-27,"Other Automotive",11293,103648.09
2023-03-27,"Powertrain Mounts",5225,301169.28
2023-03-27,"Sealing",86987,279792.66
2023-03-28,"Cable Protection",25145,166258.05
2023-03-28,"Chassis NVH",12544,307904.81
2023-03-28,"Hoses & Bellows",16431,256698.94
2023-03-28,"Other Automotive",12313,108391.23
2023-03-28,"Powertrain Mounts",5817,343020.53
2023-03-28,"Sealing",89257,289045.62
2023-03-29,"Cable Protection",27771,184789.11
2023-03-29,"Chassis NVH",12772,295833.67
2023-03-29,"Hoses & Bellows",17247,250496.9
2023-03-29,"Other Automotive",12748,112376.83
2023-03-29,"Powertrain Mounts",5758,332426.57
2023-03-29,"Sealing",86272,281040.21
2023-03-30,"Cable Protection",25557,170976.78
2023-03-30,"Chassis NVH",13145,320776
2023-03-30,"Hoses & Bellows",17524,269934.46
2023-03-30,"Other Automotive",12708,113243.22
2023-03-30,"Powertrain Mounts",5459,330628.16
2023-03-30,"Sealing",87355,279376.96
2023-03-31,"Cable Protection",22706,150126.84
2023-03-31,"Chassis NVH",11629,282336.51
2023-03-31,"Hoses & Bellows",15620,239089.03
2023-03-31,"Other Automotive",11575,104026.32
2023-03-31,"Powertrain Mounts",4954,292117.22
2023-03-31,"Sealing",78039,247429.15
2023-04-01,"Cable Protection",3542,23286.52
2023-04-01,"Chassis NVH",2924,69711.54
2023-04-01,"Hoses & Bellows",4257,62502.9
2023-04-01,"Other Automotive",2462,21879.57
2023-04-01,"Powertrain Mounts",1257,72646.42
2023-04-01,"Sealing",15581,50043.72
2023-04-02,"Cable Protection",2070,13444.85
2023-04-02,"Chassis NVH",2397,56982.78
2023-04-02,"Hoses & Bellows",3696,53624.2
2023-04-02,"Other Automotive",1830,16170.06
2023-04-02,"Powertrain Mounts",969,55543.64
2023-04-02,"Sealing",11051,36562.3
2023-04-03,"Cable Protection",17586,115245.64
2023-04-03,"Chassis NVH",10062,241878.38
2023-04-03,"Hoses & Bellows",11664,177175.94
2023-04-03,"Other Automotive",8902,80425.88
2023-04-03,"Powertrain Mounts",4261,250886.08
2023-04-03,"Sealing",63427,207098.61
2023-04-04,"Cable Protection",18577,118739.58
2023-04-04,"Chassis NVH",9388,230535.9
2023-04-04,"Hoses & Bellows",12207,185843.26
2023-04-04,"Other Automotive",9648,84166.82
2023-04-04,"Powertrain Mounts",4164,245767.14
2023-04-04,"Sealing",69440,222645.84
2023-04-05,"Cable Protection",18889,122015.84
2023-04-05,"Chassis NVH",9641,231353.72
2023-04-05,"Hoses & Bellows",12847,194562.59
2023-04-05,"Other Automotive",9918,90197.89
2023-04-05,"Powertrain Mounts",4121,236864.86
2023-04-05,"Sealing",68178,218957.83
2023-04-06,"Cable Protection",4187,26805.65
2023-04-06,"Chassis NVH",3684,88244.39
2023-04-06,"Hoses & Bellows",4938,73216.11
2023-04-06,"Other Automotive",2771,25095.66
2023-04-06,"Powertrain Mounts",1495,86331.4
2023-04-06,"Sealing",18757,58384.89
2023-04-07,"Cable Protection",18844,122237.3
2023-04-07,"Chassis NVH",9581,225542.15
2023-04-07,"Hoses & Bellows",12952,198119.44
2023-04-07,"Other Automotive",10215,93491.13
2023-04-07,"Powertrain Mounts",4271,247672.3
2023-04-07,"Sealing",71905,235118.75
2023-04-08,"Cable Protection",1731,10968
2023-04-08,"Chassis NVH",2677,64313.26
2023-04-08,"Hoses & Bellows",3193,47181.29
2023-04-08,"Other Automotive",1727,15432.8
2023-04-08,"Powertrain Mounts",1013,60654.31
2023-04-08,"Sealing",9430,30030.94
2023-04-09,"Cable Protection",2089,13630.42
2023-04-09,"Chassis NVH",2502,62717.38
2023-04-09,"Hoses & Bellows",3342,49535.68
2023-04-09,"Other Automotive",1853,16361.66
2023-04-09,"Powertrain Mounts",960,56658.38
2023-04-09,"Sealing",10299,33030.3
2023-04-10,"Cable Protection",19680,126439.73
2023-04-10,"Chassis NVH",10236,239813.02
2023-04-10,"Hoses & Bellows",13487,201661.21
2023-04-10,"Other Automotive",11442,105285.88
2023-04-10,"Powertrain Mounts",4623,277235.79
2023-04-10,"Sealing",77584,254534.58
2023-04-11,"Cable Protection",17242,113016.5
2023-04-11,"Chassis NVH",9758,240109.77
2023-04-11,"Hoses & Bellows",14201,214438.99
2023-04-11,"Other Automotive",10548,95213.22
2023-04-11,"Powertrain Mounts",4383,255797.68
2023-04-11,"Sealing",73708,233115.36
2023-04-12,"Cable Protection",19244,126717.63
2023-04-12,"Chassis NVH",10357,253525.72
2023-04-12,"Hoses & Bellows",14119,210227.78
2023-04-12,"Other Automotive",10929,100386.26
2023-04-12,"Powertrain Mounts",4409,262119.15
2023-04-12,"Sealing",75348,245681.58
2023-04-13,"Cable Protection",20234,130560.52
2023-04-13,"Chassis NVH",10272,244016.83
2023-04-13,"Hoses & Bellows",13501,204738.96
2023-04-13,"Other Automotive",11127,100540.58
2023-04-13,"Powertrain Mounts",4558,264779.71
2023-04-13,"Sealing",73369,234718
2023-04-14,"Cable Protection",18564,119038.16
2023-04-14,"Chassis NVH",9780,233394.73
2023-04-14,"Hoses & Bellows",11800,173151.97
2023-04-14,"Other Automotive",9594,86339.66
2023-04-14,"Powertrain Mounts",4130,232705.04
2023-04-14,"Sealing",69929,219437.02
2023-04-15,"Cable Protection",3656,24422.71
2023-04-15,"Chassis NVH",3354,81110.93
2023-04-15,"Hoses & Bellows",4155,63487.9
2023-04-15,"Other Automotive",2516,22749.87
2023-04-15,"Powertrain Mounts",1355,79218.54
2023-04-15,"Sealing",17538,55454.6
2023-04-16,"Cable Protection",2243,14524.76
2023-04-16,"Chassis NVH",2434,59626.47
2023-04-16,"Hoses & Bellows",3443,50148.93
2023-04-16,"Other Automotive",1782,15826.27
2023-04-16,"Powertrain Mounts",1049,61544.54
2023-04-16,"Sealing",11538,36941.22
2023-04-17,"Cable Protection",19948,127465.25
2023-04-17,"Chassis NVH",9808,236587.29
2023-04-17,"Hoses & Bellows",14369,215962.97
2023-04-17,"Other Automotive",11067,97791.99
2023-04-17,"Powertrain Mounts",4638,261727.12
2023-04-17,"Sealing",82086,259195.28
2023-04-18,"Cable Protection",20626,132041.41
2023-04-18,"Chassis NVH",9842,237210.81
2023-04-18,"Hoses & Bellows",14790,222347.5
2023-04-18,"Other Automotive",10898,97338.23
2023-04-18,"Powertrain Mounts",4621,269471.29
2023-04-18,"Sealing",85448,275294.34
2023-04-19,"Cable Protection",21001,135556.39
2023-04-19,"Chassis NVH",10561,262327.34
2023-04-19,"Hoses & Bellows",16065,242500.59
2023-04-19,"Other Automotive",10949,96556.49
2023-04-19,"Powertrain Mounts",4901,283069.08
2023-04-19,"Sealing",87771,281663.25
2023-04-20,"Cable Protection",21159,139693.38
2023-04-20,"Chassis NVH",10654,257482.51
2023-04-20,"Hoses & Bellows",14750,222637.07
2023-04-20,"Other Automotive",11612,105525.94
2023-04-20,"Powertrain Mounts",4911,287483.2
2023-04-20,"Sealing",83790,276011.41
2023-04-21,"Cable Protection",18279,117913.34
2023-04-21,"Chassis NVH",9961,239712.01
2023-04-21,"Hoses & Bellows",13461,201110.41
2023-04-21,"Other Automotive",10619,94993.55
2023-04-21,"Powertrain Mounts",4517,266521.98
2023-04-21,"Sealing",78652,260098.42
2023-04-22,"Cable Protection",3650,24234.22
2023-04-22,"Chassis NVH",3303,77500.18
2023-04-22,"Hoses & Bellows",4744,71076.47
2023-04-22,"Other Automotive",2814,25235.96
2023-04-22,"Powertrain Mounts",1413,83563.34
2023-04-22,"Sealing",17299,55045.12
2023-04-23,"Cable Protection",1872,12392.73
2023-04-23,"Chassis NVH",2429,56965.79
2023-04-23,"Hoses & Bellows",3568,54355.05
2023-04-23,"Other Automotive",1852,16378.35
2023-04-23,"Powertrain Mounts",976,58942.81
2023-04-23,"Sealing",10487,33974.05
2023-04-24,"Cable Protection",19146,123515.61
2023-04-24,"Chassis NVH",10167,242779.6
2023-04-24,"Hoses & Bellows",14030,213114.01
2023-04-24,"Other Automotive",10678,92761.07
2023-04-24,"Powertrain Mounts",4622,265197.6
2023-04-24,"Sealing",73468,229874.64
2023-04-25,"Cable Protection",20888,135985.48
2023-04-25,"Chassis NVH",10741,253384.27
2023-04-25,"Hoses & Bellows",15202,227690.17
2023-04-25,"Other Automotive",11749,104444.35
2023-04-25,"Powertrain Mounts",4965,293082.28
2023-04-25,"Sealing",87002,283101.92
2023-04-26,"Cable Protection",20486,134600.1
2023-04-26,"Chassis NVH",11291,268405.29
2023-04-26,"Hoses & Bellows",15265,231468.97
2023-04-26,"Other Automotive",12105,108503.45
2023-04-26,"Powertrain Mounts",4897,291555.22
2023-04-26,"Sealing",85879,270520.89
2023-04-27,"Cable Protection",21008,137503.78
2023-04-27,"Chassis NVH",10578,255170.54
2023-04-27,"Hoses & Bellows",14817,217206.77
2023-04-27,"Other Automotive",11059,101866.43
2023-04-27,"Powertrain Mounts",4896,285659.14
2023-04-27,"Sealing",86136,266714.74
2023-04-28,"Cable Protection",19002,118768.09
2023-04-28,"Chassis NVH",9807,235199.59
2023-04-28,"Hoses & Bellows",13758,206726.03
2023-04-28,"Other Automotive",9827,87787.87
2023-04-28,"Powertrain Mounts",4643,265936.08
2023-04-28,"Sealing",73394,234882.8
2023-04-29,"Cable Protection",1940,12449.08
2023-04-29,"Chassis NVH",2298,53632.87
2023-04-29,"Hoses & Bellows",3438,50976.32
2023-04-29,"Other Automotive",1652,14952.59
2023-04-29,"Powertrain Mounts",1005,57330.66
2023-04-29,"Sealing",10201,30808.74
2023-04-30,"Cable Protection",2205,14690.01
2023-04-30,"Chassis NVH",2411,57722.62
2023-04-30,"Hoses & Bellows",3522,51839.68
2023-04-30,"Other Automotive",1804,16076.41
2023-04-30,"Powertrain Mounts",1113,66066.06
2023-04-30,"Sealing",10613,33737.43
2023-05-01,"Cable Protection",22025,142365.3
2023-05-01,"Chassis NVH",11612,282365.79
2023-05-01,"Hoses & Bellows",15152,221794.71
2023-05-01,"Other Automotive",11459,101666.05
2023-05-01,"Powertrain Mounts",5413,315074.1
2023-05-01,"Sealing",82197,259530.74
2023-05-02,"Cable Protection",24561,156575.45
2023-05-02,"Chassis NVH",12465,295331.5
2023-05-02,"Hoses & Bellows",15991,238419.07
2023-05-02,"Other Automotive",12618,114365.01
2023-05-02,"Powertrain Mounts",5495,321025.37
2023-05-02,"Sealing",91217,294808.25
2023-05-03,"Cable Protection",22678,149534.77
2023-05-03,"Chassis NVH",12343,299441.79
2023-05-03,"Hoses & Bellows",17154,263883.68
2023-05-03,"Other Automotive",11698,104693.25
2023-05-03,"Powertrain Mounts",5243,304925.61
2023-05-03,"Sealing",83822,266757.69
2023-05-04,"Cable Protection",23196,149092.64
2023-05-04,"Chassis NVH",12783,302485.05
2023-05-04,"Hoses & Bellows",15624,227046.49
2023-05-04,"Other Automotive",11942,104487.48
2023-05-04,"Powertrain Mounts",5242,310239.12
2023-05-04,"Sealing",91108,295746.17
2023-05-05,"Cable Protection",20734,136270.03
2023-05-05,"Chassis NVH",11076,260082.28
2023-05-05,"Hoses & Bellows",14259,211650.87
2023-05-05,"Other Automotive",10947,100068.28
2023-05-05,"Powertrain Mounts",4792,279665.89
2023-05-05,"Sealing",82922,275821.96
2023-05-06,"Cable Protection",3995,26798.47
2023-05-06,"Chassis NVH",3357,82533.82
2023-05-06,"Hoses & Bellows",4987,76201.1
2023-05-06,"Other Automotive",2680,24294.33
2023-05-06,"Powertrain Mounts",1339,75406.16
2023-05-06,"Sealing",18920,58960.73
2023-05-07,"Cable Protection",2229,14510.27
2023-05-07,"Chassis NVH",2602,62438.8
2023-05-07,"Hoses & Bellows",3814,58177.33
2023-05-07,"Other Automotive",1879,17074.4
2023-05-07,"Powertrain Mounts",1046,59249.83
2023-05-07,"Sealing",10535,33335.38
2023-05-08,"Cable Protection",20458,132010.52
2023-05-08,"Chassis NVH",11745,278277.21
2023-05-08,"Hoses & Bellows",16552,245053.46
2023-05-08,"Other Automotive",11071,98976.2
2023-05-08,"Powertrain Mounts",4718,268694.33
2023-05-08,"Sealing",82012,264352.71
2023-05-09,"Cable Protection",22799,148558.78
2023-05-09,"Chassis NVH",11890,281142.61
2023-05-09,"Hoses & Bellows",18359,282981.19
2023-05-09,"Other Automotive",12009,104523.95
2023-05-09,"Powertrain Mounts",5269,305392.11
2023-05-09,"Sealing",90246,282055.15
2023-05-10,"Cable Protection",23660,151771.88
2023-05-10,"Chassis NVH",11800,279524.68
2023-05-10,"Hoses & Bellows",17466,265479.78
2023-05-10,"Other Automotive",11939,103814.37
2023-05-10,"Powertrain Mounts",5724,344622.45
2023-05-10,"Sealing",95066,309690.44
2023-05-11,"Cable Protection",22655,147072.56
2023-05-11,"Chassis NVH",12162,293415.46
2023-05-11,"Hoses & Bellows",17072,264024.14
2023-05-11,"Other Automotive",11770,107505.04
2023-05-11,"Powertrain Mounts",5569,320944.46
2023-05-11,"Sealing",87875,285124.94
2023-05-12,"Cable Protection",21913,141866.4
2023-05-12,"Chassis NVH",11533,278213.99
2023-05-12,"Hoses & Bellows",14697,219647.64
2023-05-12,"Other Automotive",10824,99507.14
2023-05-12,"Powertrain Mounts",5104,284653.27
2023-05-12,"Sealing",80113,257480.73
2023-05-13,"Cable Protection",4064,26501.87
2023-05-13,"Chassis NVH",3599,86466.84
2023-05-13,"Hoses & Bellows",4818,72135.02
2023-05-13,"Other Automotive",2849,25447.93
2023-05-13,"Powertrain Mounts",1404,79889.84
2023-05-13,"Sealing",18293,59287.4
2023-05-14,"Cable Protection",2219,14363.07
2023-05-14,"Chassis NVH",2767,67357.82
2023-05-14,"Hoses & Bellows",3499,51747.44
2023-05-14,"Other Automotive",2070,18442.95
2023-05-14,"Powertrain Mounts",1073,62582.38
2023-05-14,"Sealing",11389,37199.91
2023-05-15,"Cable Protection",23540,157503.31
2023-05-15,"Chassis NVH",11864,273769.23
2023-05-15,"Hoses & Bellows",15342,226145.35
2023-05-15,"Other Automotive",12955,117645.7
2023-05-15,"Powertrain Mounts",4920,290207.9
2023-05-15,"Sealing",85014,271588.36
2023-05-16,"Cable Protection",25653,166178.29
2023-05-16,"Chassis NVH",12778,303038.83
2023-05-16,"Hoses & Bellows",15668,224920.69
2023-05-16,"Other Automotive",12750,114478.99
2023-05-16,"Powertrain Mounts",5222,293820.03
2023-05-16,"Sealing",87381,282355.88
2023-05-17,"Cable Protection",5759,37561.61
2023-05-17,"Chassis NVH",4531,110761.97
2023-05-17,"Hoses & Bellows",5073,75302.53
2023-05-17,"Other Automotive",3470,31950.09
2023-05-17,"Powertrain Mounts",1766,100571.49
2023-05-17,"Sealing",23682,73530.41
2023-05-18,"Cable Protection",24518,155314.93
2023-05-18,"Chassis NVH",13249,319631.3
2023-05-18,"Hoses & Bellows",15358,234974.49
2023-05-18,"Other Automotive",13736,122433.36
2023-05-18,"Powertrain Mounts",5319,312671.46
2023-05-18,"Sealing",92301,293821.7
2023-05-19,"Cable Protection",20817,133869.52
2023-05-19,"Chassis NVH",11485,271212.41
2023-05-19,"Hoses & Bellows",12535,189212.78
2023-05-19,"Other Automotive",10179,92360.04
2023-05-19,"Powertrain Mounts",4020,231470.06
2023-05-19,"Sealing",74891,242603.92
2023-05-20,"Cable Protection",3847,25012.84
2023-05-20,"Chassis NVH",3398,83948.37
2023-05-20,"Hoses & Bellows",4395,64944.37
2023-05-20,"Other Automotive",2711,23794.61
2023-05-20,"Powertrain Mounts",1354,78812.11
2023-05-20,"Sealing",18004,56348.71
2023-05-21,"Cable Protection",2251,14475.72
2023-05-21,"Chassis NVH",2542,60700.1
2023-05-21,"Hoses & Bellows",3671,56358.82
2023-05-21,"Other Automotive",1856,16652.82
2023-05-21,"Powertrain Mounts",979,55815.74
2023-05-21,"Sealing",11674,37559.89
2023-05-22,"Cable Protection",23601,150194.11
2023-05-22,"Chassis NVH",11792,281206.18
2023-05-22,"Hoses & Bellows",14561,218324.86
2023-05-22,"Other Automotive",12256,111119.12
2023-05-22,"Powertrain Mounts",4883,280348.11
2023-05-22,"Sealing",91143,303112.39
2023-05-23,"Cable Protection",25107,167826.58
2023-05-23,"Chassis NVH",13446,331183.55
2023-05-23,"Hoses & Bellows",14496,208389.12
2023-05-23,"Other Automotive",13506,120960.76
2023-05-23,"Powertrain Mounts",5132,301547.49
2023-05-23,"Sealing",94033,299163.94
2023-05-24,"Cable Protection",24292,156478.66
2023-05-24,"Chassis NVH",12965,306957.38
2023-05-24,"Hoses & Bellows",15342,225632.54
2023-05-24,"Other Automotive",12751,115540.38
2023-05-24,"Powertrain Mounts",5198,293264.5
2023-05-24,"Sealing",94743,306599.22
2023-05-25,"Cable Protection",24827,163284.03
2023-05-25,"Chassis NVH",12860,310403.8
2023-05-25,"Hoses & Bellows",16275,243622.88
2023-05-25,"Other Automotive",12196,110477.39
2023-05-25,"Powertrain Mounts",5541,322627.1
2023-05-25,"Sealing",89227,280271.36
2023-05-26,"Cable Protection",23547,155177.52
2023-05-26,"Chassis NVH",11551,278690.24
2023-05-26,"Hoses & Bellows",15604,227640.54
2023-05-26,"Other Automotive",10636,94187.84
2023-05-26,"Powertrain Mounts",4871,279867.74
2023-05-26,"Sealing",82547,262651.45
2023-05-27,"Cable Protection",1951,12513.24
2023-05-27,"Chassis NVH",2554,62010.65
2023-05-27,"Hoses & Bellows",3622,54078.06
2023-05-27,"Other Automotive",1695,15354.65
2023-05-27,"Powertrain Mounts",1068,63031.7
2023-05-27,"Sealing",10634,34069.58
2023-05-28,"Cable Protection",2270,14370.75
2023-05-28,"Chassis NVH",2672,62957.89
2023-05-28,"Hoses & Bellows",3977,61068.85
2023-05-28,"Other Automotive",1722,15305.49
2023-05-28,"Powertrain Mounts",1076,62377.43
2023-05-28,"Sealing",10928,34334.35
2023-05-29,"Cable Protection",23708,152227.59
2023-05-29,"Chassis NVH",11854,277699.33
2023-05-29,"Hoses & Bellows",16533,246026.64
2023-05-29,"Other Automotive",11779,106659.89
2023-05-29,"Powertrain Mounts",5088,289711.89
2023-05-29,"Sealing",88454,280765.92
2023-05-30,"Cable Protection",22267,138018.1
2023-05-30,"Chassis NVH",11380,272397.57
2023-05-30,"Hoses & Bellows",16310,247327.55
2023-05-30,"Other Automotive",11162,100481.29
2023-05-30,"Powertrain Mounts",4851,278666.45
2023-05-30,"Sealing",81045,263607.41
2023-05-31,"Cable Protection",25748,171567.06
2023-05-31,"Chassis NVH",12541,299464.86
2023-05-31,"Hoses & Bellows",17700,262993.92
2023-05-31,"Other Automotive",13035,119074.72
2023-05-31,"Powertrain Mounts",5263,314956.92
2023-05-31,"Sealing",88785,275390.55
2023-06-01,"Cable Protection",25217,160800.03
2023-06-01,"Chassis NVH",12535,300924.52
2023-06-01,"Hoses & Bellows",17106,246448.48
2023-06-01,"Other Automotive",12955,113857.07
2023-06-01,"Powertrain Mounts",5640,329221.6
2023-06-01,"Sealing",93172,298964.71
2023-06-02,"Cable Protection",22647,147562.55
2023-06-02,"Chassis NVH",11491,274317.96
2023-06-02,"Hoses & Bellows",14306,212834.72
2023-06-02,"Other Automotive",11879,107461.95
2023-06-02,"Powertrain Mounts",4925,295146.53
2023-06-02,"Sealing",84069,273341.24
2023-06-03,"Cable Protection",4084,26451.75
2023-06-03,"Chassis NVH",3508,84298.04
2023-06-03,"Hoses & Bellows",4383,65996.33
2023-06-03,"Other Automotive",2972,26332.12
2023-06-03,"Powertrain Mounts",1367,77866.13
2023-06-03,"Sealing",19129,60713.16
2023-06-04,"Cable Protection",2047,13632.85
2023-06-04,"Chassis NVH",2748,65090.46
2023-06-04,"Hoses & Bellows",3855,59776.6
2023-06-04,"Other Automotive",2034,18135.51
2023-06-04,"Powertrain Mounts",1096,62180.08
2023-06-04,"Sealing",11606,36829.69
2023-06-05,"Cable Protection",23405,147906.46
2023-06-05,"Chassis NVH",11544,277796.63
2023-06-05,"Hoses & Bellows",15600,239200.08
2023-06-05,"Other Automotive",12938,113389.87
2023-06-05,"Powertrain Mounts",5146,302531.68
2023-06-05,"Sealing",89894,292041.31
2023-06-06,"Cable Protection",24481,164000.88
2023-06-06,"Chassis NVH",12402,296508.71
2023-06-06,"Hoses & Bellows",15870,243367.9
2023-06-06,"Other Automotive",13265,120755.53
2023-06-06,"Powertrain Mounts",5514,327208.12
2023-06-06,"Sealing",95543,300041.8
2023-06-07,"Cable Protection",23303,151207.67
2023-06-07,"Chassis NVH",12784,299956.18
2023-06-07,"Hoses & Bellows",15555,228576.35
2023-06-07,"Other Automotive",13894,125986.02
2023-06-07,"Powertrain Mounts",5609,326329.65
2023-06-07,"Sealing",92182,298493.08
2023-06-08,"Cable Protection",23852,161594.04
2023-06-08,"Chassis NVH",12793,309612.24
2023-06-08,"Hoses & Bellows",15217,228250.72
2023-06-08,"Other Automotive",13520,122812.61
2023-06-08,"Powertrain Mounts",5305,308794.23
2023-06-08,"Sealing",84356,273357.04
2023-06-09,"Cable Protection",21574,144984.84
2023-06-09,"Chassis NVH",11433,277617.26
2023-06-09,"Hoses & Bellows",13550,199836.92
2023-06-09,"Other Automotive",11782,103892.96
2023-06-09,"Powertrain Mounts",4656,275174.31
2023-06-09,"Sealing",83213,267083.87
2023-06-10,"Cable Protection",4287,27411.38
2023-06-10,"Chassis NVH",3690,88001.6
2023-06-10,"Hoses & Bellows",4401,66570.63
2023-06-10,"Other Automotive",2810,25251.31
2023-06-10,"Powertrain Mounts",1278,76132.47
2023-06-10,"Sealing",18234,58767.68
2023-06-11,"Cable Protection",2237,15275.43
2023-06-11,"Chassis NVH",2660,63588.33
2023-06-11,"Hoses & Bellows",3480,52094.34
2023-06-11,"Other Automotive",1912,17174.82
2023-06-11,"Powertrain Mounts",968,56073.64
2023-06-11,"Sealing",10651,35028.5
2023-06-12,"Cable Protection",24139,157962.24
2023-06-12,"Chassis NVH",11303,267389.2
2023-06-12,"Hoses & Bellows",15595,233009.53
2023-06-12,"Other Automotive",12253,111163.2
2023-06-12,"Powertrain Mounts",4800,277359.87
2023-06-12,"Sealing",87984,290880.69
2023-06-13,"Cable Protection",24106,154216.83
2023-06-13,"Chassis NVH",12102,293559.24
2023-06-13,"Hoses & Bellows",15623,235746.44
2023-06-13,"Other Automotive",13163,118226.18
2023-06-13,"Powertrain Mounts",5072,293487.06
2023-06-13,"Sealing",97469,310462.92
2023-06-14,"Cable Protection",24610,157104.46
2023-06-14,"Chassis NVH",12998,307278.55
2023-06-14,"Hoses & Bellows",16039,239791.55
2023-06-14,"Other Automotive",13063,121146.41
2023-06-14,"Powertrain Mounts",5186,305535.88
2023-06-14,"Sealing",97246,310307.92
2023-06-15,"Cable Protection",23784,153441.78
2023-06-15,"Chassis NVH",12146,287481.86
2023-06-15,"Hoses & Bellows",16036,241634
2023-06-15,"Other Automotive",12747,114873.45
2023-06-15,"Powertrain Mounts",5519,323461.44
2023-06-15,"Sealing",104590,343399.32
2023-06-16,"Cable Protection",21612,139066.39
2023-06-16,"Chassis NVH",11296,271033.36
2023-06-16,"Hoses & Bellows",15262,225541.58
2023-06-16,"Other Automotive",12327,110328.74
2023-06-16,"Powertrain Mounts",5173,294451.97
2023-06-16,"Sealing",86964,282777.19
2023-06-17,"Cable Protection",4472,29974.45
2023-06-17,"Chassis NVH",3646,85129.03
2023-06-17,"Hoses & Bellows",5193,76934.7
2023-06-17,"Other Automotive",2859,26773.49
2023-06-17,"Powertrain Mounts",1508,88406.91
2023-06-17,"Sealing",20117,64057.52
2023-06-18,"Cable Protection",2147,14120.78
2023-06-18,"Chassis NVH",2658,66408.44
2023-06-18,"Hoses & Bellows",3543,52488.1
2023-06-18,"Other Automotive",1954,17700.28
2023-06-18,"Powertrain Mounts",1122,65024.22
2023-06-18,"Sealing",11116,35101.98
2023-06-19,"Cable Protection",23841,155274.12
2023-06-19,"Chassis NVH",12111,284771.49
2023-06-19,"Hoses & Bellows",14808,218707.59
2023-06-19,"Other Automotive",13304,121160.06
2023-06-19,"Powertrain Mounts",5954,344246.98
2023-06-19,"Sealing",86121,275764.88
2023-06-20,"Cable Protection",25359,161750.39
2023-06-20,"Chassis NVH",12465,300727.24
2023-06-20,"Hoses & Bellows",16180,243165.91
2023-06-20,"Other Automotive",13420,123957.63
2023-06-20,"Powertrain Mounts",5873,341058.06
2023-06-20,"Sealing",90016,290691.21
2023-06-21,"Cable Protection",24715,163957.5
2023-06-21,"Chassis NVH",12370,295245.38
2023-06-21,"Hoses & Bellows",16920,256807.91
2023-06-21,"Other Automotive",13598,122309.67
2023-06-21,"Powertrain Mounts",5896,339156.93
2023-06-21,"Sealing",86937,280569.3
2023-06-22,"Cable Protection",22858,145879.53
2023-06-22,"Chassis NVH",11384,265547.74
2023-06-22,"Hoses & Bellows",15845,233413.12
2023-06-22,"Other Automotive",12266,110468.1
2023-06-22,"Powertrain Mounts",5567,324196.11
2023-06-22,"Sealing",84116,264855.46
2023-06-23,"Cable Protection",21339,140019.36
2023-06-23,"Chassis NVH",10967,254811.54
2023-06-23,"Hoses & Bellows",14663,218583.6
2023-06-23,"Other Automotive",11022,98897.4
2023-06-23,"Powertrain Mounts",5184,311853.93
2023-06-23,"Sealing",79036,244701.1
2023-06-24,"Cable Protection",4009,24938.64
2023-06-24,"Chassis NVH",3416,81639.87
2023-06-24,"Hoses & Bellows",4656,71610.16
2023-06-24,"Other Automotive",2798,24948.97
2023-06-24,"Powertrain Mounts",1461,84141.11
2023-06-24,"Sealing",17696,56193.39
2023-06-25,"Cable Protection",2144,13992.35
2023-06-25,"Chassis NVH",2597,61993.27
2023-06-25,"Hoses & Bellows",3547,53407.08
2023-06-25,"Other Automotive",1841,16485.13
2023-06-25,"Powertrain Mounts",993,56498.93
2023-06-25,"Sealing",10718,34100.44
2023-06-26,"Cable Protection",22854,146716.44
2023-06-26,"Chassis NVH",11300,276617.18
2023-06-26,"Hoses & Bellows",14903,222060.01
2023-06-26,"Other Automotive",11268,101545.01
2023-06-26,"Powertrain Mounts",4862,279341.08
2023-06-26,"Sealing",84925,271586.39
2023-06-27,"Cable Protection",24090,158795.59
2023-06-27,"Chassis NVH",11278,278275.69
2023-06-27,"Hoses & Bellows",16056,235856.4
2023-06-27,"Other Automotive",12214,107693.72
2023-06-27,"Powertrain Mounts",5071,290662.96
2023-06-27,"Sealing",89917,288653.92
2023-06-28,"Cable Protection",25765,162621.08
2023-06-28,"Chassis NVH",11370,272908.35
2023-06-28,"Hoses & Bellows",16352,241858.13
2023-06-28,"Other Automotive",11945,102690.33
2023-06-28,"Powertrain Mounts",5816,343794.24
2023-06-28,"Sealing",95430,312803.84
2023-06-29,"Cable Protection",24482,157862.13
2023-06-29,"Chassis NVH",11249,282770.54
2023-06-29,"Hoses & Bellows",16397,240415.5
2023-06-29,"Other Automotive",12166,108247.53
2023-06-29,"Powertrain Mounts",5418,310194.89
2023-06-29,"Sealing",95187,295975.36
2023-06-30,"Cable Protection",23713,152264.72
2023-06-30,"Chassis NVH",10583,253120.68
2023-06-30,"Hoses & Bellows",16351,245779.89
2023-06-30,"Other Automotive",11223,101506.75
2023-06-30,"Powertrain Mounts",5232,302272.75
2023-06-30,"Sealing",88000,282931.99
2023-07-01,"Cable Protection",3944,25637.65
2023-07-01,"Chassis NVH",3331,80411.3
2023-07-01,"Hoses & Bellows",4554,70405.07
2023-07-01,"Other Automotive",2837,26121.85
2023-07-01,"Powertrain Mounts",1332,76902.83
2023-07-01,"Sealing",15561,50261.33
2023-07-02,"Cable Protection",1979,12705.25
2023-07-02,"Chassis NVH",2571,63852.58
2023-07-02,"Hoses & Bellows",3532,52757.71
2023-07-02,"Other Automotive",1858,16680.03
2023-07-02,"Powertrain Mounts",1108,64950.44
2023-07-02,"Sealing",12318,39368.29
2023-07-03,"Cable Protection",18020,118569.2
2023-07-03,"Chassis NVH",10470,253468.06
2023-07-03,"Hoses & Bellows",13652,198274.82
2023-07-03,"Other Automotive",9954,90924.58
2023-07-03,"Powertrain Mounts",4364,264027.04
2023-07-03,"Sealing",79797,254477.27
2023-07-04,"Cable Protection",20701,135865.07
2023-07-04,"Chassis NVH",10539,260228.85
2023-07-04,"Hoses & Bellows",13554,204505.36
2023-07-04,"Other Automotive",10646,95947.52
2023-07-04,"Powertrain Mounts",4694,270203.58
2023-07-04,"Sealing",78831,251370.61
2023-07-05,"Cable Protection",21345,135469.72
2023-07-05,"Chassis NVH",11171,263289.63
2023-07-05,"Hoses & Bellows",13408,203745.36
2023-07-05,"Other Automotive",10655,96340.05
2023-07-05,"Powertrain Mounts",4396,253031.07
2023-07-05,"Sealing",81426,268925.2
2023-07-06,"Cable Protection",20418,137009.63
2023-07-06,"Chassis NVH",9368,223884.38
2023-07-06,"Hoses & Bellows",13574,208834.2
2023-07-06,"Other Automotive",9506,84854.34
2023-07-06,"Powertrain Mounts",3778,219062.01
2023-07-06,"Sealing",71071,232585.42
2023-07-07,"Cable Protection",18364,121595.1
2023-07-07,"Chassis NVH",8731,213580.01
2023-07-07,"Hoses & Bellows",11978,187097
2023-07-07,"Other Automotive",9155,82224.78
2023-07-07,"Powertrain Mounts",3441,198741.68
2023-07-07,"Sealing",66222,215036.15
2023-07-08,"Cable Protection",3648,24159.91
2023-07-08,"Chassis NVH",3066,74403.97
2023-07-08,"Hoses & Bellows",4327,66623.64
2023-07-08,"Other Automotive",2631,23634.66
2023-07-08,"Powertrain Mounts",1195,69993.08
2023-07-08,"Sealing",14861,47946.8
2023-07-09,"Cable Protection",2278,15139.89
2023-07-09,"Chassis NVH",2405,57380.98
2023-07-09,"Hoses & Bellows",3497,51658.27
2023-07-09,"Other Automotive",1832,16788.14
2023-07-09,"Powertrain Mounts",895,53185.06
2023-07-09,"Sealing",9800,30783.94
2023-07-10,"Cable Protection",18522,117216.94
2023-07-10,"Chassis NVH",9126,213139.08
2023-07-10,"Hoses & Bellows",13047,192939.44
2023-07-10,"Other Automotive",9765,91569.54
2023-07-10,"Powertrain Mounts",3836,223541.3
2023-07-10,"Sealing",63074,201228.13
2023-07-11,"Cable Protection",18297,115855.23
2023-07-11,"Chassis NVH",10280,242491.51
2023-07-11,"Hoses & Bellows",13325,197399.91
2023-07-11,"Other Automotive",10114,92817.77
2023-07-11,"Powertrain Mounts",4318,250989.94
2023-07-11,"Sealing",63840,203633
2023-07-12,"Cable Protection",19043,124688.43
2023-07-12,"Chassis NVH",9858,230909.92
2023-07-12,"Hoses & Bellows",13916,205945.67
2023-07-12,"Other Automotive",10355,94932.14
2023-07-12,"Powertrain Mounts",4259,244593.6
2023-07-12,"Sealing",65593,207169.39
2023-07-13,"Cable Protection",18972,117612.64
2023-07-13,"Chassis NVH",9625,228069.84
2023-07-13,"Hoses & Bellows",12484,185822.32
2023-07-13,"Other Automotive",9720,88997.93
2023-07-13,"Powertrain Mounts",4325,253795.71
2023-07-13,"Sealing",63147,205846.82
2023-07-14,"Cable Protection",16314,102237.82
2023-07-14,"Chassis NVH",8418,197522.46
2023-07-14,"Hoses & Bellows",11927,182974.24
2023-07-14,"Other Automotive",8559,78922.03
2023-07-14,"Powertrain Mounts",3654,211092.5
2023-07-14,"Sealing",59299,191125.83
2023-07-15,"Cable Protection",3692,23816.97
2023-07-15,"Chassis NVH",3066,72236.18
2023-07-15,"Hoses & Bellows",4528,69581.03
2023-07-15,"Other Automotive",2501,23145.65
2023-07-15,"Powertrain Mounts",1326,77156.02
2023-07-15,"Sealing",14948,49370.3
2023-07-16,"Cable Protection",2187,14232.17
2023-07-16,"Chassis NVH",2530,60521.59
2023-07-16,"Hoses & Bellows",3799,55713.42
2023-07-16,"Other Automotive",1659,15253.42
2023-07-16,"Powertrain Mounts",1041,62271.82
2023-07-16,"Sealing",10353,33969.09
2023-07-17,"Cable Protection",17819,115867.6
2023-07-17,"Chassis NVH",8817,220197.1
2023-07-17,"Hoses & Bellows",12885,196154.5
2023-07-17,"Other Automotive",8483,74626.3
2023-07-17,"Powertrain Mounts",3740,222003.39
2023-07-17,"Sealing",61608,199732.22
2023-07-18,"Cable Protection",17656,115327.8
2023-07-18,"Chassis NVH",9493,232255.85
2023-07-18,"Hoses & Bellows",12796,202318
2023-07-18,"Other Automotive",9380,84554.6
2023-07-18,"Powertrain Mounts",4153,234762.9
2023-07-18,"Sealing",67584,217314.02
2023-07-19,"Cable Protection",17244,108694.61
2023-07-19,"Chassis NVH",9396,227162.39
2023-07-19,"Hoses & Bellows",12480,183914.7
2023-07-19,"Other Automotive",8904,80238.79
2023-07-19,"Powertrain Mounts",4051,232834.98
2023-07-19,"Sealing",67341,214821.85
2023-07-20,"Cable Protection",12192,79513.09
2023-07-20,"Chassis NVH",6239,145596.97
2023-07-20,"Hoses & Bellows",9310,138742.04
2023-07-20,"Other Automotive",6159,54750.05
2023-07-20,"Powertrain Mounts",2903,165408.02
2023-07-20,"Sealing",42535,136211.58
2023-07-21,"Cable Protection",11111,72935.96
2023-07-21,"Chassis NVH",5764,140166.09
2023-07-21,"Hoses & Bellows",8446,121770.76
2023-07-21,"Other Automotive",5721,51712.45
2023-07-21,"Powertrain Mounts",2713,155098.61
2023-07-21,"Sealing",38113,122565.72
2023-07-22,"Cable Protection",2618,17077.04
2023-07-22,"Chassis NVH",2612,62538.81
2023-07-22,"Hoses & Bellows",3908,59308.41
2023-07-22,"Other Automotive",2188,19972.57
2023-07-22,"Powertrain Mounts",1058,61460.62
2023-07-22,"Sealing",11740,38504.08
2023-07-23,"Cable Protection",1852,11888.63
2023-07-23,"Chassis NVH",2265,54465.9
2023-07-23,"Hoses & Bellows",3238,48084.04
2023-07-23,"Other Automotive",1857,17285.33
2023-07-23,"Powertrain Mounts",907,53659.56
2023-07-23,"Sealing",9533,30117.79
2023-07-24,"Cable Protection",11104,69541.84
2023-07-24,"Chassis NVH",6376,152086.56
2023-07-24,"Hoses & Bellows",8109,123980.52
2023-07-24,"Other Automotive",6131,56231.95
2023-07-24,"Powertrain Mounts",2646,154284.48
2023-07-24,"Sealing",41984,134426.39
2023-07-25,"Cable Protection",11770,76053.59
2023-07-25,"Chassis NVH",6269,149107.7
2023-07-25,"Hoses & Bellows",9157,140263.71
2023-07-25,"Other Automotive",6015,54091.2
2023-07-25,"Powertrain Mounts",2760,167793.09
2023-07-25,"Sealing",43657,138264.42
2023-07-26,"Cable Protection",11164,70415.79
2023-07-26,"Chassis NVH",6400,154320.5
2023-07-26,"Hoses & Bellows",9288,143456.97
2023-07-26,"Other Automotive",6128,56293.38
2023-07-26,"Powertrain Mounts",2771,162790.87
2023-07-26,"Sealing",44155,141129.89
2023-07-27,"Cable Protection",11009,73062.59
2023-07-27,"Chassis NVH",6435,157787.92
2023-07-27,"Hoses & Bellows",8503,129517.95
2023-07-27,"Other Automotive",6319,59064.91
2023-07-27,"Powertrain Mounts",2900,165361.38
2023-07-27,"Sealing",45953,148616.93
2023-07-28,"Cable Protection",10467,66608.63
2023-07-28,"Chassis NVH",5624,138099.27
2023-07-28,"Hoses & Bellows",8617,129043.31
2023-07-28,"Other Automotive",5810,52749.92
2023-07-28,"Powertrain Mounts",2554,148730.74
2023-07-28,"Sealing",37815,121871.5
2023-07-29,"Cable Protection",2672,17083.96
2023-07-29,"Chassis NVH",2551,62567.38
2023-07-29,"Hoses & Bellows",3824,56552.9
2023-07-29,"Other Automotive",2033,18353.67
2023-07-29,"Powertrain Mounts",1054,60209.57
2023-07-29,"Sealing",12037,38880.67
2023-07-30,"Cable Protection",1843,12112.4
2023-07-30,"Chassis NVH",2150,52034.1
2023-07-30,"Hoses & Bellows",3411,51144.21
2023-07-30,"Other Automotive",1696,15801.81
2023-07-30,"Powertrain Mounts",925,51747.84
2023-07-30,"Sealing",9634,30590.38
2023-07-31,"Cable Protection",11418,73768.63
2023-07-31,"Chassis NVH",5506,132054.2
2023-07-31,"Hoses & Bellows",8595,131435.56
2023-07-31,"Other Automotive",5851,51811.65
2023-07-31,"Powertrain Mounts",2853,165179.73
2023-07-31,"Sealing",44712,143378.39
2023-08-01,"Cable Protection",10630,69270.99
2023-08-01,"Chassis NVH",5874,141270.63
2023-08-01,"Hoses & Bellows",8813,133656.47
2023-08-01,"Other Automotive",5588,50005.59
2023-08-01,"Powertrain Mounts",2402,148190.04
2023-08-01,"Sealing",40257,129826.16
2023-08-02,"Cable Protection",11571,75322.54
2023-08-02,"Chassis NVH",6462,154479.54
2023-08-02,"Hoses & Bellows",8861,132896.04
2023-08-02,"Other Automotive",6106,57153.11
2023-08-02,"Powertrain Mounts",2573,150469.15
2023-08-02,"Sealing",40972,131726.1
2023-08-03,"Cable Protection",9658,62922.68
2023-08-03,"Chassis NVH",5992,143918.72
2023-08-03,"Hoses & Bellows",8650,131785.54
2023-08-03,"Other Automotive",5621,50713.37
2023-08-03,"Powertrain Mounts",2481,140942.58
2023-08-03,"Sealing",39343,128551.38
2023-08-04,"Cable Protection",9159,59627.45
2023-08-04,"Chassis NVH",5670,136982.42
2023-08-04,"Hoses & Bellows",8332,121016.11
2023-08-04,"Other Automotive",5434,47147.83
2023-08-04,"Powertrain Mounts",2212,128985.51
2023-08-04,"Sealing",36578,114137.76
2023-08-05,"Cable Protection",2524,16222.35
2023-08-05,"Chassis NVH",2679,64411.47
2023-08-05,"Hoses & Bellows",3942,57707.41
2023-08-05,"Other Automotive",2132,19170.43
2023-08-05,"Powertrain Mounts",1022,59505.42
2023-08-05,"Sealing",11598,37365.3
2023-08-06,"Cable Protection",1694,10908.29
2023-08-06,"Chassis NVH",2365,56271.98
2023-08-06,"Hoses & Bellows",3080,45836.05
2023-08-06,"Other Automotive",1694,15221.03
2023-08-06,"Powertrain Mounts",808,47468.13
2023-08-06,"Sealing",8917,28308.38
2023-08-07,"Cable Protection",9956,63822.19
2023-08-07,"Chassis NVH",6333,150041.61
2023-08-07,"Hoses & Bellows",7989,119110.38
2023-08-07,"Other Automotive",5818,52510.45
2023-08-07,"Powertrain Mounts",2293,133302.22
2023-08-07,"Sealing",39268,126818.19
2023-08-08,"Cable Protection",10197,66197.82
2023-08-08,"Chassis NVH",6666,161681.66
2023-08-08,"Hoses & Bellows",8316,123417.42
2023-08-08,"Other Automotive",5946,53972.86
2023-08-08,"Powertrain Mounts",2409,146531.44
2023-08-08,"Sealing",42898,137404.72
2023-08-09,"Cable Protection",10021,63175.9
2023-08-09,"Chassis NVH",6593,158839.34
2023-08-09,"Hoses & Bellows",7818,115867.99
2023-08-09,"Other Automotive",6285,54990.84
2023-08-09,"Powertrain Mounts",2399,139549.86
2023-08-09,"Sealing",42780,135763.39
2023-08-10,"Cable Protection",11001,74478.3
2023-08-10,"Chassis NVH",6073,144612.89
2023-08-10,"Hoses & Bellows",8347,124582.46
2023-08-10,"Other Automotive",5821,52875.92
2023-08-10,"Powertrain Mounts",2504,140254.96
2023-08-10,"Sealing",37919,116447.62
2023-08-11,"Cable Protection",9682,62778.89
2023-08-11,"Chassis NVH",5674,133812.02
2023-08-11,"Hoses & Bellows",7165,106476.11
2023-08-11,"Other Automotive",5409,49705.94
2023-08-11,"Powertrain Mounts",2188,126162.03
2023-08-11,"Sealing",34783,112913.45
2023-08-12,"Cable Protection",2409,15615.39
2023-08-12,"Chassis NVH",2696,65983.51
2023-08-12,"Hoses & Bellows",3317,48552.68
2023-08-12,"Other Automotive",1974,17977.7
2023-08-12,"Powertrain Mounts",1030,58098.42
2023-08-12,"Sealing",11237,36542.36
2023-08-13,"Cable Protection",1814,11635.92
2023-08-13,"Chassis NVH",2198,52558.43
2023-08-13,"Hoses & Bellows",3184,46844.88
2023-08-13,"Other Automotive",1519,13536.38
2023-08-13,"Powertrain Mounts",922,54186
2023-08-13,"Sealing",8905,27805.73
2023-08-14,"Cable Protection",10202,68240.31
2023-08-14,"Chassis NVH",6101,145514.01
2023-08-14,"Hoses & Bellows",7935,121529
2023-08-14,"Other Automotive",5340,47390.77
2023-08-14,"Powertrain Mounts",2280,131760.04
2023-08-14,"Sealing",39886,127463.75
2023-08-15,"Cable Protection",10536,67783.03
2023-08-15,"Chassis NVH",6170,150337.09
2023-08-15,"Hoses & Bellows",9157,133763.82
2023-08-15,"Other Automotive",5447,48472.41
2023-08-15,"Powertrain Mounts",2438,141530.16
2023-08-15,"Sealing",40716,134762.91
2023-08-16,"Cable Protection",16219,103187.41
2023-08-16,"Chassis NVH",8624,212253.36
2023-08-16,"Hoses & Bellows",12169,183246.33
2023-08-16,"Other Automotive",8782,78944.11
2023-08-16,"Powertrain Mounts",3438,198625.57
2023-08-16,"Sealing",64138,204281.92
2023-08-17,"Cable Protection",18552,117848.4
2023-08-17,"Chassis NVH",8942,216791.97
2023-08-17,"Hoses & Bellows",12466,191090.58
2023-08-17,"Other Automotive",9091,81586.83
2023-08-17,"Powertrain Mounts",3595,209670.21
2023-08-17,"Sealing",69536,225723.54
2023-08-18,"Cable Protection",17625,117655.28
2023-08-18,"Chassis NVH",8248,195875.28
2023-08-18,"Hoses & Bellows",11274,171979.48
2023-08-18,"Other Automotive",7963,70891.16
2023-08-18,"Powertrain Mounts",3369,193525.77
2023-08-18,"Sealing",64685,203536.75
2023-08-19,"Cable Protection",3532,22972.61
2023-08-19,"Chassis NVH",2849,67707.87
2023-08-19,"Hoses & Bellows",4207,64479.83
2023-08-19,"Other Automotive",2215,20687.55
2023-08-19,"Powertrain Mounts",1145,65422.56
2023-08-19,"Sealing",15612,50388.06
2023-08-20,"Cable Protection",2130,14210.58
2023-08-20,"Chassis NVH",2188,53044.63
2023-08-20,"Hoses & Bellows",3296,49460.33
2023-08-20,"Other Automotive",1656,14742.86
2023-08-20,"Powertrain Mounts",966,55759.21
2023-08-20,"Sealing",10090,32185.34
2023-08-21,"Cable Protection",18381,118869.93
2023-08-21,"Chassis NVH",9095,211198.74
2023-08-21,"Hoses & Bellows",12350,184261.78
2023-08-21,"Other Automotive",9242,84867.01
2023-08-21,"Powertrain Mounts",3772,220460.61
2023-08-21,"Sealing",64757,214006.98
2023-08-22,"Cable Protection",17914,112868.03
2023-08-22,"Chassis NVH",9574,231790.38
2023-08-22,"Hoses & Bellows",12143,181313.62
2023-08-22,"Other Automotive",8821,77973.66
2023-08-22,"Powertrain Mounts",3938,228157.37
2023-08-22,"Sealing",61552,194251.97
2023-08-23,"Cable Protection",18510,118223.04
2023-08-23,"Chassis NVH",9060,217137.01
2023-08-23,"Hoses & Bellows",12089,178499.38
2023-08-23,"Other Automotive",10166,90281.44
2023-08-23,"Powertrain Mounts",3865,222406.39
2023-08-23,"Sealing",62137,201875.16
2023-08-24,"Cable Protection",18526,117678.67
2023-08-24,"Chassis NVH",9587,234571.09
2023-08-24,"Hoses & Bellows",12558,187546.4
2023-08-24,"Other Automotive",9310,85901.22
2023-08-24,"Powertrain Mounts",3726,217516.16
2023-08-24,"Sealing",58789,181766.64
2023-08-25,"Cable Protection",16703,111006.64
2023-08-25,"Chassis NVH",8150,192070.45
2023-08-25,"Hoses & Bellows",11623,172262.9
2023-08-25,"Other Automotive",8666,80715.13
2023-08-25,"Powertrain Mounts",3456,193859.24
2023-08-25,"Sealing",56877,181021.5
2023-08-26,"Cable Protection",3253,20956.37
2023-08-26,"Chassis NVH",2988,70425.98
2023-08-26,"Hoses & Bellows",4212,64823.15
2023-08-26,"Other Automotive",2439,21455.42
2023-08-26,"Powertrain Mounts",1121,64626.91
2023-08-26,"Sealing",15044,47180.11
2023-08-27,"Cable Protection",1909,12744.37
2023-08-27,"Chassis NVH",2293,54985.39
2023-08-27,"Hoses & Bellows",3412,49832.45
2023-08-27,"Other Automotive",1683,14724.6
2023-08-27,"Powertrain Mounts",961,55641.46
2023-08-27,"Sealing",9499,30404.95
2023-08-28,"Cable Protection",16892,110509.38
2023-08-28,"Chassis NVH",9383,234105.94
2023-08-28,"Hoses & Bellows",12512,186553.15
2023-08-28,"Other Automotive",9050,82625.28
2023-08-28,"Powertrain Mounts",3699,215916.41
2023-08-28,"Sealing",63004,199925.59
2023-08-29,"Cable Protection",17527,112269.76
2023-08-29,"Chassis NVH",9980,242309.94
2023-08-29,"Hoses & Bellows",12745,191491.03
2023-08-29,"Other Automotive",10181,91989.48
2023-08-29,"Powertrain Mounts",3885,222365.43
2023-08-29,"Sealing",65369,201202.17
2023-08-30,"Cable Protection",18523,121384.45
2023-08-30,"Chassis NVH",9457,226396.67
2023-08-30,"Hoses & Bellows",13617,202021.55
2023-08-30,"Other Automotive",10134,94042.14
2023-08-30,"Powertrain Mounts",3995,230125.65
2023-08-30,"Sealing",64348,201447.86
2023-08-31,"Cable Protection",18679,119324.89
2023-08-31,"Chassis NVH",9274,216689.24
2023-08-31,"Hoses & Bellows",12172,179710.15
2023-08-31,"Other Automotive",9905,90026.82
2023-08-31,"Powertrain Mounts",4160,243700.08
2023-08-31,"Sealing",61018,196090.23
2023-09-01,"Cable Protection",20860,134761.39
2023-09-01,"Chassis NVH",9584,231904.95
2023-09-01,"Hoses & Bellows",14772,223666.41
2023-09-01,"Other Automotive",11116,98421.93
2023-09-01,"Powertrain Mounts",4435,259482.54
2023-09-01,"Sealing",78434,250664.24
2023-09-02,"Cable Protection",4038,26523.72
2023-09-02,"Chassis NVH",3081,73788.77
2023-09-02,"Hoses & Bellows",4439,66414.99
2023-09-02,"Other Automotive",2644,23505.26
2023-09-02,"Powertrain Mounts",1374,78102.48
2023-09-02,"Sealing",16872,53022.88
2023-09-03,"Cable Protection",2106,13436.22
2023-09-03,"Chassis NVH",2465,58547.33
2023-09-03,"Hoses & Bellows",3361,50873.08
2023-09-03,"Other Automotive",1773,16079.83
2023-09-03,"Powertrain Mounts",947,54198.7
2023-09-03,"Sealing",10389,32615.97
2023-09-04,"Cable Protection",21370,136345.41
2023-09-04,"Chassis NVH",9862,239725.13
2023-09-04,"Hoses & Bellows",14595,220562.32
2023-09-04,"Other Automotive",11458,100727.72
2023-09-04,"Powertrain Mounts",4568,263875.36
2023-09-04,"Sealing",75422,242241.04
2023-09-05,"Cable Protection",21933,146947.89
2023-09-05,"Chassis NVH",10810,263209.58
2023-09-05,"Hoses & Bellows",14784,223514.22
2023-09-05,"Other Automotive",12850,115570.29
2023-09-05,"Powertrain Mounts",5282,311895.06
2023-09-05,"Sealing",89874,289637.27
2023-09-06,"Cable Protection",22605,148388.98
2023-09-06,"Chassis NVH",10558,254895.66
2023-09-06,"Hoses & Bellows",15491,237167.58
2023-09-06,"Other Automotive",12446,107753.49
2023-09-06,"Powertrain Mounts",5016,296271.67
2023-09-06,"Sealing",89624,290505.32
2023-09-07,"Cable Protection",23048,148638.71
2023-09-07,"Chassis NVH",9982,232625.67
2023-09-07,"Hoses & Bellows",14941,223886.77
2023-09-07,"Other Automotive",11748,103546.37
2023-09-07,"Powertrain Mounts",4808,280841.64
2023-09-07,"Sealing",87974,284923.87
2023-09-08,"Cable Protection",20124,132786.77
2023-09-08,"Chassis NVH",8603,209606.14
2023-09-08,"Hoses & Bellows",13991,214955.36
2023-09-08,"Other Automotive",11414,103565.78
2023-09-08,"Powertrain Mounts",4625,265091.74
2023-09-08,"Sealing",80701,258677.67
2023-09-09,"Cable Protection",3624,23773.21
2023-09-09,"Chassis NVH",2860,66394.9
2023-09-09,"Hoses & Bellows",4563,68173.43
2023-09-09,"Other Automotive",2763,24333.77
2023-09-09,"Powertrain Mounts",1375,79959.06
2023-09-09,"Sealing",18093,55488.31
2023-09-10,"Cable Protection",1834,11997.74
2023-09-10,"Chassis NVH",2207,53957.01
2023-09-10,"Hoses & Bellows",3447,51879.51
2023-09-10,"Other Automotive",1773,16141.21
2023-09-10,"Powertrain Mounts",973,55818.99
2023-09-10,"Sealing",10721,34176.86
2023-09-11,"Cable Protection",21461,142290.32
2023-09-11,"Chassis NVH",9484,227467.94
2023-09-11,"Hoses & Bellows",14382,209460.21
2023-09-11,"Other Automotive",10758,98582.03
2023-09-11,"Powertrain Mounts",4941,284160.21
2023-09-11,"Sealing",83622,262468.05
2023-09-12,"Cable Protection",23100,147867.09
2023-09-12,"Chassis NVH",10339,244110.62
2023-09-12,"Hoses & Bellows",14780,224396.88
2023-09-12,"Other Automotive",10654,92166.45
2023-09-12,"Powertrain Mounts",4927,292058.11
2023-09-12,"Sealing",84981,279271.32
2023-09-13,"Cable Protection",22656,145382.08
2023-09-13,"Chassis NVH",10583,245415.99
2023-09-13,"Hoses & Bellows",15540,232932.08
2023-09-13,"Other Automotive",10190,94053.57
2023-09-13,"Powertrain Mounts",4903,273171.78
2023-09-13,"Sealing",85325,274385.63
2023-09-14,"Cable Protection",22954,148769.08
2023-09-14,"Chassis NVH",11170,274303.22
2023-09-14,"Hoses & Bellows",15228,227913.5
2023-09-14,"Other Automotive",10568,97678.26
2023-09-14,"Powertrain Mounts",4862,279364.66
2023-09-14,"Sealing",82489,260529.64
2023-09-15,"Cable Protection",20428,130839.07
2023-09-15,"Chassis NVH",9712,238651.94
2023-09-15,"Hoses & Bellows",12788,192969.24
2023-09-15,"Other Automotive",9367,82855.82
2023-09-15,"Powertrain Mounts",4311,246271.22
2023-09-15,"Sealing",78137,252341.42
2023-09-16,"Cable Protection",3949,25447.03
2023-09-16,"Chassis NVH",3148,74772.98
2023-09-16,"Hoses & Bellows",4047,61177.92
2023-09-16,"Other Automotive",2469,21434.89
2023-09-16,"Powertrain Mounts",1279,73204.95
2023-09-16,"Sealing",18428,57429.91
2023-09-17,"Cable Protection",1992,12859.75
2023-09-17,"Chassis NVH",2336,54815.96
2023-09-17,"Hoses & Bellows",3570,53459.25
2023-09-17,"Other Automotive",1642,14937.13
2023-09-17,"Powertrain Mounts",987,55121.09
2023-09-17,"Sealing",11006,35702.76
2023-09-18,"Cable Protection",21383,138618.92
2023-09-18,"Chassis NVH",10487,245738.68
2023-09-18,"Hoses & Bellows",14761,223937.45
2023-09-18,"Other Automotive",11169,100076.34
2023-09-18,"Powertrain Mounts",4768,276370.49
2023-09-18,"Sealing",79196,255913.64
2023-09-19,"Cable Protection",22034,137249.69
2023-09-19,"Chassis NVH",10407,242100.69
2023-09-19,"Hoses & Bellows",16152,237519.86
2023-09-19,"Other Automotive",12335,109696.53
2023-09-19,"Powertrain Mounts",5225,300600.46
2023-09-19,"Sealing",83447,261272.88
2023-09-20,"Cable Protection",23073,151254.79
2023-09-20,"Chassis NVH",10441,251665.48
2023-09-20,"Hoses & Bellows",15546,233499.25
2023-09-20,"Other Automotive",12930,116223.75
2023-09-20,"Powertrain Mounts",5358,322415.2
2023-09-20,"Sealing",84428,269047.39
2023-09-21,"Cable Protection",23032,147101.21
2023-09-21,"Chassis NVH",10623,256166.07
2023-09-21,"Hoses & Bellows",14522,215319.69
2023-09-21,"Other Automotive",12807,111888.93
2023-09-21,"Powertrain Mounts",5761,336164.04
2023-09-21,"Sealing",82251,263929.3
2023-09-22,"Cable Protection",20742,140039.85
2023-09-22,"Chassis NVH",9849,229096.96
2023-09-22,"Hoses & Bellows",12675,189842.18
2023-09-22,"Other Automotive",11127,99279.2
2023-09-22,"Powertrain Mounts",4717,275068.32
2023-09-22,"Sealing",75917,235028.03
2023-09-23,"Cable Protection",3970,26667.96
2023-09-23,"Chassis NVH",3150,75500.11
2023-09-23,"Hoses & Bellows",4309,65360.33
2023-09-23,"Other Automotive",2692,24660.73
2023-09-23,"Powertrain Mounts",1265,74146.47
2023-09-23,"Sealing",16738,55038.02
2023-09-24,"Cable Protection",2229,14581.06
2023-09-24,"Chassis NVH",2444,58301.99
2023-09-24,"Hoses & Bellows",2959,44351.83
2023-09-24,"Other Automotive",1767,15589.84
2023-09-24,"Powertrain Mounts",985,58486.77
2023-09-24,"Sealing",10721,35337.02
2023-09-25,"Cable Protection",22327,145096.32
2023-09-25,"Chassis NVH",10332,250067.79
2023-09-25,"Hoses & Bellows",13039,193742.47
2023-09-25,"Other Automotive",11828,108382.99
2023-09-25,"Powertrain Mounts",4851,286858.4
2023-09-25,"Sealing",77636,246725.72
2023-09-26,"Cable Protection",23454,148425.1
2023-09-26,"Chassis NVH",10495,252684.09
2023-09-26,"Hoses & Bellows",14570,225707.6
2023-09-26,"Other Automotive",12108,111137.33
2023-09-26,"Powertrain Mounts",4902,277477.55
2023-09-26,"Sealing",79278,251150.94
2023-09-27,"Cable Protection",24027,159649.28
2023-09-27,"Chassis NVH",10738,254411.04
2023-09-27,"Hoses & Bellows",14458,223129.95
2023-09-27,"Other Automotive",12594,114588.8
2023-09-27,"Powertrain Mounts",4811,289635.86
2023-09-27,"Sealing",81759,261177.44
2023-09-28,"Cable Protection",23391,150961.27
2023-09-28,"Chassis NVH",10767,260246.35
2023-09-28,"Hoses & Bellows",13889,209969.22
2023-09-28,"Other Automotive",11728,105222.84
2023-09-28,"Powertrain Mounts",4802,271187.27
2023-09-28,"Sealing",79797,261270.8
2023-09-29,"Cable Protection",20920,133271.99
2023-09-29,"Chassis NVH",9601,233221.24
2023-09-29,"Hoses & Bellows",13577,206470.94
2023-09-29,"Other Automotive",10723,95844.12
2023-09-29,"Powertrain Mounts",4385,260754.98
2023-09-29,"Sealing",74180,234959.81
2023-09-30,"Cable Protection",3795,25002.45
2023-09-30,"Chassis NVH",2912,67179.26
2023-09-30,"Hoses & Bellows",4263,64247.9
2023-09-30,"Other Automotive",2541,22362.65
2023-09-30,"Powertrain Mounts",1256,71620.15
2023-09-30,"Sealing",16058,50897.34
2023-10-01,"Cable Protection",2010,13378.08
2023-10-01,"Chassis NVH",2414,57839.9
2023-10-01,"Hoses & Bellows",3540,52884.57
2023-10-01,"Other Automotive",1731,15489.51
2023-10-01,"Powertrain Mounts",1015,58458.16
2023-10-01,"Sealing",9315,29619.44
2023-10-02,"Cable Protection",16536,109878.85
2023-10-02,"Chassis NVH",8628,209884.75
2023-10-02,"Hoses & Bellows",11869,176789.75
2023-10-02,"Other Automotive",9106,83360.22
2023-10-02,"Powertrain Mounts",3964,233037.96
2023-10-02,"Sealing",62605,210642.13
2023-10-03,"Cable Protection",20078,127907.3
2023-10-03,"Chassis NVH",10130,234034.51
2023-10-03,"Hoses & Bellows",14067,211793.88
2023-10-03,"Other Automotive",11324,100871.53
2023-10-03,"Powertrain Mounts",4929,284171.08
2023-10-03,"Sealing",73387,230338.1
2023-10-04,"Cable Protection",20495,131850.65
2023-10-04,"Chassis NVH",9979,235150.93
2023-10-04,"Hoses & Bellows",13083,195730.07
2023-10-04,"Other Automotive",10460,97235
2023-10-04,"Powertrain Mounts",4485,267357.59
2023-10-04,"Sealing",70162,225440.71
2023-10-05,"Cable Protection",20337,134582.12
2023-10-05,"Chassis NVH",10340,246185.9
2023-10-05,"Hoses & Bellows",13273,199248.11
2023-10-05,"Other Automotive",10689,100032.77
2023-10-05,"Powertrain Mounts",4574,267589.36
2023-10-05,"Sealing",73134,233254.44
2023-10-06,"Cable Protection",18023,114405.88
2023-10-06,"Chassis NVH",9907,235981.99
2023-10-06,"Hoses & Bellows",11617,173650.6
2023-10-06,"Other Automotive",9439,86424.41
2023-10-06,"Powertrain Mounts",3879,229808.37
2023-10-06,"Sealing",62309,201176.28
2023-10-07,"Cable Protection",3586,23011.28
2023-10-07,"Chassis NVH",3248,78661.17
2023-10-07,"Hoses & Bellows",4284,62938.42
2023-10-07,"Other Automotive",2443,21745.18
2023-10-07,"Powertrain Mounts",1240,72130.17
2023-10-07,"Sealing",14471,45731.35
2023-10-08,"Cable Protection",1865,12136.62
2023-10-08,"Chassis NVH",2344,56944.41
2023-10-08,"Hoses & Bellows",3535,53608.44
2023-10-08,"Other Automotive",1724,15485.25
2023-10-08,"Powertrain Mounts",891,52615.57
2023-10-08,"Sealing",9668,30966.36
2023-10-09,"Cable Protection",17988,118349.75
2023-10-09,"Chassis NVH",9993,234009.37
2023-10-09,"Hoses & Bellows",13107,192975.41
2023-10-09,"Other Automotive",9844,87213.26
2023-10-09,"Powertrain Mounts",3559,209374.26
2023-10-09,"Sealing",67107,216044.38
2023-10-10,"Cable Protection",19176,126271.18
2023-10-10,"Chassis NVH",10738,252472.58
2023-10-10,"Hoses & Bellows",14283,219184.53
2023-10-10,"Other Automotive",10118,90199.61
2023-10-10,"Powertrain Mounts",3999,239351.23
2023-10-10,"Sealing",69264,226344.68
2023-10-11,"Cable Protection",18884,125470.04
2023-10-11,"Chassis NVH",9650,236267.4
2023-10-11,"Hoses & Bellows",13595,199864.87
2023-10-11,"Other Automotive",10329,92239.49
2023-10-11,"Powertrain Mounts",4168,237449.84
2023-10-11,"Sealing",67461,217588.87
2023-10-12,"Cable Protection",19171,129002.66
2023-10-12,"Chassis NVH",9390,222766.99
2023-10-12,"Hoses & Bellows",13202,201363.53
2023-10-12,"Other Automotive",10204,91855.23
2023-10-12,"Powertrain Mounts",3933,223852.28
2023-10-12,"Sealing",67648,213916.45
2023-10-13,"Cable Protection",17845,118001.53
2023-10-13,"Chassis NVH",8778,206310.15
2023-10-13,"Hoses & Bellows",12507,192113.34
2023-10-13,"Other Automotive",9044,79397.11
2023-10-13,"Powertrain Mounts",3978,229950
2023-10-13,"Sealing",62221,200402.99
2023-10-14,"Cable Protection",3547,23110
2023-10-14,"Chassis NVH",2949,71576.19
2023-10-14,"Hoses & Bellows",4077,61632.97
2023-10-14,"Other Automotive",2581,22792.59
2023-10-14,"Powertrain Mounts",1156,67534.01
2023-10-14,"Sealing",14033,43756.44
2023-10-15,"Cable Protection",1950,12835.66
2023-10-15,"Chassis NVH",2432,57667.38
2023-10-15,"Hoses & Bellows",3296,49226.13
2023-10-15,"Other Automotive",1855,16775.09
2023-10-15,"Powertrain Mounts",912,53891.23
2023-10-15,"Sealing",9938,31320.13
2023-10-16,"Cable Protection",17850,117980.93
2023-10-16,"Chassis NVH",10053,238999.83
2023-10-16,"Hoses & Bellows",12756,192163.69
2023-10-16,"Other Automotive",9641,85942.1
2023-10-16,"Powertrain Mounts",3931,227452.8
2023-10-16,"Sealing",69462,220582.79
2023-10-17,"Cable Protection",18479,121361.71
2023-10-17,"Chassis NVH",10355,257028.02
2023-10-17,"Hoses & Bellows",13796,210270.07
2023-10-17,"Other Automotive",9939,88616.47
2023-10-17,"Powertrain Mounts",4445,255447.15
2023-10-17,"Sealing",75437,238202.24
2023-10-18,"Cable Protection",19932,130174.89
2023-10-18,"Chassis NVH",10018,239332.94
2023-10-18,"Hoses & Bellows",14335,212799.8
2023-10-18,"Other Automotive",10152,87754.17
2023-10-18,"Powertrain Mounts",4660,274934.15
2023-10-18,"Sealing",74685,242274.75
2023-10-19,"Cable Protection",19352,132129.51
2023-10-19,"Chassis NVH",9674,236145.29
2023-10-19,"Hoses & Bellows",13457,201694.09
2023-10-19,"Other Automotive",11221,98746.46
2023-10-19,"Powertrain Mounts",4533,270537.28
2023-10-19,"Sealing",74737,242495.6
2023-10-20,"Cable Protection",17636,110846.02
2023-10-20,"Chassis NVH",8251,196262.54
2023-10-20,"Hoses & Bellows",11252,165005.77
2023-10-20,"Other Automotive",9949,91293.07
2023-10-20,"Powertrain Mounts",3996,231316.99
2023-10-20,"Sealing",66997,213982.61
2023-10-21,"Cable Protection",3353,21605.26
2023-10-21,"Chassis NVH",2794,68748.42
2023-10-21,"Hoses & Bellows",4258,64932.14
2023-10-21,"Other Automotive",2452,22240.15
2023-10-21,"Powertrain Mounts",1179,68493.78
2023-10-21,"Sealing",15149,47684.39
2023-10-22,"Cable Protection",1885,11866.72
2023-10-22,"Chassis NVH",2290,53701.08
2023-10-22,"Hoses & Bellows",3570,54587.6
2023-10-22,"Other Automotive",1783,16098.9
2023-10-22,"Powertrain Mounts",960,54832.67
2023-10-22,"Sealing",10398,33811.92
2023-10-23,"Cable Protection",17407,111061.34
2023-10-23,"Chassis NVH",8844,215073.07
2023-10-23,"Hoses & Bellows",13684,202752.67
2023-10-23,"Other Automotive",9770,87974.22
2023-10-23,"Powertrain Mounts",3993,237364.24
2023-10-23,"Sealing",69876,225803.54
2023-10-24,"Cable Protection",17749,115877.71
2023-10-24,"Chassis NVH",9627,236798.84
2023-10-24,"Hoses & Bellows",13312,202449.44
2023-10-24,"Other Automotive",10217,93193.14
2023-10-24,"Powertrain Mounts",4296,249786.57
2023-10-24,"Sealing",74141,236502.66
2023-10-25,"Cable Protection",17718,111634.45
2023-10-25,"Chassis NVH",9955,239101.15
2023-10-25,"Hoses & Bellows",13202,194783.35
2023-10-25,"Other Automotive",10411,94462.66
2023-10-25,"Powertrain Mounts",4249,243153.67
2023-10-25,"Sealing",75893,238736.98
2023-10-26,"Cable Protection",17503,116604.57
2023-10-26,"Chassis NVH",9873,240095.18
2023-10-26,"Hoses & Bellows",12911,194672.77
2023-10-26,"Other Automotive",10258,93007.04
2023-10-26,"Powertrain Mounts",4368,248846.89
2023-10-26,"Sealing",72592,232568.02
2023-10-27,"Cable Protection",16624,106853.33
2023-10-27,"Chassis NVH",8060,192648.53
2023-10-27,"Hoses & Bellows",12291,177128.12
2023-10-27,"Other Automotive",9666,89570.43
2023-10-27,"Powertrain Mounts",4100,235230.08
2023-10-27,"Sealing",63371,202876.67
2023-10-28,"Cable Protection",3253,20747.31
2023-10-28,"Chassis NVH",2665,64469.17
2023-10-28,"Hoses & Bellows",4322,66161.43
2023-10-28,"Other Automotive",2534,23203.11
2023-10-28,"Powertrain Mounts",1258,74443.18
2023-10-28,"Sealing",15349,48650.52
2023-10-29,"Cable Protection",1875,12466.64
2023-10-29,"Chassis NVH",2098,51795.24
2023-10-29,"Hoses & Bellows",3278,48339.08
2023-10-29,"Other Automotive",1751,15483.17
2023-10-29,"Powertrain Mounts",921,52690.45
2023-10-29,"Sealing",9788,31360.95
2023-10-30,"Cable Protection",16749,110536.88
2023-10-30,"Chassis NVH",8993,218126.81
2023-10-30,"Hoses & Bellows",13438,202642.56
2023-10-30,"Other Automotive",9371,85147.24
2023-10-30,"Powertrain Mounts",3874,221787.03
2023-10-30,"Sealing",62657,203375.93
2023-10-31,"Cable Protection",19540,128300.21
2023-10-31,"Chassis NVH",9550,229986.2
2023-10-31,"Hoses & Bellows",15463,228091.32
2023-10-31,"Other Automotive",9757,84941.83
2023-10-31,"Powertrain Mounts",4233,246324.95
2023-10-31,"Sealing",70568,224597.31
2023-11-01,"Cable Protection",23520,155874.03
2023-11-01,"Chassis NVH",11118,265916.47
2023-11-01,"Hoses & Bellows",16326,244345.07
2023-11-01,"Other Automotive",12521,110767.09
2023-11-01,"Powertrain Mounts",4911,289162.9
2023-11-01,"Sealing",88691,277274.45
2023-11-02,"Cable Protection",23114,144749.01
2023-11-02,"Chassis NVH",10920,257978.35
2023-11-02,"Hoses & Bellows",16142,248958.52
2023-11-02,"Other Automotive",12489,110795.76
2023-11-02,"Powertrain Mounts",4850,280605.37
2023-11-02,"Sealing",86956,271916.07
2023-11-03,"Cable Protection",22207,145499.74
2023-11-03,"Chassis NVH",9888,235756.2
2023-11-03,"Hoses & Bellows",14267,213959.54
2023-11-03,"Other Automotive",11351,101220.48
2023-11-03,"Powertrain Mounts",4288,250244.66
2023-11-03,"Sealing",80654,264549.4
2023-11-04,"Cable Protection",4260,27750.48
2023-11-04,"Chassis NVH",3247,76895.03
2023-11-04,"Hoses & Bellows",4436,65455.99
2023-11-04,"Other Automotive",3047,27335.9
2023-11-04,"Powertrain Mounts",1323,75690.05
2023-11-04,"Sealing",17584,56886.4
2023-11-05,"Cable Protection",2294,14918.46
2023-11-05,"Chassis NVH",2413,58120.66
2023-11-05,"Hoses & Bellows",3341,50128.78
2023-11-05,"Other Automotive",1982,18146.23
2023-11-05,"Powertrain Mounts",988,57623.78
2023-11-05,"Sealing",10901,35301.56
2023-11-06,"Cable Protection",23027,152733.2
2023-11-06,"Chassis NVH",10705,253346.22
2023-11-06,"Hoses & Bellows",14511,225259.29
2023-11-06,"Other Automotive",12920,119782.63
2023-11-06,"Powertrain Mounts",4743,281661.07
2023-11-06,"Sealing",84480,271716.63
2023-11-07,"Cable Protection",24831,158822.19
2023-11-07,"Chassis NVH",11396,275817.07
2023-11-07,"Hoses & Bellows",15200,222444.67
2023-11-07,"Other Automotive",12857,116130.07
2023-11-07,"Powertrain Mounts",5071,284649.42
2023-11-07,"Sealing",86344,280391.93
2023-11-08,"Cable Protection",25715,160384.48
2023-11-08,"Chassis NVH",11876,277537.49
2023-11-08,"Hoses & Bellows",16343,243150.49
2023-11-08,"Other Automotive",13037,118790.18
2023-11-08,"Powertrain Mounts",4932,280359.46
2023-11-08,"Sealing",88145,280912.39
2023-11-09,"Cable Protection",25982,173592.42
2023-11-09,"Chassis NVH",11591,280451.51
2023-11-09,"Hoses & Bellows",16259,245226.74
2023-11-09,"Other Automotive",13401,116964.31
2023-11-09,"Powertrain Mounts",4956,288933.37
2023-11-09,"Sealing",88421,280902.38
2023-11-10,"Cable Protection",22437,146809.27
2023-11-10,"Chassis NVH",10322,242226.71
2023-11-10,"Hoses & Bellows",14248,213927.03
2023-11-10,"Other Automotive",11216,100248.32
2023-11-10,"Powertrain Mounts",4705,268750.62
2023-11-10,"Sealing",79894,257090.58
2023-11-11,"Cable Protection",4253,27711.33
2023-11-11,"Chassis NVH",3116,75200.27
2023-11-11,"Hoses & Bellows",4475,67089.94
2023-11-11,"Other Automotive",2744,24990.44
2023-11-11,"Powertrain Mounts",1351,78428.23
2023-11-11,"Sealing",17172,53493.62
2023-11-12,"Cable Protection",2016,13073.98
2023-11-12,"Chassis NVH",2519,59579.38
2023-11-12,"Hoses & Bellows",3349,50217.46
2023-11-12,"Other Automotive",1837,16042.47
2023-11-12,"Powertrain Mounts",1047,60595.52
2023-11-12,"Sealing",10791,34992.06
2023-11-13,"Cable Protection",23433,153863.51
2023-11-13,"Chassis NVH",12186,282957.71
2023-11-13,"Hoses & Bellows",14946,222515.4
2023-11-13,"Other Automotive",11550,108114.8
2023-11-13,"Powertrain Mounts",5239,298550.24
2023-11-13,"Sealing",83191,266438.75
2023-11-14,"Cable Protection",25078,163206.89
2023-11-14,"Chassis NVH",12525,306155.06
2023-11-14,"Hoses & Bellows",15238,219496.3
2023-11-14,"Other Automotive",12374,110337.31
2023-11-14,"Powertrain Mounts",5074,288843.54
2023-11-14,"Sealing",87344,282540.92
2023-11-15,"Cable Protection",26602,172307.83
2023-11-15,"Chassis NVH",12042,290088.02
2023-11-15,"Hoses & Bellows",15730,232655.22
2023-11-15,"Other Automotive",13214,115568.87
2023-11-15,"Powertrain Mounts",5185,297472.58
2023-11-15,"Sealing",90833,290132.13
2023-11-16,"Cable Protection",25704,165385.09
2023-11-16,"Chassis NVH",12109,296631.59
2023-11-16,"Hoses & Bellows",14980,234426.93
2023-11-16,"Other Automotive",13811,130549.11
2023-11-16,"Powertrain Mounts",5325,316134.72
2023-11-16,"Sealing",88338,286639.01
2023-11-17,"Cable Protection",22312,144512.41
2023-11-17,"Chassis NVH",10117,242991.44
2023-11-17,"Hoses & Bellows",14268,215967.92
2023-11-17,"Other Automotive",12091,108234.03
2023-11-17,"Powertrain Mounts",4638,262653.33
2023-11-17,"Sealing",78703,254633.29
2023-11-18,"Cable Protection",4429,27850.51
2023-11-18,"Chassis NVH",3079,76430.85
2023-11-18,"Hoses & Bellows",4675,71211.35
2023-11-18,"Other Automotive",3023,27362.15
2023-11-18,"Powertrain Mounts",1488,86196.44
2023-11-18,"Sealing",16231,50466.55
2023-11-19,"Cable Protection",2426,15679.29
2023-11-19,"Chassis NVH",2528,61780.47
2023-11-19,"Hoses & Bellows",3364,50685.66
2023-11-19,"Other Automotive",2066,18484.24
2023-11-19,"Powertrain Mounts",1044,60128.11
2023-11-19,"Sealing",10005,32448.43
2023-11-20,"Cable Protection",25424,160178.06
2023-11-20,"Chassis NVH",10591,260797.22
2023-11-20,"Hoses & Bellows",14926,218449.22
2023-11-20,"Other Automotive",12283,108335.51
2023-11-20,"Powertrain Mounts",5109,301427.49
2023-11-20,"Sealing",73678,233492.01
2023-11-21,"Cable Protection",26954,175664.46
2023-11-21,"Chassis NVH",11682,283821.66
2023-11-21,"Hoses & Bellows",15932,238160.87
2023-11-21,"Other Automotive",12201,107939.99
2023-11-21,"Powertrain Mounts",5040,296101.74
2023-11-21,"Sealing",81416,262795.38
2023-11-22,"Cable Protection",26357,161628.98
2023-11-22,"Chassis NVH",12089,290031.95
2023-11-22,"Hoses & Bellows",15923,238509.35
2023-11-22,"Other Automotive",12014,107350.3
2023-11-22,"Powertrain Mounts",4999,281524.48
2023-11-22,"Sealing",86423,282823.61
2023-11-23,"Cable Protection",25831,173953.88
2023-11-23,"Chassis NVH",11764,274612.81
2023-11-23,"Hoses & Bellows",16532,244414.91
2023-11-23,"Other Automotive",12768,112849.92
2023-11-23,"Powertrain Mounts",5007,293180.32
2023-11-23,"Sealing",85411,275689
2023-11-24,"Cable Protection",24606,157068.86
2023-11-24,"Chassis NVH",10663,253499.83
2023-11-24,"Hoses & Bellows",15878,232161.28
2023-11-24,"Other Automotive",11642,107100.85
2023-11-24,"Powertrain Mounts",4344,245922.43
2023-11-24,"Sealing",77897,242902.25
2023-11-25,"Cable Protection",4252,28096.58
2023-11-25,"Chassis NVH",3354,80341.99
2023-11-25,"Hoses & Bellows",4921,78252.38
2023-11-25,"Other Automotive",2989,26919.56
2023-11-25,"Powertrain Mounts",1364,80486.8
2023-11-25,"Sealing",17252,55063.07
2023-11-26,"Cable Protection",2320,14696.75
2023-11-26,"Chassis NVH",2350,56972.59
2023-11-26,"Hoses & Bellows",3570,52098.63
2023-11-26,"Other Automotive",1848,16489.54
2023-11-26,"Powertrain Mounts",1015,60025.07
2023-11-26,"Sealing",10481,32829.44
2023-11-27,"Cable Protection",25999,168986.08
2023-11-27,"Chassis NVH",10983,262520.39
2023-11-27,"Hoses & Bellows",16121,239506.51
2023-11-27,"Other Automotive",12641,113294.89
2023-11-27,"Powertrain Mounts",4985,279819.7
2023-11-27,"Sealing",79621,256932.92
2023-11-28,"Cable Protection",26811,178239.83
2023-11-28,"Chassis NVH",11663,268556.22
2023-11-28,"Hoses & Bellows",16790,249862.91
2023-11-28,"Other Automotive",12828,115230.8
2023-11-28,"Powertrain Mounts",5259,302948.11
2023-11-28,"Sealing",85005,276291.98
2023-11-29,"Cable Protection",27026,175258.98
2023-11-29,"Chassis NVH",12380,297072.55
2023-11-29,"Hoses & Bellows",15970,237229.93
2023-11-29,"Other Automotive",12024,109107.2
2023-11-29,"Powertrain Mounts",5111,296363.52
2023-11-29,"Sealing",89587,281914.66
2023-11-30,"Cable Protection",27547,184305.45
2023-11-30,"Chassis NVH",11936,278805.68
2023-11-30,"Hoses & Bellows",16048,239253.11
2023-11-30,"Other Automotive",12084,109643.2
2023-11-30,"Powertrain Mounts",5083,288050.73
2023-11-30,"Sealing",90635,291599.54
2023-12-01,"Cable Protection",18125,121152.09
2023-12-01,"Chassis NVH",8623,209207.14
2023-12-01,"Hoses & Bellows",12623,193566.91
2023-12-01,"Other Automotive",9320,82890.72
2023-12-01,"Powertrain Mounts",3864,229723.31
2023-12-01,"Sealing",65501,215346.84
2023-12-02,"Cable Protection",3496,22918.16
2023-12-02,"Chassis NVH",3048,70802.78
2023-12-02,"Hoses & Bellows",4005,58598.51
2023-12-02,"Other Automotive",2652,23921.91
2023-12-02,"Powertrain Mounts",1200,69275.92
2023-12-02,"Sealing",16414,51741.85
2023-12-03,"Cable Protection",2101,13905.5
2023-12-03,"Chassis NVH",2423,58214.61
2023-12-03,"Hoses & Bellows",3262,48024.39
2023-12-03,"Other Automotive",1778,15604.58
2023-12-03,"Powertrain Mounts",915,53121.34
2023-12-03,"Sealing",9909,32656.13
2023-12-04,"Cable Protection",18973,121205.79
2023-12-04,"Chassis NVH",9321,221659.46
2023-12-04,"Hoses & Bellows",12288,186589.1
2023-12-04,"Other Automotive",10014,92888.82
2023-12-04,"Powertrain Mounts",3702,215192.42
2023-12-04,"Sealing",69089,224057.44
2023-12-05,"Cable Protection",20034,131565.46
2023-12-05,"Chassis NVH",9720,239377.14
2023-12-05,"Hoses & Bellows",13219,199110.88
2023-12-05,"Other Automotive",10322,92328.71
2023-12-05,"Powertrain Mounts",4008,235016.54
2023-12-05,"Sealing",74179,236670.45
2023-12-06,"Cable Protection",18562,118280.16
2023-12-06,"Chassis NVH",10683,251973
2023-12-06,"Hoses & Bellows",12716,189484.66
2023-12-06,"Other Automotive",10289,92526.98
2023-12-06,"Powertrain Mounts",3969,231952.1
2023-12-06,"Sealing",71071,225696.63
2023-12-07,"Cable Protection",18463,124473.86
2023-12-07,"Chassis NVH",10354,251897.79
2023-12-07,"Hoses & Bellows",12352,181937
2023-12-07,"Other Automotive",9920,89909.73
2023-12-07,"Powertrain Mounts",3843,221415.55
2023-12-07,"Sealing",66916,215283.33
2023-12-08,"Cable Protection",17544,114001.75
2023-12-08,"Chassis NVH",9563,226792.91
2023-12-08,"Hoses & Bellows",11524,177339.03
2023-12-08,"Other Automotive",8977,83357.72
2023-12-08,"Powertrain Mounts",3523,200643.56
2023-12-08,"Sealing",62010,195519.15
2023-12-09,"Cable Protection",3664,24468.34
2023-12-09,"Chassis NVH",3215,78944.81
2023-12-09,"Hoses & Bellows",4183,62603.04
2023-12-09,"Other Automotive",2368,22143.12
2023-12-09,"Powertrain Mounts",1128,66992.84
2023-12-09,"Sealing",14723,49073.44
2023-12-10,"Cable Protection",1905,12510.63
2023-12-10,"Chassis NVH",2456,59092.12
2023-12-10,"Hoses & Bellows",3205,47875.28
2023-12-10,"Other Automotive",1795,15904.69
2023-12-10,"Powertrain Mounts",904,51636.66
2023-12-10,"Sealing",9502,30645.33
2023-12-11,"Cable Protection",17540,115365.63
2023-12-11,"Chassis NVH",9841,239210.29
2023-12-11,"Hoses & Bellows",12764,191097.89
2023-12-11,"Other Automotive",9944,90325.09
2023-12-11,"Powertrain Mounts",3688,217365.64
2023-12-11,"Sealing",66110,212967.17
2023-12-12,"Cable Protection",19441,124502.14
2023-12-12,"Chassis NVH",10093,246545.96
2023-12-12,"Hoses & Bellows",12478,189389.84
2023-12-12,"Other Automotive",10308,93707.15
2023-12-12,"Powertrain Mounts",3887,234548.64
2023-12-12,"Sealing",69761,226068.64
2023-12-13,"Cable Protection",19017,123506.07
2023-12-13,"Chassis NVH",10022,247887.93
2023-12-13,"Hoses & Bellows",12882,195873.25
2023-12-13,"Other Automotive",10658,95162.71
2023-12-13,"Powertrain Mounts",3990,226739.01
2023-12-13,"Sealing",69486,223300.45
2023-12-14,"Cable Protection",18215,121069.86
2023-12-14,"Chassis NVH",9057,220444.71
2023-12-14,"Hoses & Bellows",13226,198175.88
2023-12-14,"Other Automotive",10297,93589.89
2023-12-14,"Powertrain Mounts",3723,210853.5
2023-12-14,"Sealing",71636,233931.2
2023-12-15,"Cable Protection",17645,113538.91
2023-12-15,"Chassis NVH",8780,208175.74
2023-12-15,"Hoses & Bellows",12547,189369.56
2023-12-15,"Other Automotive",8463,75464.93
2023-12-15,"Powertrain Mounts",3585,210385.07
2023-12-15,"Sealing",65775,213844.12
2023-12-16,"Cable Protection",3423,22241.53
2023-12-16,"Chassis NVH",3004,73956.35
2023-12-16,"Hoses & Bellows",4366,66786.12
2023-12-16,"Other Automotive",2411,21307.95
2023-12-16,"Powertrain Mounts",1256,72018.41
2023-12-16,"Sealing",14732,47327.5
2023-12-17,"Cable Protection",2009,13003.79
2023-12-17,"Chassis NVH",2328,56770.9
2023-12-17,"Hoses & Bellows",3264,50254.35
2023-12-17,"Other Automotive",1624,14339.63
2023-12-17,"Powertrain Mounts",954,53806.16
2023-12-17,"Sealing",9626,31238
2023-12-18,"Cable Protection",17810,118019.45
2023-12-18,"Chassis NVH",9382,228680.29
2023-12-18,"Hoses & Bellows",12012,179022.68
2023-12-18,"Other Automotive",9313,86150.88
2023-12-18,"Powertrain Mounts",4073,236698.75
2023-12-18,"Sealing",64755,205391.67
2023-12-19,"Cable Protection",18394,115863.02
2023-12-19,"Chassis NVH",9453,221762.2
2023-12-19,"Hoses & Bellows",12258,184091.18
2023-12-19,"Other Automotive",9468,88272.19
2023-12-19,"Powertrain Mounts",4454,261977.36
2023-12-19,"Sealing",66379,209308.9
2023-12-20,"Cable Protection",18476,118550.27
2023-12-20,"Chassis NVH",9379,223083.11
2023-12-20,"Hoses & Bellows",13331,207057.88
2023-12-20,"Other Automotive",9917,91219.04
2023-12-20,"Powertrain Mounts",4278,258398.93
2023-12-20,"Sealing",66905,211998.99
2023-12-21,"Cable Protection",17805,113172.35
2023-12-21,"Chassis NVH",8945,217086.61
2023-12-21,"Hoses & Bellows",12688,189529.92
2023-12-21,"Other Automotive",9426,82149.36
2023-12-21,"Powertrain Mounts",4082,234756.52
2023-12-21,"Sealing",63924,205782.87
2023-12-22,"Cable Protection",16135,104833.22
2023-12-22,"Chassis NVH",8130,197317.88
2023-12-22,"Hoses & Bellows",11776,172337.92
2023-12-22,"Other Automotive",8404,76811.64
2023-12-22,"Powertrain Mounts",3394,194350.23
2023-12-22,"Sealing",56853,182534.7
2023-12-23,"Cable Protection",1877,12136.55
2023-12-23,"Chassis NVH",2185,50379.94
2023-12-23,"Hoses & Bellows",3197,47589.17
2023-12-23,"Other Automotive",1734,15568.22
2023-12-23,"Powertrain Mounts",830,47571.62
2023-12-23,"Sealing",9137,28981.63
2023-12-24,"Cable Protection",1979,12474.34
2023-12-24,"Chassis NVH",2361,57870.29
2023-12-24,"Hoses & Bellows",3171,46648.98
2023-12-24,"Other Automotive",1835,16442.99
2023-12-24,"Powertrain Mounts",924,52379.07
2023-12-24,"Sealing",9893,30863
2023-12-25,"Cable Protection",2368,15794.66
2023-12-25,"Chassis NVH",2451,59643.41
2023-12-25,"Hoses & Bellows",3561,53445.77
2023-12-25,"Other Automotive",2030,18001.31
2023-12-25,"Powertrain Mounts",962,53788.52
2023-12-25,"Sealing",11486,36844.96
2023-12-26,"Cable Protection",2646,17223.39
2023-12-26,"Chassis NVH",2563,60593.76
2023-12-26,"Hoses & Bellows",3547,54541.91
2023-12-26,"Other Automotive",2193,20045.03
2023-12-26,"Powertrain Mounts",952,57320.86
2023-12-26,"Sealing",11500,36527.18
2023-12-27,"Cable Protection",2648,16810.02
2023-12-27,"Chassis NVH",2623,62777.95
2023-12-27,"Hoses & Bellows",3771,56210.05
2023-12-27,"Other Automotive",2154,19519.63
2023-12-27,"Powertrain Mounts",965,56444.25
2023-12-27,"Sealing",12438,38953.8
2023-12-28,"Cable Protection",2681,17111.07
2023-12-28,"Chassis NVH",2520,60004.81
2023-12-28,"Hoses & Bellows",3735,55016.53
2023-12-28,"Other Automotive",2093,18474.29
2023-12-28,"Powertrain Mounts",987,56921.26
2023-12-28,"Sealing",12292,38655.39
2023-12-29,"Cable Protection",2350,15131.02
2023-12-29,"Chassis NVH",2328,56337.94
2023-12-29,"Hoses & Bellows",3414,51492.41
2023-12-29,"Other Automotive",1858,16922.84
2023-12-29,"Powertrain Mounts",880,50013.64
2023-12-29,"Sealing",10457,34826.61
2023-12-30,"Cable Protection",1654,11015.04
2023-12-30,"Chassis NVH",2139,48507.67
2023-12-30,"Hoses & Bellows",3388,52055.85
2023-12-30,"Other Automotive",1653,14823.55
2023-12-30,"Powertrain Mounts",933,53693.94
2023-12-30,"Sealing",9128,28488.36
2023-12-31,"Cable Protection",1871,12293.2
2023-12-31,"Chassis NVH",2365,58364.09
2023-12-31,"Hoses & Bellows",3295,48974.55
2023-12-31,"Other Automotive",1732,15533.89
2023-12-31,"Powertrain Mounts",962,57319.39
2023-12-31,"Sealing",9288,29926.39
2024-01-01,"Cable Protection",2666,16776.74
2024-01-01,"Chassis NVH",2609,64956.02
2024-01-01,"Hoses & Bellows",3751,55328.09
2024-01-01,"Other Automotive",2053,18061.11
2024-01-01,"Powertrain Mounts",1058,59443.73
2024-01-01,"Sealing",11339,37029.89
2024-01-02,"Cable Protection",2670,17294.52
2024-01-02,"Chassis NVH",2525,61349.34
2024-01-02,"Hoses & Bellows",3996,58348.15
2024-01-02,"Other Automotive",2286,20564.29
2024-01-02,"Powertrain Mounts",1142,67670.69
2024-01-02,"Sealing",11852,37587.34
2024-01-03,"Cable Protection",17647,113620.49
2024-01-03,"Chassis NVH",9125,214133.23
2024-01-03,"Hoses & Bellows",13525,203414.61
2024-01-03,"Other Automotive",9909,89320.49
2024-01-03,"Powertrain Mounts",4161,238816.98
2024-01-03,"Sealing",65538,202456.62
2024-01-04,"Cable Protection",17128,113232.04
2024-01-04,"Chassis NVH",9241,217192.14
2024-01-04,"Hoses & Bellows",13130,194648.83
2024-01-04,"Other Automotive",9721,88792.48
2024-01-04,"Powertrain Mounts",4028,235276.12
2024-01-04,"Sealing",59174,190436.43
2024-01-05,"Cable Protection",16551,108244.75
2024-01-05,"Chassis NVH",8340,202921.82
2024-01-05,"Hoses & Bellows",12243,184574.21
2024-01-05,"Other Automotive",8806,78878.45
2024-01-05,"Powertrain Mounts",4102,241107.85
2024-01-05,"Sealing",60255,193444.8
2024-01-06,"Cable Protection",3408,22049.75
2024-01-06,"Chassis NVH",2953,70569.85
2024-01-06,"Hoses & Bellows",4578,66377.56
2024-01-06,"Other Automotive",2335,20766.21
2024-01-06,"Powertrain Mounts",1388,83126.18
2024-01-06,"Sealing",14213,44764.45
2024-01-07,"Cable Protection",1935,12701.17
2024-01-07,"Chassis NVH",2422,60943.14
2024-01-07,"Hoses & Bellows",3666,55134.14
2024-01-07,"Other Automotive",1894,16771.35
2024-01-07,"Powertrain Mounts",1014,59456.55
2024-01-07,"Sealing",9892,32533.67
2024-01-08,"Cable Protection",19018,125916.61
2024-01-08,"Chassis NVH",10893,266623.16
2024-01-08,"Hoses & Bellows",14624,223103.25
2024-01-08,"Other Automotive",11355,102383.13
2024-01-08,"Powertrain Mounts",4526,272304.82
2024-01-08,"Sealing",70355,227840.5
2024-01-09,"Cable Protection",20058,130468.1
2024-01-09,"Chassis NVH",11516,286160.28
2024-01-09,"Hoses & Bellows",14897,222950.23
2024-01-09,"Other Automotive",11034,103988.13
2024-01-09,"Powertrain Mounts",4682,271814.68
2024-01-09,"Sealing",74274,238362.03
2024-01-10,"Cable Protection",22391,147056.24
2024-01-10,"Chassis NVH",10772,257252.38
2024-01-10,"Hoses & Bellows",16139,240505.81
2024-01-10,"Other Automotive",10979,96578.17
2024-01-10,"Powertrain Mounts",4904,277341.5
2024-01-10,"Sealing",74937,238526.95
2024-01-11,"Cable Protection",23256,146529.63
2024-01-11,"Chassis NVH",11000,264064.38
2024-01-11,"Hoses & Bellows",15850,236577.01
2024-01-11,"Other Automotive",10613,96000.8
2024-01-11,"Powertrain Mounts",4678,270623.27
2024-01-11,"Sealing",76234,240521.76
2024-01-12,"Cable Protection",18922,126856.21
2024-01-12,"Chassis NVH",10159,250389.83
2024-01-12,"Hoses & Bellows",14781,219945.99
2024-01-12,"Other Automotive",9960,90890.47
2024-01-12,"Powertrain Mounts",4314,244244.99
2024-01-12,"Sealing",70098,225929.13
2024-01-13,"Cable Protection",3740,24269.02
2024-01-13,"Chassis NVH",3384,81397.84
2024-01-13,"Hoses & Bellows",4722,71580.46
2024-01-13,"Other Automotive",2482,21855.66
2024-01-13,"Powertrain Mounts",1274,72947.56
2024-01-13,"Sealing",16517,52183.62
2024-01-14,"Cable Protection",2095,13891.04
2024-01-14,"Chassis NVH",2717,63896.26
2024-01-14,"Hoses & Bellows",3623,53497.9
2024-01-14,"Other Automotive",1804,16266.36
2024-01-14,"Powertrain Mounts",859,50874.3
2024-01-14,"Sealing",10132,31821.59
2024-01-15,"Cable Protection",20138,132869.89
2024-01-15,"Chassis NVH",10965,275370.81
2024-01-15,"Hoses & Bellows",13524,205500.7
2024-01-15,"Other Automotive",10812,96697.22
2024-01-15,"Powertrain Mounts",4228,243032.42
2024-01-15,"Sealing",72375,230768.83
2024-01-16,"Cable Protection",22143,144249.74
2024-01-16,"Chassis NVH",11600,275792
2024-01-16,"Hoses & Bellows",13237,199158.79
2024-01-16,"Other Automotive",10812,99834.36
2024-01-16,"Powertrain Mounts",4392,252269.86
2024-01-16,"Sealing",77132,244337.27
2024-01-17,"Cable Protection",21227,137674.52
2024-01-17,"Chassis NVH",12557,305093.06
2024-01-17,"Hoses & Bellows",12888,195100.54
2024-01-17,"Other Automotive",11082,100758.19
2024-01-17,"Powertrain Mounts",4552,263687.37
2024-01-17,"Sealing",71971,225456.09
2024-01-18,"Cable Protection",21700,139111.94
2024-01-18,"Chassis NVH",11606,285147.24
2024-01-18,"Hoses & Bellows",13799,207493.03
2024-01-18,"Other Automotive",10874,97214.41
2024-01-18,"Powertrain Mounts",4427,253065.26
2024-01-18,"Sealing",69942,215048.54
2024-01-19,"Cable Protection",19703,128110.59
2024-01-19,"Chassis NVH",10040,241805.22
2024-01-19,"Hoses & Bellows",12412,188078.99
2024-01-19,"Other Automotive",9749,88038.02
2024-01-19,"Powertrain Mounts",3987,229721.25
2024-01-19,"Sealing",63178,203759.04
2024-01-20,"Cable Protection",3801,24794.13
2024-01-20,"Chassis NVH",3263,79167.24
2024-01-20,"Hoses & Bellows",4111,61975.9
2024-01-20,"Other Automotive",2415,22037.75
2024-01-20,"Powertrain Mounts",1240,72082.83
2024-01-20,"Sealing",15685,50467.63
2024-01-21,"Cable Protection",2024,12979.43
2024-01-21,"Chassis NVH",2476,58737.37
2024-01-21,"Hoses & Bellows",3128,48594.69
2024-01-21,"Other Automotive",1738,15804.19
2024-01-21,"Powertrain Mounts",969,56391.29
2024-01-21,"Sealing",9711,30756.06
2024-01-22,"Cable Protection",19769,129820.95
2024-01-22,"Chassis NVH",10544,259932.84
2024-01-22,"Hoses & Bellows",13779,205989.68
2024-01-22,"Other Automotive",10227,93555.41
2024-01-22,"Powertrain Mounts",4506,264595.07
2024-01-22,"Sealing",71198,233557.34
2024-01-23,"Cable Protection",20718,132619.24
2024-01-23,"Chassis NVH",10883,262721.79
2024-01-23,"Hoses & Bellows",13850,206551.24
2024-01-23,"Other Automotive",10667,94872.01
2024-01-23,"Powertrain Mounts",4773,278145.2
2024-01-23,"Sealing",70893,226403.6
2024-01-24,"Cable Protection",21683,141751.44
2024-01-24,"Chassis NVH",10658,252721.21
2024-01-24,"Hoses & Bellows",14998,220308.55
2024-01-24,"Other Automotive",10564,97822.12
2024-01-24,"Powertrain Mounts",4689,272424.17
2024-01-24,"Sealing",74565,236069.13
2024-01-25,"Cable Protection",21959,144238.28
2024-01-25,"Chassis NVH",10873,262252.96
2024-01-25,"Hoses & Bellows",15331,228398.31
2024-01-25,"Other Automotive",9884,85712.2
2024-01-25,"Powertrain Mounts",4500,258626.28
2024-01-25,"Sealing",75305,245538.58
2024-01-26,"Cable Protection",21155,138988.16
2024-01-26,"Chassis NVH",9805,237428.13
2024-01-26,"Hoses & Bellows",13671,202618.11
2024-01-26,"Other Automotive",9534,85592.95
2024-01-26,"Powertrain Mounts",4177,239918.27
2024-01-26,"Sealing",65526,206756.48
2024-01-27,"Cable Protection",3873,24931.15
2024-01-27,"Chassis NVH",3045,73874.96
2024-01-27,"Hoses & Bellows",4607,69723.51
2024-01-27,"Other Automotive",2499,22203.79
2024-01-27,"Powertrain Mounts",1333,75798.02
2024-01-27,"Sealing",15320,49588.02
2024-01-28,"Cable Protection",2005,12762.85
2024-01-28,"Chassis NVH",2345,56230.53
2024-01-28,"Hoses & Bellows",3638,53864.46
2024-01-28,"Other Automotive",1733,16287.76
2024-01-28,"Powertrain Mounts",905,53064.39
2024-01-28,"Sealing",9585,31766.71
2024-01-29,"Cable Protection",20089,132138.02
2024-01-29,"Chassis NVH",9692,238734.31
2024-01-29,"Hoses & Bellows",14722,220527.51
2024-01-29,"Other Automotive",10318,93615.57
2024-01-29,"Powertrain Mounts",4721,263843.35
2024-01-29,"Sealing",69003,214787.97
2024-01-30,"Cable Protection",21371,139464.14
2024-01-30,"Chassis NVH",10205,241383.75
2024-01-30,"Hoses & Bellows",14480,211895.94
2024-01-30,"Other Automotive",10805,99210.37
2024-01-30,"Powertrain Mounts",4639,265517.31
2024-01-30,"Sealing",69442,218936.68
2024-01-31,"Cable Protection",20977,136039.07
2024-01-31,"Chassis NVH",10110,249033.96
2024-01-31,"Hoses & Bellows",14948,217930.52
2024-01-31,"Other Automotive",11029,99948.97
2024-01-31,"Powertrain Mounts",4872,287994.03
2024-01-31,"Sealing",69524,224092.92
2024-02-01,"Cable Protection",22214,144918.5
2024-02-01,"Chassis NVH",10904,257815.91
2024-02-01,"Hoses & Bellows",14944,223639.95
2024-02-01,"Other Automotive",12243,111468.96
2024-02-01,"Powertrain Mounts",4619,263166.21
2024-02-01,"Sealing",74537,240551.53
2024-02-02,"Cable Protection",22035,141499.41
2024-02-02,"Chassis NVH",11412,277730.79
2024-02-02,"Hoses & Bellows",14411,212467.71
2024-02-02,"Other Automotive",10534,95400.49
2024-02-02,"Powertrain Mounts",4607,265419.13
2024-02-02,"Sealing",77259,246358.22
2024-02-03,"Cable Protection",3879,24700.92
2024-02-03,"Chassis NVH",3311,79858.59
2024-02-03,"Hoses & Bellows",4438,67820.52
2024-02-03,"Other Automotive",2723,24643.07
2024-02-03,"Powertrain Mounts",1261,70127.22
2024-02-03,"Sealing",15828,49677.33
2024-02-04,"Cable Protection",2079,13762.78
2024-02-04,"Chassis NVH",2573,62158.09
2024-02-04,"Hoses & Bellows",3502,51164.18
2024-02-04,"Other Automotive",1879,16818.5
2024-02-04,"Powertrain Mounts",1008,60319.75
2024-02-04,"Sealing",10699,33120.31
2024-02-05,"Cable Protection",22200,139236.75
2024-02-05,"Chassis NVH",10325,250522.61
2024-02-05,"Hoses & Bellows",14494,219056.98
2024-02-05,"Other Automotive",12077,109264.53
2024-02-05,"Powertrain Mounts",4417,255651.24
2024-02-05,"Sealing",84553,268857.25
2024-02-06,"Cable Protection",22453,147659.24
2024-02-06,"Chassis NVH",11322,270943.07
2024-02-06,"Hoses & Bellows",14652,222411.65
2024-02-06,"Other Automotive",12043,108870.44
2024-02-06,"Powertrain Mounts",4854,279455.56
2024-02-06,"Sealing",85486,268543.31
2024-02-07,"Cable Protection",22147,149369.48
2024-02-07,"Chassis NVH",11346,271690.18
2024-02-07,"Hoses & Bellows",16451,244543.32
2024-02-07,"Other Automotive",11826,112102.12
2024-02-07,"Powertrain Mounts",4866,278953.44
2024-02-07,"Sealing",85938,275385.96
2024-02-08,"Cable Protection",21951,143935.48
2024-02-08,"Chassis NVH",11316,268156.47
2024-02-08,"Hoses & Bellows",14825,219261.45
2024-02-08,"Other Automotive",11483,105106.85
2024-02-08,"Powertrain Mounts",4672,267998.62
2024-02-08,"Sealing",83551,271647.94
2024-02-09,"Cable Protection",20360,131267.98
2024-02-09,"Chassis NVH",9762,232511.9
2024-02-09,"Hoses & Bellows",13631,206922.65
2024-02-09,"Other Automotive",10078,89180.52
2024-02-09,"Powertrain Mounts",4163,240627.37
2024-02-09,"Sealing",76375,247118.69
2024-02-10,"Cable Protection",4180,27751.12
2024-02-10,"Chassis NVH",3207,76364.58
2024-02-10,"Hoses & Bellows",4506,66653.62
2024-02-10,"Other Automotive",2625,24302.51
2024-02-10,"Powertrain Mounts",1281,71600.34
2024-02-10,"Sealing",17270,54103.11
2024-02-11,"Cable Protection",2231,14551.92
2024-02-11,"Chassis NVH",2616,61185.53
2024-02-11,"Hoses & Bellows",3809,57302.88
2024-02-11,"Other Automotive",1826,16660.79
2024-02-11,"Powertrain Mounts",907,52256.84
2024-02-11,"Sealing",10755,34176.46
2024-02-12,"Cable Protection",24414,164325.76
2024-02-12,"Chassis NVH",11845,287165.81
2024-02-12,"Hoses & Bellows",15551,235847.9
2024-02-12,"Other Automotive",11626,106550.93
2024-02-12,"Powertrain Mounts",5001,273483.07
2024-02-12,"Sealing",82305,252537.29
2024-02-13,"Cable Protection",24026,157262.05
2024-02-13,"Chassis NVH",13018,321408.19
2024-02-13,"Hoses & Bellows",16817,258557.86
2024-02-13,"Other Automotive",12040,108389.41
2024-02-13,"Powertrain Mounts",5261,308010.69
2024-02-13,"Sealing",86524,279833.84
2024-02-14,"Cable Protection",23614,160631.39
2024-02-14,"Chassis NVH",13347,315122.36
2024-02-14,"Hoses & Bellows",16898,247845.6
2024-02-14,"Other Automotive",11972,109550.24
2024-02-14,"Powertrain Mounts",5586,321072.73
2024-02-14,"Sealing",93354,302955.09
2024-02-15,"Cable Protection",25195,160667.14
2024-02-15,"Chassis NVH",11325,271483.3
2024-02-15,"Hoses & Bellows",14995,233241.24
2024-02-15,"Other Automotive",12340,113070.83
2024-02-15,"Powertrain Mounts",5181,300958.71
2024-02-15,"Sealing",86728,274581.61
2024-02-16,"Cable Protection",22209,146061.59
2024-02-16,"Chassis NVH",10753,264092.74
2024-02-16,"Hoses & Bellows",14862,219605.92
2024-02-16,"Other Automotive",10928,97382.53
2024-02-16,"Powertrain Mounts",4829,281576.65
2024-02-16,"Sealing",79474,252910.43
2024-02-17,"Cable Protection",4357,28080.19
2024-02-17,"Chassis NVH",3511,83960.69
2024-02-17,"Hoses & Bellows",4669,70181.79
2024-02-17,"Other Automotive",2705,24151.71
2024-02-17,"Powertrain Mounts",1409,80460.88
2024-02-17,"Sealing",17820,57047.71
2024-02-18,"Cable Protection",2264,14481.24
2024-02-18,"Chassis NVH",2652,64037.14
2024-02-18,"Hoses & Bellows",3681,56470.69
2024-02-18,"Other Automotive",1973,17324.71
2024-02-18,"Powertrain Mounts",1025,59473.66
2024-02-18,"Sealing",11114,35643.82
2024-02-19,"Cable Protection",25970,166193.53
2024-02-19,"Chassis NVH",11517,269517.9
2024-02-19,"Hoses & Bellows",15645,232634.13
2024-02-19,"Other Automotive",11774,104839.55
2024-02-19,"Powertrain Mounts",4960,290713.79
2024-02-19,"Sealing",81907,265622.95
2024-02-20,"Cable Protection",25021,161159.48
2024-02-20,"Chassis NVH",11775,276718.06
2024-02-20,"Hoses & Bellows",17274,269295.84
2024-02-20,"Other Automotive",12039,107480.49
2024-02-20,"Powertrain Mounts",4867,277025.69
2024-02-20,"Sealing",85901,270381.23
2024-02-21,"Cable Protection",24899,161521.02
2024-02-21,"Chassis NVH",11863,293686.15
2024-02-21,"Hoses & Bellows",17497,262334.65
2024-02-21,"Other Automotive",12234,111318.9
2024-02-21,"Powertrain Mounts",4953,291711.12
2024-02-21,"Sealing",84510,272084.23
2024-02-22,"Cable Protection",24454,156723.11
2024-02-22,"Chassis NVH",11576,276955.75
2024-02-22,"Hoses & Bellows",17556,264414.57
2024-02-22,"Other Automotive",12044,106975.43
2024-02-22,"Powertrain Mounts",4840,283772.38
2024-02-22,"Sealing",84020,266528.68
2024-02-23,"Cable Protection",21707,141706.09
2024-02-23,"Chassis NVH",11404,277223.78
2024-02-23,"Hoses & Bellows",15763,235242.57
2024-02-23,"Other Automotive",10785,95464.28
2024-02-23,"Powertrain Mounts",4785,281199.59
2024-02-23,"Sealing",79701,260442.37
2024-02-24,"Cable Protection",3913,25623.38
2024-02-24,"Chassis NVH",3652,87795.91
2024-02-24,"Hoses & Bellows",5156,73985.48
2024-02-24,"Other Automotive",2761,25061.11
2024-02-24,"Powertrain Mounts",1324,77095.35
2024-02-24,"Sealing",18003,55792
2024-02-25,"Cable Protection",2114,13662.87
2024-02-25,"Chassis NVH",2626,62053.77
2024-02-25,"Hoses & Bellows",3781,57839.34
2024-02-25,"Other Automotive",1794,16408.14
2024-02-25,"Powertrain Mounts",964,55069.57
2024-02-25,"Sealing",10030,33195.42
2024-02-26,"Cable Protection",23131,150775.72
2024-02-26,"Chassis NVH",11843,283352.16
2024-02-26,"Hoses & Bellows",16216,239530.53
2024-02-26,"Other Automotive",12111,109757.61
2024-02-26,"Powertrain Mounts",5287,304864.71
2024-02-26,"Sealing",82189,259554.28
2024-02-27,"Cable Protection",24559,158462.86
2024-02-27,"Chassis NVH",12310,293664.78
2024-02-27,"Hoses & Bellows",16440,249040
2024-02-27,"Other Automotive",12914,116712.4
2024-02-27,"Powertrain Mounts",5473,308915.12
2024-02-27,"Sealing",83747,268090.55
2024-02-28,"Cable Protection",24518,159862.45
2024-02-28,"Chassis NVH",12680,303870.24
2024-02-28,"Hoses & Bellows",16435,248350.94
2024-02-28,"Other Automotive",12701,114899.65
2024-02-28,"Powertrain Mounts",5108,298673.78
2024-02-28,"Sealing",90855,299486.02
2024-02-29,"Cable Protection",23534,154651.66
2024-02-29,"Chassis NVH",12119,293055.68
2024-02-29,"Hoses & Bellows",15664,238684.8
2024-02-29,"Other Automotive",12523,117009.83
2024-02-29,"Powertrain Mounts",5078,292563.93
2024-02-29,"Sealing",89934,285253.36
2024-03-01,"Cable Protection",20587,134524.21
2024-03-01,"Chassis NVH",10531,257466.59
2024-03-01,"Hoses & Bellows",13733,207187.41
2024-03-01,"Other Automotive",10977,98001.98
2024-03-01,"Powertrain Mounts",4838,282959.3
2024-03-01,"Sealing",80748,267838.44
2024-03-02,"Cable Protection",4387,28423.95
2024-03-02,"Chassis NVH",3108,74059
2024-03-02,"Hoses & Bellows",4345,68462.49
2024-03-02,"Other Automotive",2653,23246.61
2024-03-02,"Powertrain Mounts",1503,88222.43
2024-03-02,"Sealing",17332,57237.87
2024-03-03,"Cable Protection",2240,14776.07
2024-03-03,"Chassis NVH",2304,54277.75
2024-03-03,"Hoses & Bellows",3310,50129.88
2024-03-03,"Other Automotive",1758,15889.62
2024-03-03,"Powertrain Mounts",1050,58125.21
2024-03-03,"Sealing",9785,30356.22
2024-03-04,"Cable Protection",22122,144398.45
2024-03-04,"Chassis NVH",10845,264967.39
2024-03-04,"Hoses & Bellows",14004,210316.24
2024-03-04,"Other Automotive",11455,101787.28
2024-03-04,"Powertrain Mounts",4936,284561.88
2024-03-04,"Sealing",79373,257383.52
2024-03-05,"Cable Protection",23410,154502.28
2024-03-05,"Chassis NVH",11834,285091.19
2024-03-05,"Hoses & Bellows",14351,218661.27
2024-03-05,"Other Automotive",11555,103460.35
2024-03-05,"Powertrain Mounts",5142,293295.97
2024-03-05,"Sealing",88627,283228.19
2024-03-06,"Cable Protection",22869,149644.55
2024-03-06,"Chassis NVH",12168,287063.41
2024-03-06,"Hoses & Bellows",15030,229733.37
2024-03-06,"Other Automotive",12142,108085.46
2024-03-06,"Powertrain Mounts",5087,303777.6
2024-03-06,"Sealing",88431,278442.39
2024-03-07,"Cable Protection",24608,162276.93
2024-03-07,"Chassis NVH",12201,302196.1
2024-03-07,"Hoses & Bellows",14205,210993.89
2024-03-07,"Other Automotive",11633,106131.86
2024-03-07,"Powertrain Mounts",4801,274596.76
2024-03-07,"Sealing",88043,277645.29
2024-03-08,"Cable Protection",21534,139607.56
2024-03-08,"Chassis NVH",10998,263419.71
2024-03-08,"Hoses & Bellows",12901,190327.2
2024-03-08,"Other Automotive",10041,90200.1
2024-03-08,"Powertrain Mounts",4547,261156.79
2024-03-08,"Sealing",78920,242275.26
2024-03-09,"Cable Protection",4005,26330.8
2024-03-09,"Chassis NVH",3428,83030.48
2024-03-09,"Hoses & Bellows",4271,62762.41
2024-03-09,"Other Automotive",2641,24589.24
2024-03-09,"Powertrain Mounts",1364,78203
2024-03-09,"Sealing",18602,59249.18
2024-03-10,"Cable Protection",2307,15327.02
2024-03-10,"Chassis NVH",2545,62095.38
2024-03-10,"Hoses & Bellows",3255,49764.92
2024-03-10,"Other Automotive",1857,16715.08
2024-03-10,"Powertrain Mounts",994,59060.84
2024-03-10,"Sealing",10442,32533.67
2024-03-11,"Cable Protection",22899,151280.63
2024-03-11,"Chassis NVH",11501,271405.67
2024-03-11,"Hoses & Bellows",14112,211739.61
2024-03-11,"Other Automotive",11657,107044.17
2024-03-11,"Powertrain Mounts",4802,277837.43
2024-03-11,"Sealing",80238,254196.06
2024-03-12,"Cable Protection",22041,140430.99
2024-03-12,"Chassis NVH",11867,285084.32
2024-03-12,"Hoses & Bellows",14499,215285.75
2024-03-12,"Other Automotive",12117,105982.81
2024-03-12,"Powertrain Mounts",5004,285385.27
2024-03-12,"Sealing",82654,259858.68
2024-03-13,"Cable Protection",25015,163332.52
2024-03-13,"Chassis NVH",12310,286511.3
2024-03-13,"Hoses & Bellows",15341,235559.07
2024-03-13,"Other Automotive",13032,118741.59
2024-03-13,"Powertrain Mounts",5086,292969.19
2024-03-13,"Sealing",84251,269974.41
2024-03-14,"Cable Protection",25581,165275.94
2024-03-14,"Chassis NVH",11602,278289.48
2024-03-14,"Hoses & Bellows",14423,213453.31
2024-03-14,"Other Automotive",11666,100620.73
2024-03-14,"Powertrain Mounts",4914,293819.78
2024-03-14,"Sealing",94928,300472.79
2024-03-15,"Cable Protection",22906,150346.1
2024-03-15,"Chassis NVH",9957,240717.28
2024-03-15,"Hoses & Bellows",12785,199494.94
2024-03-15,"Other Automotive",10997,97778.87
2024-03-15,"Powertrain Mounts",4394,252929.82
2024-03-15,"Sealing",86169,276970.87
2024-03-16,"Cable Protection",4285,27875.86
2024-03-16,"Chassis NVH",3160,75073.41
2024-03-16,"Hoses & Bellows",4091,61783.37
2024-03-16,"Other Automotive",2698,23540.74
2024-03-16,"Powertrain Mounts",1183,68783.58
2024-03-16,"Sealing",18821,59337.62
2024-03-17,"Cable Protection",2174,14370.28
2024-03-17,"Chassis NVH",2505,59758.72
2024-03-17,"Hoses & Bellows",3238,48030.68
2024-03-17,"Other Automotive",1973,18335.75
2024-03-17,"Powertrain Mounts",992,57249.27
2024-03-17,"Sealing",11260,36642.67
2024-03-18,"Cable Protection",21445,142485.75
2024-03-18,"Chassis NVH",9888,234473.12
2024-03-18,"Hoses & Bellows",13273,201323.07
2024-03-18,"Other Automotive",11520,106501.83
2024-03-18,"Powertrain Mounts",4575,268646.14
2024-03-18,"Sealing",86969,279121.92
2024-03-19,"Cable Protection",22357,146107.35
2024-03-19,"Chassis NVH",10938,263694.72
2024-03-19,"Hoses & Bellows",13353,201009.05
2024-03-19,"Other Automotive",11922,108938.11
2024-03-19,"Powertrain Mounts",4732,278492.16
2024-03-19,"Sealing",90761,283547.13
2024-03-20,"Cable Protection",23742,157368.6
2024-03-20,"Chassis NVH",11545,276783.77
2024-03-20,"Hoses & Bellows",14517,221073.83
2024-03-20,"Other Automotive",11891,104899.55
2024-03-20,"Powertrain Mounts",4609,268916.35
2024-03-20,"Sealing",89140,284337.74
2024-03-21,"Cable Protection",23406,154216.63
2024-03-21,"Chassis NVH",10555,245388.64
2024-03-21,"Hoses & Bellows",14228,213314.74
2024-03-21,"Other Automotive",11130,101363.62
2024-03-21,"Powertrain Mounts",4400,254448.14
2024-03-21,"Sealing",85113,267893.02
2024-03-22,"Cable Protection",20591,130200.04
2024-03-22,"Chassis NVH",9511,220918.4
2024-03-22,"Hoses & Bellows",13854,211032.38
2024-03-22,"Other Automotive",9503,85794.25
2024-03-22,"Powertrain Mounts",4324,258656.58
2024-03-22,"Sealing",76021,249539.88
2024-03-23,"Cable Protection",3722,23508.54
2024-03-23,"Chassis NVH",3248,75823.94
2024-03-23,"Hoses & Bellows",4545,67056.07
2024-03-23,"Other Automotive",2395,21681.26
2024-03-23,"Powertrain Mounts",1306,76652.1
2024-03-23,"Sealing",16555,53834.44
2024-03-24,"Cable Protection",2169,14416.37
2024-03-24,"Chassis NVH",2593,60870.99
2024-03-24,"Hoses & Bellows",3471,52628.95
2024-03-24,"Other Automotive",1760,16263.5
2024-03-24,"Powertrain Mounts",1061,60964.31
2024-03-24,"Sealing",10982,35506.6
2024-03-25,"Cable Protection",19663,129653.36
2024-03-25,"Chassis NVH",10101,244539.82
2024-03-25,"Hoses & Bellows",12388,184074.13
2024-03-25,"Other Automotive",9743,87821.4
2024-03-25,"Powertrain Mounts",4426,255920.09
2024-03-25,"Sealing",73239,232968.03
2024-03-26,"Cable Protection",18487,121812.11
2024-03-26,"Chassis NVH",9568,234988.67
2024-03-26,"Hoses & Bellows",13302,194743.19
2024-03-26,"Other Automotive",9901,86874.5
2024-03-26,"Powertrain Mounts",4577,267769.95
2024-03-26,"Sealing",77557,244921.15
2024-03-27,"Cable Protection",20446,131044.84
2024-03-27,"Chassis NVH",9893,236670.78
2024-03-27,"Hoses & Bellows",13750,207860.62
2024-03-27,"Other Automotive",10887,97607.38
2024-03-27,"Powertrain Mounts",4498,260777.32
2024-03-27,"Sealing",74951,242497.4
2024-03-28,"Cable Protection",4494,28761.44
2024-03-28,"Chassis NVH",3673,90736.22
2024-03-28,"Hoses & Bellows",4911,74823.88
2024-03-28,"Other Automotive",3134,28836.84
2024-03-28,"Powertrain Mounts",1474,87830.14
2024-03-28,"Sealing",19990,62266.17
2024-03-29,"Cable Protection",21072,134402.54
2024-03-29,"Chassis NVH",9803,240288.44
2024-03-29,"Hoses & Bellows",13744,204524.47
2024-03-29,"Other Automotive",11323,99326.48
2024-03-29,"Powertrain Mounts",4663,279815.97
2024-03-29,"Sealing",79937,259057.35
2024-03-30,"Cable Protection",1765,10906.08
2024-03-30,"Chassis NVH",2463,58483.54
2024-03-30,"Hoses & Bellows",3112,46711.69
2024-03-30,"Other Automotive",1657,14909.94
2024-03-30,"Powertrain Mounts",878,49355.19
2024-03-30,"Sealing",10037,32082.54
2024-03-31,"Cable Protection",1859,12035.06
2024-03-31,"Chassis NVH",2491,60193.79
2024-03-31,"Hoses & Bellows",3455,52872.57
2024-03-31,"Other Automotive",1751,15659.63
2024-03-31,"Powertrain Mounts",987,57853.78
2024-03-31,"Sealing",10988,36711.13
2024-04-01,"Cable Protection",23499,152539.51
2024-04-01,"Chassis NVH",10945,258282.15
2024-04-01,"Hoses & Bellows",15634,235430.31
2024-04-01,"Other Automotive",11246,102404.08
2024-04-01,"Powertrain Mounts",5238,305457.2
2024-04-01,"Sealing",87156,279295.94
2024-04-02,"Cable Protection",21459,138392.79
2024-04-02,"Chassis NVH",10276,250350.94
2024-04-02,"Hoses & Bellows",14351,214029.32
2024-04-02,"Other Automotive",11655,105525.35
2024-04-02,"Powertrain Mounts",5173,304886.34
2024-04-02,"Sealing",90264,293976.2
2024-04-03,"Cable Protection",21509,139203.06
2024-04-03,"Chassis NVH",9863,232097.36
2024-04-03,"Hoses & Bellows",14600,221490.61
2024-04-03,"Other Automotive",11525,104714.67
2024-04-03,"Powertrain Mounts",5344,305553
2024-04-03,"Sealing",91279,287755.01
2024-04-04,"Cable Protection",22039,144982.21
2024-04-04,"Chassis NVH",10240,245025.73
2024-04-04,"Hoses & Bellows",14400,219954.3
2024-04-04,"Other Automotive",11262,102390.47
2024-04-04,"Powertrain Mounts",4702,275219.36
2024-04-04,"Sealing",86175,287987.88
2024-04-05,"Cable Protection",22047,142526.24
2024-04-05,"Chassis NVH",11142,273357.06
2024-04-05,"Hoses & Bellows",13687,201432.9
2024-04-05,"Other Automotive",11018,96682.3
2024-04-05,"Powertrain Mounts",4043,229783.17
2024-04-05,"Sealing",81253,254551.8
2024-04-06,"Cable Protection",4223,27054.62
2024-04-06,"Chassis NVH",3227,77820.91
2024-04-06,"Hoses & Bellows",4659,69530.23
2024-04-06,"Other Automotive",2894,25736
2024-04-06,"Powertrain Mounts",1425,81026.92
2024-04-06,"Sealing",17601,56288.76
2024-04-07,"Cable Protection",2360,15830.06
2024-04-07,"Chassis NVH",2599,63955.25
2024-04-07,"Hoses & Bellows",3581,53621.44
2024-04-07,"Other Automotive",1894,16852.02
2024-04-07,"Powertrain Mounts",1081,62427.67
2024-04-07,"Sealing",10802,34525.54
2024-04-08,"Cable Protection",26463,174983.03
2024-04-08,"Chassis NVH",11792,287581.83
2024-04-08,"Hoses & Bellows",14868,224978.36
2024-04-08,"Other Automotive",12068,105458.27
2024-04-08,"Powertrain Mounts",5321,313429.42
2024-04-08,"Sealing",89137,284015.36
2024-04-09,"Cable Protection",24593,161173.66
2024-04-09,"Chassis NVH",12547,298814.26
2024-04-09,"Hoses & Bellows",16260,236153.79
2024-04-09,"Other Automotive",12611,117801.97
2024-04-09,"Powertrain Mounts",5450,320902.72
2024-04-09,"Sealing",83115,267525.82
2024-04-10,"Cable Protection",24135,155091.02
2024-04-10,"Chassis NVH",12316,297293.67
2024-04-10,"Hoses & Bellows",17061,251874.61
2024-04-10,"Other Automotive",12811,114829.56
2024-04-10,"Powertrain Mounts",5043,285487.6
2024-04-10,"Sealing",92667,294658.79
2024-04-11,"Cable Protection",24524,154869.84
2024-04-11,"Chassis NVH",12032,287296.96
2024-04-11,"Hoses & Bellows",17157,256037.66
2024-04-11,"Other Automotive",13066,115220.7
2024-04-11,"Powertrain Mounts",5307,315573.33
2024-04-11,"Sealing",89032,289201.48
2024-04-12,"Cable Protection",21816,145122.06
2024-04-12,"Chassis NVH",10612,243319.3
2024-04-12,"Hoses & Bellows",16695,249842.29
2024-04-12,"Other Automotive",12388,113266.68
2024-04-12,"Powertrain Mounts",4578,266498.73
2024-04-12,"Sealing",85028,268936.88
2024-04-13,"Cable Protection",4521,29037.68
2024-04-13,"Chassis NVH",3612,84272.28
2024-04-13,"Hoses & Bellows",5084,76594.18
2024-04-13,"Other Automotive",3072,27287.77
2024-04-13,"Powertrain Mounts",1372,80604.69
2024-04-13,"Sealing",18437,58804.8
2024-04-14,"Cable Protection",2289,15008.8
2024-04-14,"Chassis NVH",2785,67869.22
2024-04-14,"Hoses & Bellows",3913,56415.57
2024-04-14,"Other Automotive",1896,16692.65
2024-04-14,"Powertrain Mounts",1056,59667.06
2024-04-14,"Sealing",10714,34745.18
2024-04-15,"Cable Protection",24151,154729.02
2024-04-15,"Chassis NVH",12110,289707.07
2024-04-15,"Hoses & Bellows",16738,253619.59
2024-04-15,"Other Automotive",12155,110863.71
2024-04-15,"Powertrain Mounts",5048,301106.57
2024-04-15,"Sealing",90110,288021.18
2024-04-16,"Cable Protection",24589,160204.21
2024-04-16,"Chassis NVH",13341,314295.36
2024-04-16,"Hoses & Bellows",17116,254109.83
2024-04-16,"Other Automotive",12984,116847.83
2024-04-16,"Powertrain Mounts",5482,316674.49
2024-04-16,"Sealing",87274,279304.83
2024-04-17,"Cable Protection",25101,167634.71
2024-04-17,"Chassis NVH",12056,289819.27
2024-04-17,"Hoses & Bellows",16842,254703.61
2024-04-17,"Other Automotive",13400,123490.58
2024-04-17,"Powertrain Mounts",5263,299043.31
2024-04-17,"Sealing",95157,307306.49
2024-04-18,"Cable Protection",23485,152965.83
2024-04-18,"Chassis NVH",11510,269742.56
2024-04-18,"Hoses & Bellows",15858,237938.18
2024-04-18,"Other Automotive",13173,117135.93
2024-04-18,"Powertrain Mounts",5227,306715.64
2024-04-18,"Sealing",89853,284046.46
2024-04-19,"Cable Protection",20946,138104.46
2024-04-19,"Chassis NVH",11182,271984.4
2024-04-19,"Hoses & Bellows",15331,227274.11
2024-04-19,"Other Automotive",11388,103280.09
2024-04-19,"Powertrain Mounts",5021,292332.76
2024-04-19,"Sealing",82432,278042.7
2024-04-20,"Cable Protection",3824,25034.82
2024-04-20,"Chassis NVH",3476,83133.73
2024-04-20,"Hoses & Bellows",4834,71053.73
2024-04-20,"Other Automotive",2829,26169.95
2024-04-20,"Powertrain Mounts",1347,79104.83
2024-04-20,"Sealing",18837,60526.46
2024-04-21,"Cable Protection",2211,14242.4
2024-04-21,"Chassis NVH",2640,61849.94
2024-04-21,"Hoses & Bellows",3586,54522.66
2024-04-21,"Other Automotive",1882,17183.62
2024-04-21,"Powertrain Mounts",1010,59136.39
2024-04-21,"Sealing",10637,33127.44
2024-04-22,"Cable Protection",24425,160715.14
2024-04-22,"Chassis NVH",10926,257003.55
2024-04-22,"Hoses & Bellows",16448,251827.79
2024-04-22,"Other Automotive",12100,109270.34
2024-04-22,"Powertrain Mounts",5451,316388.78
2024-04-22,"Sealing",88647,294582.12
2024-04-23,"Cable Protection",25234,166462.09
2024-04-23,"Chassis NVH",12350,291824.82
2024-04-23,"Hoses & Bellows",16071,240802.35
2024-04-23,"Other Automotive",12837,117672.84
2024-04-23,"Powertrain Mounts",5248,301965.73
2024-04-23,"Sealing",85564,270728.12
2024-04-24,"Cable Protection",25692,170043.11
2024-04-24,"Chassis NVH",12631,297647.71
2024-04-24,"Hoses & Bellows",16188,244310.05
2024-04-24,"Other Automotive",13566,118864.35
2024-04-24,"Powertrain Mounts",5387,308706.14
2024-04-24,"Sealing",90471,294846.75
2024-04-25,"Cable Protection",23798,155496.24
2024-04-25,"Chassis NVH",12472,300377.08
2024-04-25,"Hoses & Bellows",16945,254786.57
2024-04-25,"Other Automotive",13949,124428.14
2024-04-25,"Powertrain Mounts",5375,310616.77
2024-04-25,"Sealing",84746,260472.62
2024-04-26,"Cable Protection",22687,145828.41
2024-04-26,"Chassis NVH",10987,268578.89
2024-04-26,"Hoses & Bellows",15236,229197.7
2024-04-26,"Other Automotive",11454,102578.33
2024-04-26,"Powertrain Mounts",5145,291530.56
2024-04-26,"Sealing",77688,251657.88
2024-04-27,"Cable Protection",4237,27434.9
2024-04-27,"Chassis NVH",3543,84739.02
2024-04-27,"Hoses & Bellows",4797,73571.31
2024-04-27,"Other Automotive",2871,25855.81
2024-04-27,"Powertrain Mounts",1405,82734.63
2024-04-27,"Sealing",17620,56316.58
2024-04-28,"Cable Protection",2293,14872.41
2024-04-28,"Chassis NVH",2522,60212.25
2024-04-28,"Hoses & Bellows",3699,55316.02
2024-04-28,"Other Automotive",1865,16586.65
2024-04-28,"Powertrain Mounts",1047,60660.33
2024-04-28,"Sealing",10337,32821.15
2024-04-29,"Cable Protection",25311,164975.56
2024-04-29,"Chassis NVH",11510,268238.07
2024-04-29,"Hoses & Bellows",15801,243896.48
2024-04-29,"Other Automotive",12165,108556.9
2024-04-29,"Powertrain Mounts",5181,309542.49
2024-04-29,"Sealing",80184,245178.11
2024-04-30,"Cable Protection",5956,39408.02
2024-04-30,"Chassis NVH",4060,98854.61
2024-04-30,"Hoses & Bellows",5909,87473.56
2024-04-30,"Other Automotive",3539,32258.72
2024-04-30,"Powertrain Mounts",1873,107785.2
2024-04-30,"Sealing",22859,72621.72
2024-05-01,"Cable Protection",21879,136296.13
2024-05-01,"Chassis NVH",9976,244085.57
2024-05-01,"Hoses & Bellows",15186,217950.35
2024-05-01,"Other Automotive",11290,97372.54
2024-05-01,"Powertrain Mounts",5275,297993.28
2024-05-01,"Sealing",79515,252659.51
2024-05-02,"Cable Protection",19228,123264.35
2024-05-02,"Chassis NVH",9931,242710.01
2024-05-02,"Hoses & Bellows",15443,227150.69
2024-05-02,"Other Automotive",10404,94250.82
2024-05-02,"Powertrain Mounts",5021,288128.93
2024-05-02,"Sealing",80116,250929.33
2024-05-03,"Cable Protection",17484,115149.77
2024-05-03,"Chassis NVH",9879,234399.58
2024-05-03,"Hoses & Bellows",14183,209959.31
2024-05-03,"Other Automotive",9792,90179.69
2024-05-03,"Powertrain Mounts",4726,271168.41
2024-05-03,"Sealing",75102,236742.63
2024-05-04,"Cable Protection",3719,24485.02
2024-05-04,"Chassis NVH",3085,75706.19
2024-05-04,"Hoses & Bellows",4446,66457.91
2024-05-04,"Other Automotive",2618,23090.33
2024-05-04,"Powertrain Mounts",1403,82130.55
2024-05-04,"Sealing",17161,55998.9
2024-05-05,"Cable Protection",2084,13652.79
2024-05-05,"Chassis NVH",2330,56630.44
2024-05-05,"Hoses & Bellows",3550,53646.85
2024-05-05,"Other Automotive",1771,16002.95
2024-05-05,"Powertrain Mounts",919,54546.92
2024-05-05,"Sealing",10411,33268.18
2024-05-06,"Cable Protection",21201,138307.02
2024-05-06,"Chassis NVH",9820,223823.89
2024-05-06,"Hoses & Bellows",14388,217991.87
2024-05-06,"Other Automotive",11144,100496.11
2024-05-06,"Powertrain Mounts",4636,264984.51
2024-05-06,"Sealing",78038,248367.67
2024-05-07,"Cable Protection",22500,148207.04
2024-05-07,"Chassis NVH",10413,253811.75
2024-05-07,"Hoses & Bellows",14858,223267.56
2024-05-07,"Other Automotive",11173,100614.82
2024-05-07,"Powertrain Mounts",4872,282457.59
2024-05-07,"Sealing",83427,263604.15
2024-05-08,"Cable Protection",5590,35397.52
2024-05-08,"Chassis NVH",3710,87361.88
2024-05-08,"Hoses & Bellows",5590,83200.13
2024-05-08,"Other Automotive",3246,29397.25
2024-05-08,"Powertrain Mounts",1572,93117.58
2024-05-08,"Sealing",23083,73979.01
2024-05-09,"Cable Protection",21962,147441.44
2024-05-09,"Chassis NVH",11117,267252.28
2024-05-09,"Hoses & Bellows",14247,213850.04
2024-05-09,"Other Automotive",11241,102739.05
2024-05-09,"Powertrain Mounts",5047,285815.89
2024-05-09,"Sealing",82900,261417.26
2024-05-10,"Cable Protection",17894,115973.99
2024-05-10,"Chassis NVH",9669,223964.18
2024-05-10,"Hoses & Bellows",11863,177999.96
2024-05-10,"Other Automotive",9585,85470.27
2024-05-10,"Powertrain Mounts",3972,224412.27
2024-05-10,"Sealing",68952,219821.54
2024-05-11,"Cable Protection",3685,24196.93
2024-05-11,"Chassis NVH",3332,79196.46
2024-05-11,"Hoses & Bellows",4241,63975.62
2024-05-11,"Other Automotive",2528,22040.42
2024-05-11,"Powertrain Mounts",1280,73736.63
2024-05-11,"Sealing",14831,47922.43
2024-05-12,"Cable Protection",2156,14183.69
2024-05-12,"Chassis NVH",2640,63382.22
2024-05-12,"Hoses & Bellows",3572,53138.42
2024-05-12,"Other Automotive",1835,16019.5
2024-05-12,"Powertrain Mounts",985,59144.76
2024-05-12,"Sealing",9996,31780.34
2024-05-13,"Cable Protection",20873,134798.8
2024-05-13,"Chassis NVH",11140,270738.97
2024-05-13,"Hoses & Bellows",14341,213862.68
2024-05-13,"Other Automotive",10772,97066.77
2024-05-13,"Powertrain Mounts",4920,279456.13
2024-05-13,"Sealing",70934,223777.23
2024-05-14,"Cable Protection",20847,137505.87
2024-05-14,"Chassis NVH",12173,294025.48
2024-05-14,"Hoses & Bellows",15037,234284.03
2024-05-14,"Other Automotive",11283,99936.58
2024-05-14,"Powertrain Mounts",5165,307747.43
2024-05-14,"Sealing",79571,259441.59
2024-05-15,"Cable Protection",21384,136412.59
2024-05-15,"Chassis NVH",11819,288394.44
2024-05-15,"Hoses & Bellows",14761,224758.04
2024-05-15,"Other Automotive",10240,93791.07
2024-05-15,"Powertrain Mounts",5250,303553.24
2024-05-15,"Sealing",81137,264408.77
2024-05-16,"Cable Protection",22302,145419.86
2024-05-16,"Chassis NVH",11408,266992.48
2024-05-16,"Hoses & Bellows",15456,236416.23
2024-05-16,"Other Automotive",10001,87765.68
2024-05-16,"Powertrain Mounts",5119,293269.72
2024-05-16,"Sealing",84980,270576.91
2024-05-17,"Cable Protection",19627,126220.62
2024-05-17,"Chassis NVH",10401,246473.92
2024-05-17,"Hoses & Bellows",13758,208439.45
2024-05-17,"Other Automotive",9874,90493.89
2024-05-17,"Powertrain Mounts",4658,271304.06
2024-05-17,"Sealing",75987,245714.66
2024-05-18,"Cable Protection",2054,13343.42
2024-05-18,"Chassis NVH",2533,61190.16
2024-05-18,"Hoses & Bellows",3381,49156.64
2024-05-18,"Other Automotive",1716,15627.72
2024-05-18,"Powertrain Mounts",964,55287.87
2024-05-18,"Sealing",9898,31968.94
2024-05-19,"Cable Protection",2266,14902.87
2024-05-19,"Chassis NVH",2533,61439.85
2024-05-19,"Hoses & Bellows",3393,50956.83
2024-05-19,"Other Automotive",1691,15301.85
2024-05-19,"Powertrain Mounts",1025,59439.68
2024-05-19,"Sealing",10560,33405.99
2024-05-20,"Cable Protection",22308,142357.46
2024-05-20,"Chassis NVH",10603,255389.36
2024-05-20,"Hoses & Bellows",14164,216801.14
2024-05-20,"Other Automotive",10206,91458.16
2024-05-20,"Powertrain Mounts",4913,283072.7
2024-05-20,"Sealing",75729,239151.53
2024-05-21,"Cable Protection",20489,135259.73
2024-05-21,"Chassis NVH",11219,271727.17
2024-05-21,"Hoses & Bellows",13592,201770
2024-05-21,"Other Automotive",10230,89235.77
2024-05-21,"Powertrain Mounts",4485,262869.52
2024-05-21,"Sealing",70919,235889.23
2024-05-22,"Cable Protection",22454,147191.68
2024-05-22,"Chassis NVH",12543,300374.2
2024-05-22,"Hoses & Bellows",15050,228546.61
2024-05-22,"Other Automotive",11432,104360.24
2024-05-22,"Powertrain Mounts",5012,290097.7
2024-05-22,"Sealing",78742,254624.73
2024-05-23,"Cable Protection",22142,145482.69
2024-05-23,"Chassis NVH",12059,293860.1
2024-05-23,"Hoses & Bellows",14915,217477.1
2024-05-23,"Other Automotive",11371,101525.33
2024-05-23,"Powertrain Mounts",4597,255448.73
2024-05-23,"Sealing",80351,262907.48
2024-05-24,"Cable Protection",20523,134275.39
2024-05-24,"Chassis NVH",10160,245660.32
2024-05-24,"Hoses & Bellows",13298,201981.82
2024-05-24,"Other Automotive",10109,88072.97
2024-05-24,"Powertrain Mounts",4158,240840.47
2024-05-24,"Sealing",75974,248690.55
2024-05-25,"Cable Protection",4142,27051.68
2024-05-25,"Chassis NVH",3135,74717.4
2024-05-25,"Hoses & Bellows",4270,64255.97
2024-05-25,"Other Automotive",2657,23837.43
2024-05-25,"Powertrain Mounts",1335,77883.98
2024-05-25,"Sealing",19299,62369.13
2024-05-26,"Cable Protection",2226,14175.12
2024-05-26,"Chassis NVH",2547,60042.43
2024-05-26,"Hoses & Bellows",3678,53729.25
2024-05-26,"Other Automotive",1706,15352.2
2024-05-26,"Powertrain Mounts",966,55422.79
2024-05-26,"Sealing",12466,40805.8
2024-05-27,"Cable Protection",21220,132410.32
2024-05-27,"Chassis NVH",10703,253348.09
2024-05-27,"Hoses & Bellows",14634,205468.15
2024-05-27,"Other Automotive",9954,92074.17
2024-05-27,"Powertrain Mounts",4381,246188.49
2024-05-27,"Sealing",85283,268519.94
2024-05-28,"Cable Protection",21647,142644.3
2024-05-28,"Chassis NVH",11429,273186.55
2024-05-28,"Hoses & Bellows",14718,222783.37
2024-05-28,"Other Automotive",10800,96014.22
2024-05-28,"Powertrain Mounts",4653,276089.24
2024-05-28,"Sealing",85554,270574.56
2024-05-29,"Cable Protection",22193,136507.66
2024-05-29,"Chassis NVH",11187,262933.95
2024-05-29,"Hoses & Bellows",14475,216641.83
2024-05-29,"Other Automotive",10810,97901.73
2024-05-29,"Powertrain Mounts",4859,276283.76
2024-05-29,"Sealing",86018,269647.71
2024-05-30,"Cable Protection",20282,129874
2024-05-30,"Chassis NVH",11170,263294.43
2024-05-30,"Hoses & Bellows",14811,223027.15
2024-05-30,"Other Automotive",9668,86941.9
2024-05-30,"Powertrain Mounts",4611,257309.89
2024-05-30,"Sealing",77790,248854.95
2024-05-31,"Cable Protection",18686,125436.41
2024-05-31,"Chassis NVH",9574,237185.91
2024-05-31,"Hoses & Bellows",13326,195219.51
2024-05-31,"Other Automotive",9536,84752.94
2024-05-31,"Powertrain Mounts",4300,249629.82
2024-05-31,"Sealing",69813,228723.06
2024-06-01,"Cable Protection",3997,25966.2
2024-06-01,"Chassis NVH",3049,71851.94
2024-06-01,"Hoses & Bellows",5088,74938.11
2024-06-01,"Other Automotive",2774,24744.82
2024-06-01,"Powertrain Mounts",1271,74339.05
2024-06-01,"Sealing",17492,54400.09
2024-06-02,"Cable Protection",2149,13815.54
2024-06-02,"Chassis NVH",2556,61152.27
2024-06-02,"Hoses & Bellows",3648,56001.03
2024-06-02,"Other Automotive",1846,16580.88
2024-06-02,"Powertrain Mounts",985,58038.65
2024-06-02,"Sealing",11116,34354.6
2024-06-03,"Cable Protection",22019,145160.54
2024-06-03,"Chassis NVH",10125,241226.57
2024-06-03,"Hoses & Bellows",15992,238799.93
2024-06-03,"Other Automotive",11716,105200.53
2024-06-03,"Powertrain Mounts",4611,262149.43
2024-06-03,"Sealing",85232,272589.6
2024-06-04,"Cable Protection",22218,145932.84
2024-06-04,"Chassis NVH",10447,248548.04
2024-06-04,"Hoses & Bellows",17528,258925.07
2024-06-04,"Other Automotive",12957,114155.31
2024-06-04,"Powertrain Mounts",5084,286442.26
2024-06-04,"Sealing",87227,271962.58
2024-06-05,"Cable Protection",23525,157998.82
2024-06-05,"Chassis NVH",10762,263052.29
2024-06-05,"Hoses & Bellows",16018,238407.68
2024-06-05,"Other Automotive",13256,120874.62
2024-06-05,"Powertrain Mounts",5226,300436.55
2024-06-05,"Sealing",85134,275376.79
2024-06-06,"Cable Protection",22648,150067.39
2024-06-06,"Chassis NVH",10885,253244.23
2024-06-06,"Hoses & Bellows",16781,247624.1
2024-06-06,"Other Automotive",12350,110591.61
2024-06-06,"Powertrain Mounts",4665,269438.72
2024-06-06,"Sealing",88060,282622.14
2024-06-07,"Cable Protection",20889,135490
2024-06-07,"Chassis NVH",10264,250792.82
2024-06-07,"Hoses & Bellows",14903,227405.4
2024-06-07,"Other Automotive",10820,99900.16
2024-06-07,"Powertrain Mounts",4890,281129.82
2024-06-07,"Sealing",87224,277591.46
2024-06-08,"Cable Protection",4178,26388.81
2024-06-08,"Chassis NVH",3329,77790.45
2024-06-08,"Hoses & Bellows",4740,69672.17
2024-06-08,"Other Automotive",2800,26360.89
2024-06-08,"Powertrain Mounts",1453,83634.9
2024-06-08,"Sealing",19056,61813.61
2024-06-09,"Cable Protection",2148,14253.29
2024-06-09,"Chassis NVH",2542,62807.14
2024-06-09,"Hoses & Bellows",3509,51929.05
2024-06-09,"Other Automotive",2072,18240.41
2024-06-09,"Powertrain Mounts",993,57022.68
2024-06-09,"Sealing",11369,36175.29
2024-06-10,"Cable Protection",22213,137059.89
2024-06-10,"Chassis NVH",11392,282395.14
2024-06-10,"Hoses & Bellows",15024,226375.54
2024-06-10,"Other Automotive",11369,99981.69
2024-06-10,"Powertrain Mounts",5038,293345.2
2024-06-10,"Sealing",87112,273403.19
2024-06-11,"Cable Protection",23946,157398.09
2024-06-11,"Chassis NVH",11559,281002.08
2024-06-11,"Hoses & Bellows",15877,241736.92
2024-06-11,"Other Automotive",11886,106022.28
2024-06-11,"Powertrain Mounts",5182,293786.68
2024-06-11,"Sealing",92071,291495.82
2024-06-12,"Cable Protection",23855,153543.37
2024-06-12,"Chassis NVH",11969,297377.63
2024-06-12,"Hoses & Bellows",15678,233496.55
2024-06-12,"Other Automotive",11505,101743.44
2024-06-12,"Powertrain Mounts",5294,303448.62
2024-06-12,"Sealing",90559,286337.09
2024-06-13,"Cable Protection",23600,150394.24
2024-06-13,"Chassis NVH",11482,277753.41
2024-06-13,"Hoses & Bellows",15315,229320.22
2024-06-13,"Other Automotive",11141,102215.11
2024-06-13,"Powertrain Mounts",5221,296033.8
2024-06-13,"Sealing",91084,292340.68
2024-06-14,"Cable Protection",21097,139316.08
2024-06-14,"Chassis NVH",9971,245035.29
2024-06-14,"Hoses & Bellows",13973,207800.48
2024-06-14,"Other Automotive",9970,88886.47
2024-06-14,"Powertrain Mounts",4472,261253.76
2024-06-14,"Sealing",80817,261934.04
2024-06-15,"Cable Protection",3862,25503.72
2024-06-15,"Chassis NVH",3358,81571.99
2024-06-15,"Hoses & Bellows",5033,75861.98
2024-06-15,"Other Automotive",2493,21698.7
2024-06-15,"Powertrain Mounts",1346,79219.58
2024-06-15,"Sealing",17662,55753.05
2024-06-16,"Cable Protection",2267,14494.56
2024-06-16,"Chassis NVH",2401,55434.62
2024-06-16,"Hoses & Bellows",3737,54519.86
2024-06-16,"Other Automotive",1852,16893
2024-06-16,"Powertrain Mounts",976,55908.48
2024-06-16,"Sealing",11147,35115.85
2024-06-17,"Cable Protection",24150,154021.52
2024-06-17,"Chassis NVH",10488,251005.78
2024-06-17,"Hoses & Bellows",15781,235585.37
2024-06-17,"Other Automotive",11256,101966.84
2024-06-17,"Powertrain Mounts",4629,264064.17
2024-06-17,"Sealing",88618,283924.27
2024-06-18,"Cable Protection",25484,164574.66
2024-06-18,"Chassis NVH",11020,263461.85
2024-06-18,"Hoses & Bellows",16519,239499.75
2024-06-18,"Other Automotive",12102,109307.08
2024-06-18,"Powertrain Mounts",5187,287974.8
2024-06-18,"Sealing",89132,281082.13
2024-06-19,"Cable Protection",25384,165568.69
2024-06-19,"Chassis NVH",10860,264592.94
2024-06-19,"Hoses & Bellows",16743,253683.5
2024-06-19,"Other Automotive",11987,109253.25
2024-06-19,"Powertrain Mounts",4981,301080.2
2024-06-19,"Sealing",87974,288433.52
2024-06-20,"Cable Protection",24827,162892.57
2024-06-20,"Chassis NVH",10444,250106.19
2024-06-20,"Hoses & Bellows",15664,226281.93
2024-06-20,"Other Automotive",11406,102399.88
2024-06-20,"Powertrain Mounts",4660,279258.19
2024-06-20,"Sealing",86716,276662.56
2024-06-21,"Cable Protection",22086,146745.98
2024-06-21,"Chassis NVH",10316,243626.2
2024-06-21,"Hoses & Bellows",14303,216759.22
2024-06-21,"Other Automotive",10862,95482.09
2024-06-21,"Powertrain Mounts",5007,294686.68
2024-06-21,"Sealing",78627,254845.33
2024-06-22,"Cable Protection",3820,24674.94
2024-06-22,"Chassis NVH",2997,71141.47
2024-06-22,"Hoses & Bellows",4473,67637.69
2024-06-22,"Other Automotive",2844,25582.61
2024-06-22,"Powertrain Mounts",1432,84897.69
2024-06-22,"Sealing",17567,55895.37
2024-06-23,"Cable Protection",2154,14280.82
2024-06-23,"Chassis NVH",2460,58716.73
2024-06-23,"Hoses & Bellows",3539,51725.57
2024-06-23,"Other Automotive",1963,17574.12
2024-06-23,"Powertrain Mounts",1030,59664.22
2024-06-23,"Sealing",11274,36067.78
2024-06-24,"Cable Protection",21457,141158.58
2024-06-24,"Chassis NVH",10317,247746.64
2024-06-24,"Hoses & Bellows",14035,213064.46
2024-06-24,"Other Automotive",11252,100173.7
2024-06-24,"Powertrain Mounts",4384,250534.98
2024-06-24,"Sealing",72313,236467.71
2024-06-25,"Cable Protection",21779,140353.99
2024-06-25,"Chassis NVH",10309,247887.46
2024-06-25,"Hoses & Bellows",15362,231750.11
2024-06-25,"Other Automotive",11813,105007.11
2024-06-25,"Powertrain Mounts",4479,254533.83
2024-06-25,"Sealing",79827,258243.05
2024-06-26,"Cable Protection",22495,147317.27
2024-06-26,"Chassis NVH",9783,237381.37
2024-06-26,"Hoses & Bellows",15742,238109.57
2024-06-26,"Other Automotive",11745,107625.29
2024-06-26,"Powertrain Mounts",4323,255654.18
2024-06-26,"Sealing",76135,242610.32
2024-06-27,"Cable Protection",21475,138704.31
2024-06-27,"Chassis NVH",9371,222288.38
2024-06-27,"Hoses & Bellows",14840,222203.48
2024-06-27,"Other Automotive",11854,104515.05
2024-06-27,"Powertrain Mounts",4505,255731.37
2024-06-27,"Sealing",76097,240600.09
2024-06-28,"Cable Protection",20161,132177.89
2024-06-28,"Chassis NVH",9009,223362.17
2024-06-28,"Hoses & Bellows",13595,203136.94
2024-06-28,"Other Automotive",10313,93273.35
2024-06-28,"Powertrain Mounts",4307,249304.37
2024-06-28,"Sealing",73349,235368.33
2024-06-29,"Cable Protection",4070,25918.32
2024-06-29,"Chassis NVH",3210,75944.63
2024-06-29,"Hoses & Bellows",4739,70579.1
2024-06-29,"Other Automotive",2522,22811.65
2024-06-29,"Powertrain Mounts",1367,78796.57
2024-06-29,"Sealing",16642,53200.18
2024-06-30,"Cable Protection",2185,14490.82
2024-06-30,"Chassis NVH",2410,58038.47
2024-06-30,"Hoses & Bellows",3654,53308.23
2024-06-30,"Other Automotive",1778,16063.29
2024-06-30,"Powertrain Mounts",1062,61121.14
2024-06-30,"Sealing",11010,35143.75
2024-07-01,"Cable Protection",19620,125593.93
2024-07-01,"Chassis NVH",9374,232405.17
2024-07-01,"Hoses & Bellows",13630,205551.06
2024-07-01,"Other Automotive",9428,86699.64
2024-07-01,"Powertrain Mounts",4217,238449.32
2024-07-01,"Sealing",74405,237974.93
2024-07-02,"Cable Protection",21490,139485.69
2024-07-02,"Chassis NVH",9454,219452.77
2024-07-02,"Hoses & Bellows",14138,217762.58
2024-07-02,"Other Automotive",9980,90063.63
2024-07-02,"Powertrain Mounts",4709,269876.19
2024-07-02,"Sealing",76317,237663.53
2024-07-03,"Cable Protection",21407,139027.29
2024-07-03,"Chassis NVH",9861,235740.58
2024-07-03,"Hoses & Bellows",14212,214303.13
2024-07-03,"Other Automotive",10272,93452.74
2024-07-03,"Powertrain Mounts",4701,262974.43
2024-07-03,"Sealing",78858,254000.06
2024-07-04,"Cable Protection",18563,117355.48
2024-07-04,"Chassis NVH",9573,223956.93
2024-07-04,"Hoses & Bellows",13057,198602.08
2024-07-04,"Other Automotive",11509,105172.64
2024-07-04,"Powertrain Mounts",4656,271207.57
2024-07-04,"Sealing",75127,239325.84
2024-07-05,"Cable Protection",18749,120965.71
2024-07-05,"Chassis NVH",8872,210710.27
2024-07-05,"Hoses & Bellows",12274,186396.67
2024-07-05,"Other Automotive",10019,89777.41
2024-07-05,"Powertrain Mounts",4212,241079.42
2024-07-05,"Sealing",69641,228029.97
2024-07-06,"Cable Protection",3650,23869.03
2024-07-06,"Chassis NVH",3081,74813.55
2024-07-06,"Hoses & Bellows",4342,64582.08
2024-07-06,"Other Automotive",2673,23927.19
2024-07-06,"Powertrain Mounts",1359,78272.87
2024-07-06,"Sealing",16417,53593.08
2024-07-07,"Cable Protection",1899,11940.48
2024-07-07,"Chassis NVH",2391,56844.53
2024-07-07,"Hoses & Bellows",3502,50669.03
2024-07-07,"Other Automotive",1960,16944.84
2024-07-07,"Powertrain Mounts",1006,58092.94
2024-07-07,"Sealing",10680,34544.98
2024-07-08,"Cable Protection",17507,115091.31
2024-07-08,"Chassis NVH",9454,226246.16
2024-07-08,"Hoses & Bellows",13581,205211.07
2024-07-08,"Other Automotive",9582,83538.96
2024-07-08,"Powertrain Mounts",4136,237301.59
2024-07-08,"Sealing",70673,224321.65
2024-07-09,"Cable Protection",17979,116655.04
2024-07-09,"Chassis NVH",9503,228257.82
2024-07-09,"Hoses & Bellows",13403,199844.98
2024-07-09,"Other Automotive",11192,103025.08
2024-07-09,"Powertrain Mounts",4487,261716.81
2024-07-09,"Sealing",72367,230338.45
2024-07-10,"Cable Protection",18321,117328.14
2024-07-10,"Chassis NVH",9336,221383.14
2024-07-10,"Hoses & Bellows",13769,213461.01
2024-07-10,"Other Automotive",10402,92279.77
2024-07-10,"Powertrain Mounts",4512,261823.54
2024-07-10,"Sealing",73510,236180.03
2024-07-11,"Cable Protection",18589,120159.09
2024-07-11,"Chassis NVH",9974,242824.26
2024-07-11,"Hoses & Bellows",14491,218909.01
2024-07-11,"Other Automotive",9968,91244.14
2024-07-11,"Powertrain Mounts",4310,251123.77
2024-07-11,"Sealing",74669,243314.36
2024-07-12,"Cable Protection",20388,133137.23
2024-07-12,"Chassis NVH",8347,198073.02
2024-07-12,"Hoses & Bellows",13300,204686.91
2024-07-12,"Other Automotive",9027,81317.99
2024-07-12,"Powertrain Mounts",3975,228927.95
2024-07-12,"Sealing",71655,225115.55
2024-07-13,"Cable Protection",3471,22390.83
2024-07-13,"Chassis NVH",3102,71873.56
2024-07-13,"Hoses & Bellows",4759,72702.4
2024-07-13,"Other Automotive",2619,23078.48
2024-07-13,"Powertrain Mounts",1274,73698.49
2024-07-13,"Sealing",17164,53997.17
2024-07-14,"Cable Protection",2124,13724.46
2024-07-14,"Chassis NVH",2691,64241.51
2024-07-14,"Hoses & Bellows",3518,53907.92
2024-07-14,"Other Automotive",1771,15690
2024-07-14,"Powertrain Mounts",937,54132.39
2024-07-14,"Sealing",11169,36516.37
2024-07-15,"Cable Protection",17645,113761.48
2024-07-15,"Chassis NVH",9721,238499.2
2024-07-15,"Hoses & Bellows",12118,179239.42
2024-07-15,"Other Automotive",9674,86715.13
2024-07-15,"Powertrain Mounts",4004,231697.95
2024-07-15,"Sealing",72368,228261.49
2024-07-16,"Cable Protection",19365,124538.12
2024-07-16,"Chassis NVH",10263,258396.4
2024-07-16,"Hoses & Bellows",13060,200040.98
2024-07-16,"Other Automotive",10359,94138.56
2024-07-16,"Powertrain Mounts",4358,257311.66
2024-07-16,"Sealing",73133,233279.93
2024-07-17,"Cable Protection",19432,130211.76
2024-07-17,"Chassis NVH",10597,252201.97
2024-07-17,"Hoses & Bellows",13538,203203.03
2024-07-17,"Other Automotive",10259,91693.34
2024-07-17,"Powertrain Mounts",4118,245601.02
2024-07-17,"Sealing",72652,236017.39
2024-07-18,"Cable Protection",18208,121141.2
2024-07-18,"Chassis NVH",10535,255497.2
2024-07-18,"Hoses & Bellows",12487,186603.79
2024-07-18,"Other Automotive",9250,84887.12
2024-07-18,"Powertrain Mounts",4109,235250.43
2024-07-18,"Sealing",69178,227572.76
2024-07-19,"Cable Protection",17010,108416.02
2024-07-19,"Chassis NVH",9743,230518.09
2024-07-19,"Hoses & Bellows",12000,180504.34
2024-07-19,"Other Automotive",8716,79785.18
2024-07-19,"Powertrain Mounts",3809,214663.72
2024-07-19,"Sealing",64598,202255.74
2024-07-20,"Cable Protection",2823,18859.35
2024-07-20,"Chassis NVH",2901,71682.77
2024-07-20,"Hoses & Bellows",3801,57407.45
2024-07-20,"Other Automotive",2015,17996.85
2024-07-20,"Powertrain Mounts",1085,61799.58
2024-07-20,"Sealing",12393,39121.41
2024-07-21,"Cable Protection",1913,12062.86
2024-07-21,"Chassis NVH",2360,54944.52
2024-07-21,"Hoses & Bellows",3272,49289.93
2024-07-21,"Other Automotive",1601,14432.84
2024-07-21,"Powertrain Mounts",990,57132.71
2024-07-21,"Sealing",9913,31891.37
2024-07-22,"Cable Protection",12944,84804.18
2024-07-22,"Chassis NVH",6203,145756.21
2024-07-22,"Hoses & Bellows",9162,136615.91
2024-07-22,"Other Automotive",6046,53200.76
2024-07-22,"Powertrain Mounts",2922,168088.92
2024-07-22,"Sealing",45432,145814.91
2024-07-23,"Cable Protection",13027,83037.8
2024-07-23,"Chassis NVH",6564,160757.79
2024-07-23,"Hoses & Bellows",9662,143671.17
2024-07-23,"Other Automotive",6430,57985.32
2024-07-23,"Powertrain Mounts",3063,177308.1
2024-07-23,"Sealing",48806,154510.55
2024-07-24,"Cable Protection",13616,90424.6
2024-07-24,"Chassis NVH",6034,143702.74
2024-07-24,"Hoses & Bellows",10157,153293.89
2024-07-24,"Other Automotive",6476,57678.92
2024-07-24,"Powertrain Mounts",2769,163510.39
2024-07-24,"Sealing",47352,151286.03
2024-07-25,"Cable Protection",12765,83247.56
2024-07-25,"Chassis NVH",6759,163696.95
2024-07-25,"Hoses & Bellows",9644,143752.12
2024-07-25,"Other Automotive",6950,62981.45
2024-07-25,"Powertrain Mounts",2782,162276.08
2024-07-25,"Sealing",42826,135872.67
2024-07-26,"Cable Protection",11401,75940.75
2024-07-26,"Chassis NVH",6156,143092.92
2024-07-26,"Hoses & Bellows",8750,132226.48
2024-07-26,"Other Automotive",5783,51764.66
2024-07-26,"Powertrain Mounts",2689,153560.63
2024-07-26,"Sealing",46129,147790.77
2024-07-27,"Cable Protection",2997,19580.92
2024-07-27,"Chassis NVH",2679,62169.75
2024-07-27,"Hoses & Bellows",3881,57671.1
2024-07-27,"Other Automotive",2191,20205.95
2024-07-27,"Powertrain Mounts",1126,65459.47
2024-07-27,"Sealing",13920,46829.21
2024-07-28,"Cable Protection",2025,13473.9
2024-07-28,"Chassis NVH",2317,56089.43
2024-07-28,"Hoses & Bellows",3500,54144.75
2024-07-28,"Other Automotive",1716,15036.39
2024-07-28,"Powertrain Mounts",887,51403.39
2024-07-28,"Sealing",10661,34171.55
2024-07-29,"Cable Protection",11976,77905.35
2024-07-29,"Chassis NVH",6091,145028.48
2024-07-29,"Hoses & Bellows",9341,140541.02
2024-07-29,"Other Automotive",6585,59211.82
2024-07-29,"Powertrain Mounts",2753,155393.93
2024-07-29,"Sealing",46448,146725.4
2024-07-30,"Cable Protection",12198,77399.59
2024-07-30,"Chassis NVH",5978,144166.02
2024-07-30,"Hoses & Bellows",9770,150251.99
2024-07-30,"Other Automotive",6290,55251.18
2024-07-30,"Powertrain Mounts",3065,176076.06
2024-07-30,"Sealing",45162,141977.51
2024-07-31,"Cable Protection",12248,79640.55
2024-07-31,"Chassis NVH",6636,159118.15
2024-07-31,"Hoses & Bellows",9315,138412.4
2024-07-31,"Other Automotive",6686,59847.27
2024-07-31,"Powertrain Mounts",2940,169061.39
2024-07-31,"Sealing",44740,144991.71
2024-08-01,"Cable Protection",13179,89234.37
2024-08-01,"Chassis NVH",6745,163788.24
2024-08-01,"Hoses & Bellows",8432,130463.19
2024-08-01,"Other Automotive",6814,60029.21
2024-08-01,"Powertrain Mounts",2760,154551.24
2024-08-01,"Sealing",39601,127405.92
2024-08-02,"Cable Protection",12013,76690.55
2024-08-02,"Chassis NVH",6038,142381.18
2024-08-02,"Hoses & Bellows",7298,110675.23
2024-08-02,"Other Automotive",5806,52544.56
2024-08-02,"Powertrain Mounts",2473,146827.92
2024-08-02,"Sealing",38355,117435.02
2024-08-03,"Cable Protection",3107,20764.41
2024-08-03,"Chassis NVH",2795,65507.01
2024-08-03,"Hoses & Bellows",3665,53666.74
2024-08-03,"Other Automotive",2065,18502.88
2024-08-03,"Powertrain Mounts",988,59154.91
2024-08-03,"Sealing",11898,38380.73
2024-08-04,"Cable Protection",2096,13394.46
2024-08-04,"Chassis NVH",2264,53266.65
2024-08-04,"Hoses & Bellows",3130,47710.67
2024-08-04,"Other Automotive",1829,16221.97
2024-08-04,"Powertrain Mounts",831,46163.46
2024-08-04,"Sealing",9565,29981.24
2024-08-05,"Cable Protection",13283,85553.36
2024-08-05,"Chassis NVH",6873,163927.89
2024-08-05,"Hoses & Bellows",9828,148333.65
2024-08-05,"Other Automotive",6461,56850.68
2024-08-05,"Powertrain Mounts",2656,156197.89
2024-08-05,"Sealing",42748,136224.54
2024-08-06,"Cable Protection",13949,90626.98
2024-08-06,"Chassis NVH",7027,165421.09
2024-08-06,"Hoses & Bellows",10090,154989.73
2024-08-06,"Other Automotive",6505,58013.86
2024-08-06,"Powertrain Mounts",3070,184579.57
2024-08-06,"Sealing",42874,136382.72
2024-08-07,"Cable Protection",13805,90013.47
2024-08-07,"Chassis NVH",6758,165702.61
2024-08-07,"Hoses & Bellows",9461,142050.79
2024-08-07,"Other Automotive",7043,63168.4
2024-08-07,"Powertrain Mounts",2687,153439.25
2024-08-07,"Sealing",49017,158954.18
2024-08-08,"Cable Protection",13187,87249.91
2024-08-08,"Chassis NVH",7123,176652.71
2024-08-08,"Hoses & Bellows",10613,155275.79
2024-08-08,"Other Automotive",7329,63996.98
2024-08-08,"Powertrain Mounts",3027,180361.5
2024-08-08,"Sealing",44389,142586.88
2024-08-09,"Cable Protection",12504,80945.76
2024-08-09,"Chassis NVH",6693,165161.58
2024-08-09,"Hoses & Bellows",8733,127497.97
2024-08-09,"Other Automotive",6412,57327.04
2024-08-09,"Powertrain Mounts",2699,157938.48
2024-08-09,"Sealing",41322,134139.44
2024-08-10,"Cable Protection",2867,18651.48
2024-08-10,"Chassis NVH",2636,63853.95
2024-08-10,"Hoses & Bellows",3606,54515.08
2024-08-10,"Other Automotive",2231,20064.44
2024-08-10,"Powertrain Mounts",1001,58305.59
2024-08-10,"Sealing",11889,38422.93
2024-08-11,"Cable Protection",1780,11665.55
2024-08-11,"Chassis NVH",2248,54037.04
2024-08-11,"Hoses & Bellows",3309,50400.89
2024-08-11,"Other Automotive",1645,15224.94
2024-08-11,"Powertrain Mounts",911,53138.59
2024-08-11,"Sealing",8662,28670
2024-08-12,"Cable Protection",12025,78295.09
2024-08-12,"Chassis NVH",6558,155332.86
2024-08-12,"Hoses & Bellows",9844,145092.53
2024-08-12,"Other Automotive",7251,65832.15
2024-08-12,"Powertrain Mounts",2774,157282.52
2024-08-12,"Sealing",42224,135013.35
2024-08-13,"Cable Protection",13033,83825.03
2024-08-13,"Chassis NVH",7047,169624.87
2024-08-13,"Hoses & Bellows",9735,148453.22
2024-08-13,"Other Automotive",7352,67310.88
2024-08-13,"Powertrain Mounts",2994,168189.48
2024-08-13,"Sealing",43784,139124.83
2024-08-14,"Cable Protection",13045,85067.58
2024-08-14,"Chassis NVH",7358,177280.38
2024-08-14,"Hoses & Bellows",9828,149891.79
2024-08-14,"Other Automotive",7213,65853.31
2024-08-14,"Powertrain Mounts",3094,171753.93
2024-08-14,"Sealing",45698,148841.27
2024-08-15,"Cable Protection",13673,86847.11
2024-08-15,"Chassis NVH",6802,161457.29
2024-08-15,"Hoses & Bellows",9378,142852.57
2024-08-15,"Other Automotive",7142,64323.12
2024-08-15,"Powertrain Mounts",2854,171494.58
2024-08-15,"Sealing",46664,144687.48
2024-08-16,"Cable Protection",18653,117845.67
2024-08-16,"Chassis NVH",9110,210953.36
2024-08-16,"Hoses & Bellows",12392,183481.85
2024-08-16,"Other Automotive",10103,91059.53
2024-08-16,"Powertrain Mounts",3820,216582.86
2024-08-16,"Sealing",59710,196943.1
2024-08-17,"Cable Protection",3497,22995.73
2024-08-17,"Chassis NVH",2933,68725.99
2024-08-17,"Hoses & Bellows",4137,62261.93
2024-08-17,"Other Automotive",2570,22530.09
2024-08-17,"Powertrain Mounts",1221,69949.3
2024-08-17,"Sealing",14391,47277.5
2024-08-18,"Cable Protection",1963,12919.72
2024-08-18,"Chassis NVH",2542,59769.19
2024-08-18,"Hoses & Bellows",3394,49943.63
2024-08-18,"Other Automotive",1740,15504.63
2024-08-18,"Powertrain Mounts",989,59602.39
2024-08-18,"Sealing",9496,30548.11
2024-08-19,"Cable Protection",18461,122467.26
2024-08-19,"Chassis NVH",9653,236713.86
2024-08-19,"Hoses & Bellows",12581,190315.28
2024-08-19,"Other Automotive",10036,89539.33
2024-08-19,"Powertrain Mounts",4163,246458.18
2024-08-19,"Sealing",63794,200138.35
2024-08-20,"Cable Protection",19211,128164.63
2024-08-20,"Chassis NVH",9837,231889.3
2024-08-20,"Hoses & Bellows",13665,200713.24
2024-08-20,"Other Automotive",10719,97814.96
2024-08-20,"Powertrain Mounts",4396,255805.39
2024-08-20,"Sealing",66932,219893.28
2024-08-21,"Cable Protection",21204,136417.28
2024-08-21,"Chassis NVH",9485,230366.09
2024-08-21,"Hoses & Bellows",13473,207239.76
2024-08-21,"Other Automotive",9749,90662
2024-08-21,"Powertrain Mounts",4131,239712.93
2024-08-21,"Sealing",73307,230880.57
2024-08-22,"Cable Protection",20366,136621.91
2024-08-22,"Chassis NVH",10070,240142.7
2024-08-22,"Hoses & Bellows",14393,214193.88
2024-08-22,"Other Automotive",10209,89345.8
2024-08-22,"Powertrain Mounts",4170,239548.75
2024-08-22,"Sealing",66152,208688.79
2024-08-23,"Cable Protection",18779,123302.14
2024-08-23,"Chassis NVH",8962,214880.54
2024-08-23,"Hoses & Bellows",12828,196119.62
2024-08-23,"Other Automotive",9971,91548.32
2024-08-23,"Powertrain Mounts",3948,231160.13
2024-08-23,"Sealing",63253,200202.65
2024-08-24,"Cable Protection",3779,24645.11
2024-08-24,"Chassis NVH",3047,74569.39
2024-08-24,"Hoses & Bellows",4446,66806.51
2024-08-24,"Other Automotive",2775,25035.42
2024-08-24,"Powertrain Mounts",1180,70161.38
2024-08-24,"Sealing",15013,48136.42
2024-08-25,"Cable Protection",1875,12174.52
2024-08-25,"Chassis NVH",2442,60677.41
2024-08-25,"Hoses & Bellows",3247,48807.41
2024-08-25,"Other Automotive",1779,16785.47
2024-08-25,"Powertrain Mounts",893,51822.03
2024-08-25,"Sealing",10073,32401.08
2024-08-26,"Cable Protection",18218,119068.84
2024-08-26,"Chassis NVH",9336,219473.1
2024-08-26,"Hoses & Bellows",12376,191644.48
2024-08-26,"Other Automotive",9838,89806.94
2024-08-26,"Powertrain Mounts",4364,251919.56
2024-08-26,"Sealing",68666,215107.94
2024-08-27,"Cable Protection",19906,129988.52
2024-08-27,"Chassis NVH",9748,232789.87
2024-08-27,"Hoses & Bellows",12890,192841.2
2024-08-27,"Other Automotive",10374,93238.9
2024-08-27,"Powertrain Mounts",4680,275920.78
2024-08-27,"Sealing",76717,260908.4
2024-08-28,"Cable Protection",20316,131538.88
2024-08-28,"Chassis NVH",9376,232751.25
2024-08-28,"Hoses & Bellows",13569,199137.73
2024-08-28,"Other Automotive",10369,93593.87
2024-08-28,"Powertrain Mounts",4440,250839.97
2024-08-28,"Sealing",77799,256153.76
2024-08-29,"Cable Protection",20657,132753.45
2024-08-29,"Chassis NVH",9161,217762.98
2024-08-29,"Hoses & Bellows",12951,188412.19
2024-08-29,"Other Automotive",10095,90650.41
2024-08-29,"Powertrain Mounts",4373,257031.51
2024-08-29,"Sealing",72500,236210.39
2024-08-30,"Cable Protection",19193,124848.92
2024-08-30,"Chassis NVH",8601,204395.19
2024-08-30,"Hoses & Bellows",11806,173909.24
2024-08-30,"Other Automotive",9047,81312.71
2024-08-30,"Powertrain Mounts",3862,225190.06
2024-08-30,"Sealing",63382,195096.75
2024-08-31,"Cable Protection",3836,24483.92
2024-08-31,"Chassis NVH",3058,72479.88
2024-08-31,"Hoses & Bellows",4175,62685.65
2024-08-31,"Other Automotive",2404,21724.71
2024-08-31,"Powertrain Mounts",1207,69380.8
2024-08-31,"Sealing",15316,49372.42
2024-09-01,"Cable Protection",2301,15023.86
2024-09-01,"Chassis NVH",2469,57396.76
2024-09-01,"Hoses & Bellows",3433,52088.45
2024-09-01,"Other Automotive",1794,16035.25
2024-09-01,"Powertrain Mounts",948,54735.55
2024-09-01,"Sealing",10002,32508.39
2024-09-02,"Cable Protection",24581,160277.55
2024-09-02,"Chassis NVH",10987,265226.08
2024-09-02,"Hoses & Bellows",14358,211913.79
2024-09-02,"Other Automotive",11630,104975.23
2024-09-02,"Powertrain Mounts",4202,242003.72
2024-09-02,"Sealing",83513,264356.52
2024-09-03,"Cable Protection",24745,165115.32
2024-09-03,"Chassis NVH",11760,276440.98
2024-09-03,"Hoses & Bellows",14643,226952.68
2024-09-03,"Other Automotive",11152,103043.18
2024-09-03,"Powertrain Mounts",4414,259480.56
2024-09-03,"Sealing",85558,270880.15
2024-09-04,"Cable Protection",23423,150973.43
2024-09-04,"Chassis NVH",11665,283651.55
2024-09-04,"Hoses & Bellows",15054,225536.7
2024-09-04,"Other Automotive",12590,115064.34
2024-09-04,"Powertrain Mounts",4535,260871.21
2024-09-04,"Sealing",92360,294929.77
2024-09-05,"Cable Protection",22924,147860.49
2024-09-05,"Chassis NVH",12078,284663.52
2024-09-05,"Hoses & Bellows",15419,232128.5
2024-09-05,"Other Automotive",12405,113176.2
2024-09-05,"Powertrain Mounts",4374,254883.74
2024-09-05,"Sealing",85116,267570.36
2024-09-06,"Cable Protection",19796,131943.15
2024-09-06,"Chassis NVH",10958,261692.12
2024-09-06,"Hoses & Bellows",13414,203525.28
2024-09-06,"Other Automotive",11075,98177.4
2024-09-06,"Powertrain Mounts",4161,242196.83
2024-09-06,"Sealing",75969,241548.58
2024-09-07,"Cable Protection",3845,25796.39
2024-09-07,"Chassis NVH",3612,85217.21
2024-09-07,"Hoses & Bellows",4531,66187.18
2024-09-07,"Other Automotive",2872,25702.21
2024-09-07,"Powertrain Mounts",1279,72536.9
2024-09-07,"Sealing",16666,53048.5
2024-09-08,"Cable Protection",2120,13720.74
2024-09-08,"Chassis NVH",2510,61187.62
2024-09-08,"Hoses & Bellows",3533,55366.69
2024-09-08,"Other Automotive",1841,16676.35
2024-09-08,"Powertrain Mounts",867,49474.2
2024-09-08,"Sealing",9927,30800.14
2024-09-09,"Cable Protection",22695,146860.24
2024-09-09,"Chassis NVH",10857,258794.68
2024-09-09,"Hoses & Bellows",14588,223533.02
2024-09-09,"Other Automotive",11417,98212.22
2024-09-09,"Powertrain Mounts",4597,268926.83
2024-09-09,"Sealing",80528,255476.66
2024-09-10,"Cable Protection",23840,158636.9
2024-09-10,"Chassis NVH",11514,270943.22
2024-09-10,"Hoses & Bellows",15850,232690.34
2024-09-10,"Other Automotive",11978,109433.88
2024-09-10,"Powertrain Mounts",4836,280434.07
2024-09-10,"Sealing",83911,264816.35
2024-09-11,"Cable Protection",23596,149822.79
2024-09-11,"Chassis NVH",11172,267175.14
2024-09-11,"Hoses & Bellows",15618,237367.07
2024-09-11,"Other Automotive",12346,108856.07
2024-09-11,"Powertrain Mounts",4911,287736.85
2024-09-11,"Sealing",77584,246486.61
2024-09-12,"Cable Protection",21466,142132.12
2024-09-12,"Chassis NVH",11731,278528.27
2024-09-12,"Hoses & Bellows",15986,237123.28
2024-09-12,"Other Automotive",11421,105901.1
2024-09-12,"Powertrain Mounts",4863,282217.13
2024-09-12,"Sealing",81661,259487.5
2024-09-13,"Cable Protection",20134,129922.27
2024-09-13,"Chassis NVH",10967,263645.11
2024-09-13,"Hoses & Bellows",13370,196677.12
2024-09-13,"Other Automotive",10913,96170.62
2024-09-13,"Powertrain Mounts",4311,249998.19
2024-09-13,"Sealing",75289,240578.48
2024-09-14,"Cable Protection",3761,24176.31
2024-09-14,"Chassis NVH",3471,83078.25
2024-09-14,"Hoses & Bellows",4572,66409.99
2024-09-14,"Other Automotive",2607,24210.92
2024-09-14,"Powertrain Mounts",1323,80158.67
2024-09-14,"Sealing",16334,51321.64
2024-09-15,"Cable Protection",2041,13508.09
2024-09-15,"Chassis NVH",2420,57259.22
2024-09-15,"Hoses & Bellows",3504,53720.89
2024-09-15,"Other Automotive",1697,15200.83
2024-09-15,"Powertrain Mounts",854,48987.32
2024-09-15,"Sealing",10115,31985.52
2024-09-16,"Cable Protection",21724,144958.96
2024-09-16,"Chassis NVH",10647,257465.23
2024-09-16,"Hoses & Bellows",15523,234452.49
2024-09-16,"Other Automotive",10951,96999.29
2024-09-16,"Powertrain Mounts",4589,261669.84
2024-09-16,"Sealing",77973,246280.42
2024-09-17,"Cable Protection",24008,162100.52
2024-09-17,"Chassis NVH",11416,272966.37
2024-09-17,"Hoses & Bellows",16589,249965.87
2024-09-17,"Other Automotive",12037,106906.05
2024-09-17,"Powertrain Mounts",4871,281566.36
2024-09-17,"Sealing",79527,255791.37
2024-09-18,"Cable Protection",23274,150933
2024-09-18,"Chassis NVH",11222,275171.38
2024-09-18,"Hoses & Bellows",16155,243811.4
2024-09-18,"Other Automotive",12296,113847.8
2024-09-18,"Powertrain Mounts",4789,276917.61
2024-09-18,"Sealing",88293,284548.74
2024-09-19,"Cable Protection",21428,136945.67
2024-09-19,"Chassis NVH",10922,266551.01
2024-09-19,"Hoses & Bellows",15574,235005.1
2024-09-19,"Other Automotive",11632,100989.53
2024-09-19,"Powertrain Mounts",4901,283674.34
2024-09-19,"Sealing",90097,285997.13
2024-09-20,"Cable Protection",20279,128257.09
2024-09-20,"Chassis NVH",9843,233227.12
2024-09-20,"Hoses & Bellows",15153,228499.69
2024-09-20,"Other Automotive",10929,96208.55
2024-09-20,"Powertrain Mounts",4374,253360.22
2024-09-20,"Sealing",79342,250379.74
2024-09-21,"Cable Protection",4078,26378.87
2024-09-21,"Chassis NVH",3094,76797.17
2024-09-21,"Hoses & Bellows",4613,70193.12
2024-09-21,"Other Automotive",2761,25169.49
2024-09-21,"Powertrain Mounts",1264,77187.99
2024-09-21,"Sealing",17712,57482.54
2024-09-22,"Cable Protection",1953,12709.47
2024-09-22,"Chassis NVH",2185,50986.46
2024-09-22,"Hoses & Bellows",3474,50625.07
2024-09-22,"Other Automotive",1768,15974.57
2024-09-22,"Powertrain Mounts",855,49571.17
2024-09-22,"Sealing",10691,34031.45
2024-09-23,"Cable Protection",21668,140778.6
2024-09-23,"Chassis NVH",10545,247003.36
2024-09-23,"Hoses & Bellows",15062,224486.33
2024-09-23,"Other Automotive",10675,96192.56
2024-09-23,"Powertrain Mounts",4455,255015.33
2024-09-23,"Sealing",88077,279319.14
2024-09-24,"Cable Protection",23859,154690
2024-09-24,"Chassis NVH",11133,260267.96
2024-09-24,"Hoses & Bellows",14959,229437.2
2024-09-24,"Other Automotive",12165,105411.1
2024-09-24,"Powertrain Mounts",4691,275017.5
2024-09-24,"Sealing",86032,268373.28
2024-09-25,"Cable Protection",24223,157123.86
2024-09-25,"Chassis NVH",10661,254754.93
2024-09-25,"Hoses & Bellows",15528,235471.86
2024-09-25,"Other Automotive",11246,100869.98
2024-09-25,"Powertrain Mounts",4613,272637.96
2024-09-25,"Sealing",90874,289341.45
2024-09-26,"Cable Protection",24971,164207.73
2024-09-26,"Chassis NVH",10689,255168.29
2024-09-26,"Hoses & Bellows",14916,226576.87
2024-09-26,"Other Automotive",11643,103461.39
2024-09-26,"Powertrain Mounts",4441,254377.97
2024-09-26,"Sealing",82161,266371.97
2024-09-27,"Cable Protection",22663,152804.15
2024-09-27,"Chassis NVH",9725,228243.48
2024-09-27,"Hoses & Bellows",14075,207479.64
2024-09-27,"Other Automotive",10530,93247.41
2024-09-27,"Powertrain Mounts",4379,246858.84
2024-09-27,"Sealing",78319,256323.73
2024-09-28,"Cable Protection",3977,25705.8
2024-09-28,"Chassis NVH",3195,78738.22
2024-09-28,"Hoses & Bellows",4372,64346.33
2024-09-28,"Other Automotive",2632,23972.05
2024-09-28,"Powertrain Mounts",1225,71154.36
2024-09-28,"Sealing",17019,55784.67
2024-09-29,"Cable Protection",2245,14212.13
2024-09-29,"Chassis NVH",2501,59063.18
2024-09-29,"Hoses & Bellows",3314,50490.05
2024-09-29,"Other Automotive",1892,16958.94
2024-09-29,"Powertrain Mounts",934,53924.82
2024-09-29,"Sealing",10923,33813.03
2024-09-30,"Cable Protection",21974,140400.03
2024-09-30,"Chassis NVH",10062,231793.3
2024-09-30,"Hoses & Bellows",13938,211320.75
2024-09-30,"Other Automotive",11954,108082.49
2024-09-30,"Powertrain Mounts",4249,253421.41
2024-09-30,"Sealing",88366,283952.23
2024-10-01,"Cable Protection",23035,148749.58
2024-10-01,"Chassis NVH",9816,232309.46
2024-10-01,"Hoses & Bellows",14649,219394.34
2024-10-01,"Other Automotive",11490,101536.33
2024-10-01,"Powertrain Mounts",4892,281911.33
2024-10-01,"Sealing",88185,281084.19
2024-10-02,"Cable Protection",22207,142974.46
2024-10-02,"Chassis NVH",10623,250257.85
2024-10-02,"Hoses & Bellows",14717,224290.31
2024-10-02,"Other Automotive",12250,112217.46
2024-10-02,"Powertrain Mounts",4704,269105.54
2024-10-02,"Sealing",86606,275097.55
2024-10-03,"Cable Protection",22719,147140.38
2024-10-03,"Chassis NVH",10972,268319.8
2024-10-03,"Hoses & Bellows",14791,214755.12
2024-10-03,"Other Automotive",12014,110482.32
2024-10-03,"Powertrain Mounts",4502,258952.91
2024-10-03,"Sealing",90270,288084.13
2024-10-04,"Cable Protection",17877,115316.54
2024-10-04,"Chassis NVH",8456,196203.6
2024-10-04,"Hoses & Bellows",12562,186238.04
2024-10-04,"Other Automotive",9482,87657.08
2024-10-04,"Powertrain Mounts",3842,229614.19
2024-10-04,"Sealing",70291,225557.61
2024-10-05,"Cable Protection",3298,21281.37
2024-10-05,"Chassis NVH",2743,65656.41
2024-10-05,"Hoses & Bellows",4115,61320.08
2024-10-05,"Other Automotive",2566,23575.61
2024-10-05,"Powertrain Mounts",1150,67020.23
2024-10-05,"Sealing",17027,54344.64
2024-10-06,"Cable Protection",2012,12907.38
2024-10-06,"Chassis NVH",2315,55729.89
2024-10-06,"Hoses & Bellows",3377,49526.65
2024-10-06,"Other Automotive",1843,17110.59
2024-10-06,"Powertrain Mounts",949,55100.55
2024-10-06,"Sealing",11706,35898.46
2024-10-07,"Cable Protection",20024,131625.74
2024-10-07,"Chassis NVH",9312,227032.9
2024-10-07,"Hoses & Bellows",13460,195658.83
2024-10-07,"Other Automotive",10200,89153.01
2024-10-07,"Powertrain Mounts",3910,230536.42
2024-10-07,"Sealing",76976,251324.81
2024-10-08,"Cable Protection",19675,133883.22
2024-10-08,"Chassis NVH",9660,231473.33
2024-10-08,"Hoses & Bellows",14091,210190.72
2024-10-08,"Other Automotive",11161,103231.62
2024-10-08,"Powertrain Mounts",4409,249070.36
2024-10-08,"Sealing",72863,231596.17
2024-10-09,"Cable Protection",21920,146610.03
2024-10-09,"Chassis NVH",9532,228686.94
2024-10-09,"Hoses & Bellows",14131,211841.31
2024-10-09,"Other Automotive",10730,97269.76
2024-10-09,"Powertrain Mounts",4882,288700.23
2024-10-09,"Sealing",76374,244583.83
2024-10-10,"Cable Protection",21640,137666.09
2024-10-10,"Chassis NVH",9271,224755.45
2024-10-10,"Hoses & Bellows",14120,207885.15
2024-10-10,"Other Automotive",11141,99639.33
2024-10-10,"Powertrain Mounts",4480,265663.24
2024-10-10,"Sealing",75064,237415.89
2024-10-11,"Cable Protection",20198,138434.34
2024-10-11,"Chassis NVH",8381,198920.75
2024-10-11,"Hoses & Bellows",12199,185757.27
2024-10-11,"Other Automotive",10579,94377.77
2024-10-11,"Powertrain Mounts",4154,236899.35
2024-10-11,"Sealing",68907,218940.7
2024-10-12,"Cable Protection",3830,24465.62
2024-10-12,"Chassis NVH",2868,69360.48
2024-10-12,"Hoses & Bellows",4043,61257.6
2024-10-12,"Other Automotive",2761,23477.28
2024-10-12,"Powertrain Mounts",1214,71462.84
2024-10-12,"Sealing",14784,46972.54
2024-10-13,"Cable Protection",2139,13865.02
2024-10-13,"Chassis NVH",2132,50833.04
2024-10-13,"Hoses & Bellows",3184,48021.15
2024-10-13,"Other Automotive",1874,16709.68
2024-10-13,"Powertrain Mounts",975,57025.42
2024-10-13,"Sealing",9556,30138.95
2024-10-14,"Cable Protection",19138,123325.53
2024-10-14,"Chassis NVH",9354,221731.11
2024-10-14,"Hoses & Bellows",13012,194222.86
2024-10-14,"Other Automotive",11540,103376.43
2024-10-14,"Powertrain Mounts",4174,240148.72
2024-10-14,"Sealing",69028,213440.18
2024-10-15,"Cable Protection",20724,131581.39
2024-10-15,"Chassis NVH",9744,235043.92
2024-10-15,"Hoses & Bellows",14517,214660.18
2024-10-15,"Other Automotive",11189,102389.61
2024-10-15,"Powertrain Mounts",4504,266455.23
2024-10-15,"Sealing",77170,249083.56
2024-10-16,"Cable Protection",22034,141206.87
2024-10-16,"Chassis NVH",9762,237043.35
2024-10-16,"Hoses & Bellows",14079,203394.58
2024-10-16,"Other Automotive",10531,92523.68
2024-10-16,"Powertrain Mounts",4270,248820.04
2024-10-16,"Sealing",77969,254596.76
2024-10-17,"Cable Protection",21016,133476.31
2024-10-17,"Chassis NVH",9318,218980.07
2024-10-17,"Hoses & Bellows",13426,205885.49
2024-10-17,"Other Automotive",10765,99242.07
2024-10-17,"Powertrain Mounts",4319,253856.33
2024-10-17,"Sealing",74470,242172.18
2024-10-18,"Cable Protection",19386,130018.71
2024-10-18,"Chassis NVH",8270,197685.7
2024-10-18,"Hoses & Bellows",12771,193567.25
2024-10-18,"Other Automotive",9739,87130
2024-10-18,"Powertrain Mounts",4173,239395.89
2024-10-18,"Sealing",68048,219707.46
2024-10-19,"Cable Protection",3603,23345.39
2024-10-19,"Chassis NVH",3059,72060.86
2024-10-19,"Hoses & Bellows",4035,58059.68
2024-10-19,"Other Automotive",2516,22555.82
2024-10-19,"Powertrain Mounts",1242,71121.83
2024-10-19,"Sealing",15240,49292.45
2024-10-20,"Cable Protection",2179,13693.6
2024-10-20,"Chassis NVH",2434,58626.55
2024-10-20,"Hoses & Bellows",3222,47929.14
2024-10-20,"Other Automotive",1748,15412.2
2024-10-20,"Powertrain Mounts",967,55122.54
2024-10-20,"Sealing",10331,33957.97
2024-10-21,"Cable Protection",22590,151099.21
2024-10-21,"Chassis NVH",10258,247755.54
2024-10-21,"Hoses & Bellows",13125,193100.42
2024-10-21,"Other Automotive",10040,90574.58
2024-10-21,"Powertrain Mounts",4296,252698.89
2024-10-21,"Sealing",79657,263575.42
2024-10-22,"Cable Protection",21993,141556.47
2024-10-22,"Chassis NVH",9775,227667.92
2024-10-22,"Hoses & Bellows",14187,213023.67
2024-10-22,"Other Automotive",10712,97202.04
2024-10-22,"Powertrain Mounts",4505,264931.84
2024-10-22,"Sealing",86746,283136.82
2024-10-23,"Cable Protection",23558,156390.84
2024-10-23,"Chassis NVH",10175,243238.41
2024-10-23,"Hoses & Bellows",14886,222100.86
2024-10-23,"Other Automotive",11049,100556.29
2024-10-23,"Powertrain Mounts",4665,270138.33
2024-10-23,"Sealing",85883,280276.91
2024-10-24,"Cable Protection",21201,134864.52
2024-10-24,"Chassis NVH",10570,258719.22
2024-10-24,"Hoses & Bellows",13868,209507.4
2024-10-24,"Other Automotive",10984,99787.12
2024-10-24,"Powertrain Mounts",4455,256791.64
2024-10-24,"Sealing",75463,231311.76
2024-10-25,"Cable Protection",19747,130631.78
2024-10-25,"Chassis NVH",9535,232838.02
2024-10-25,"Hoses & Bellows",13000,196215.63
2024-10-25,"Other Automotive",9302,83590.75
2024-10-25,"Powertrain Mounts",4059,235804.16
2024-10-25,"Sealing",71184,221975.81
2024-10-26,"Cable Protection",3957,25240.88
2024-10-26,"Chassis NVH",2942,72190.32
2024-10-26,"Hoses & Bellows",4202,63667.89
2024-10-26,"Other Automotive",2395,21585.8
2024-10-26,"Powertrain Mounts",1157,67538.21
2024-10-26,"Sealing",16171,51637.11
2024-10-27,"Cable Protection",2239,14404.9
2024-10-27,"Chassis NVH",2338,55977.48
2024-10-27,"Hoses & Bellows",3302,49085.85
2024-10-27,"Other Automotive",1640,14854.01
2024-10-27,"Powertrain Mounts",877,51143.88
2024-10-27,"Sealing",10074,31653.64
2024-10-28,"Cable Protection",23007,144834.66
2024-10-28,"Chassis NVH",10162,244511.76
2024-10-28,"Hoses & Bellows",13150,200157.23
2024-10-28,"Other Automotive",10339,91341.6
2024-10-28,"Powertrain Mounts",4354,254735.41
2024-10-28,"Sealing",79748,253603.81
2024-10-29,"Cable Protection",22745,147405.78
2024-10-29,"Chassis NVH",10376,240216.3
2024-10-29,"Hoses & Bellows",13444,204319.3
2024-10-29,"Other Automotive",10934,102282.8
2024-10-29,"Powertrain Mounts",4830,274637.22
2024-10-29,"Sealing",85656,268976.54
2024-10-30,"Cable Protection",23875,154934.61
2024-10-30,"Chassis NVH",10414,245805.74
2024-10-30,"Hoses & Bellows",13337,204467.58
2024-10-30,"Other Automotive",10903,98702.89
2024-10-30,"Powertrain Mounts",4924,276512.21
2024-10-30,"Sealing",89130,289114.27
2024-10-31,"Cable Protection",22237,142649.75
2024-10-31,"Chassis NVH",10147,248378.15
2024-10-31,"Hoses & Bellows",14197,209079.94
2024-10-31,"Other Automotive",10185,92220.33
2024-10-31,"Powertrain Mounts",4682,269817.43
2024-10-31,"Sealing",87249,276992.23
2024-11-01,"Cable Protection",19961,129556.7
2024-11-01,"Chassis NVH",9519,228203.83
2024-11-01,"Hoses & Bellows",13128,201885.96
2024-11-01,"Other Automotive",9656,85385.38
2024-11-01,"Powertrain Mounts",4285,248258.05
2024-11-01,"Sealing",69923,226978.48
2024-11-02,"Cable Protection",3850,25424.24
2024-11-02,"Chassis NVH",3015,72677.99
2024-11-02,"Hoses & Bellows",4332,65053.72
2024-11-02,"Other Automotive",2574,23706.4
2024-11-02,"Powertrain Mounts",1259,73639.16
2024-11-02,"Sealing",16019,52010.12
2024-11-03,"Cable Protection",2091,13932.33
2024-11-03,"Chassis NVH",2439,58202.83
2024-11-03,"Hoses & Bellows",3228,49037.98
2024-11-03,"Other Automotive",1785,15816.59
2024-11-03,"Powertrain Mounts",999,58234.25
2024-11-03,"Sealing",9854,31220.19
2024-11-04,"Cable Protection",23198,152852.07
2024-11-04,"Chassis NVH",10583,249969.06
2024-11-04,"Hoses & Bellows",14921,221291.36
2024-11-04,"Other Automotive",11773,105528.27
2024-11-04,"Powertrain Mounts",4500,250589.12
2024-11-04,"Sealing",78035,245415.69
2024-11-05,"Cable Protection",23086,149325.42
2024-11-05,"Chassis NVH",11331,276947.98
2024-11-05,"Hoses & Bellows",14927,222995.77
2024-11-05,"Other Automotive",12727,115101.78
2024-11-05,"Powertrain Mounts",4545,261482.38
2024-11-05,"Sealing",84348,274023.72
2024-11-06,"Cable Protection",23944,156867.23
2024-11-06,"Chassis NVH",11569,274306.07
2024-11-06,"Hoses & Bellows",15798,245181.98
2024-11-06,"Other Automotive",13182,118527.87
2024-11-06,"Powertrain Mounts",4620,272639.77
2024-11-06,"Sealing",89203,286142.28
2024-11-07,"Cable Protection",24344,161139.59
2024-11-07,"Chassis NVH",11128,266528.32
2024-11-07,"Hoses & Bellows",14734,218530.78
2024-11-07,"Other Automotive",13093,118908.19
2024-11-07,"Powertrain Mounts",4542,265777.32
2024-11-07,"Sealing",85627,270010.8
2024-11-08,"Cable Protection",22400,145369.26
2024-11-08,"Chassis NVH",10585,252113.63
2024-11-08,"Hoses & Bellows",14224,209238.67
2024-11-08,"Other Automotive",11828,106313.49
2024-11-08,"Powertrain Mounts",4371,251467.83
2024-11-08,"Sealing",80156,265405.34
2024-11-09,"Cable Protection",4425,28219.29
2024-11-09,"Chassis NVH",3205,77681.67
2024-11-09,"Hoses & Bellows",4713,71087.79
2024-11-09,"Other Automotive",2945,26299.44
2024-11-09,"Powertrain Mounts",1339,77848.88
2024-11-09,"Sealing",17102,55404.72
2024-11-10,"Cable Protection",2380,15501.25
2024-11-10,"Chassis NVH",2307,55649.68
2024-11-10,"Hoses & Bellows",3328,50924.84
2024-11-10,"Other Automotive",2017,18433.98
2024-11-10,"Powertrain Mounts",971,55878.02
2024-11-10,"Sealing",10467,33523.76
2024-11-11,"Cable Protection",25107,162931.58
2024-11-11,"Chassis NVH",10654,252315.14
2024-11-11,"Hoses & Bellows",15005,223158.38
2024-11-11,"Other Automotive",13177,120451.79
2024-11-11,"Powertrain Mounts",5248,301717.35
2024-11-11,"Sealing",80348,260826.65
2024-11-12,"Cable Protection",25710,167664.37
2024-11-12,"Chassis NVH",11855,281489.46
2024-11-12,"Hoses & Bellows",14464,217603.33
2024-11-12,"Other Automotive",13176,118132.58
2024-11-12,"Powertrain Mounts",5236,306176.87
2024-11-12,"Sealing",84139,267382.47
2024-11-13,"Cable Protection",25931,169230.43
2024-11-13,"Chassis NVH",10609,248171.55
2024-11-13,"Hoses & Bellows",13726,204758.3
2024-11-13,"Other Automotive",12533,113810.51
2024-11-13,"Powertrain Mounts",5403,329891.27
2024-11-13,"Sealing",84027,263407.69
2024-11-14,"Cable Protection",24556,163460.13
2024-11-14,"Chassis NVH",10445,251438.54
2024-11-14,"Hoses & Bellows",14111,209926.11
2024-11-14,"Other Automotive",12419,112737.36
2024-11-14,"Powertrain Mounts",5197,314606.07
2024-11-14,"Sealing",83669,271071.53
2024-11-15,"Cable Protection",22434,145492.31
2024-11-15,"Chassis NVH",9903,236330.35
2024-11-15,"Hoses & Bellows",13629,202706.31
2024-11-15,"Other Automotive",11899,106045.48
2024-11-15,"Powertrain Mounts",4668,279906.36
2024-11-15,"Sealing",79213,259939.32
2024-11-16,"Cable Protection",4528,29183.27
2024-11-16,"Chassis NVH",3214,78136.67
2024-11-16,"Hoses & Bellows",4245,65044.41
2024-11-16,"Other Automotive",2949,27481.57
2024-11-16,"Powertrain Mounts",1440,83036.02
2024-11-16,"Sealing",16913,53803.73
2024-11-17,"Cable Protection",2174,14189.43
2024-11-17,"Chassis NVH",2658,65211.42
2024-11-17,"Hoses & Bellows",3244,48857.1
2024-11-17,"Other Automotive",1811,16394.31
2024-11-17,"Powertrain Mounts",1010,58390.53
2024-11-17,"Sealing",10421,32763.79
2024-11-18,"Cable Protection",22644,148672.39
2024-11-18,"Chassis NVH",10867,256438.63
2024-11-18,"Hoses & Bellows",13729,204577.14
2024-11-18,"Other Automotive",12200,107692.62
2024-11-18,"Powertrain Mounts",4762,272372.09
2024-11-18,"Sealing",84700,263395.57
2024-11-19,"Cable Protection",24919,155220.07
2024-11-19,"Chassis NVH",11608,279905.73
2024-11-19,"Hoses & Bellows",15215,220297.16
2024-11-19,"Other Automotive",12676,116440.79
2024-11-19,"Powertrain Mounts",5191,299452.63
2024-11-19,"Sealing",89966,278439.28
2024-11-20,"Cable Protection",24887,161999.98
2024-11-20,"Chassis NVH",11395,277622.39
2024-11-20,"Hoses & Bellows",15717,232319.46
2024-11-20,"Other Automotive",12961,117859.32
2024-11-20,"Powertrain Mounts",5082,296477.04
2024-11-20,"Sealing",92665,295322.27
2024-11-21,"Cable Protection",24685,154129.88
2024-11-21,"Chassis NVH",11186,267890.27
2024-11-21,"Hoses & Bellows",14829,220249.7
2024-11-21,"Other Automotive",12411,113880.83
2024-11-21,"Powertrain Mounts",4878,271059.7
2024-11-21,"Sealing",92989,298869.43
2024-11-22,"Cable Protection",21922,144456.57
2024-11-22,"Chassis NVH",9763,235671.62
2024-11-22,"Hoses & Bellows",13504,206185.31
2024-11-22,"Other Automotive",11794,105327.09
2024-11-22,"Powertrain Mounts",4557,268619.01
2024-11-22,"Sealing",82160,255954.59
2024-11-23,"Cable Protection",4378,28667.17
2024-11-23,"Chassis NVH",3036,74108.09
2024-11-23,"Hoses & Bellows",4304,63331.29
2024-11-23,"Other Automotive",3060,28509.37
2024-11-23,"Powertrain Mounts",1336,76757.65
2024-11-23,"Sealing",17982,56296.01
2024-11-24,"Cable Protection",2224,14345.51
2024-11-24,"Chassis NVH",2230,55993.09
2024-11-24,"Hoses & Bellows",3118,47485.65
2024-11-24,"Other Automotive",2034,18815.88
2024-11-24,"Powertrain Mounts",959,54945.4
2024-11-24,"Sealing",10726,33885
2024-11-25,"Cable Protection",22952,150342
2024-11-25,"Chassis NVH",10192,252322.79
2024-11-25,"Hoses & Bellows",14247,217799.99
2024-11-25,"Other Automotive",12525,113848.66
2024-11-25,"Powertrain Mounts",4739,274674.84
2024-11-25,"Sealing",81291,259442.86
2024-11-26,"Cable Protection",25864,167139.59
2024-11-26,"Chassis NVH",11255,276288.34
2024-11-26,"Hoses & Bellows",16548,246565.08
2024-11-26,"Other Automotive",11879,107924.05
2024-11-26,"Powertrain Mounts",5182,298861.65
2024-11-26,"Sealing",81896,256972.01
2024-11-27,"Cable Protection",27044,175905.74
2024-11-27,"Chassis NVH",10715,258551.72
2024-11-27,"Hoses & Bellows",16951,257682.56
2024-11-27,"Other Automotive",11312,98869.14
2024-11-27,"Powertrain Mounts",5048,295824.34
2024-11-27,"Sealing",84707,263508.6
2024-11-28,"Cable Protection",26316,171532.49
2024-11-28,"Chassis NVH",11368,281305.24
2024-11-28,"Hoses & Bellows",16594,248112.42
2024-11-28,"Other Automotive",11564,104443.23
2024-11-28,"Powertrain Mounts",4608,267685.26
2024-11-28,"Sealing",85840,276265.65
2024-11-29,"Cable Protection",23764,153964.91
2024-11-29,"Chassis NVH",10375,251850.44
2024-11-29,"Hoses & Bellows",14852,221949.96
2024-11-29,"Other Automotive",9869,90573.92
2024-11-29,"Powertrain Mounts",4390,249660.84
2024-11-29,"Sealing",75614,239160.16
2024-11-30,"Cable Protection",4602,30041.23
2024-11-30,"Chassis NVH",3301,80799.33
2024-11-30,"Hoses & Bellows",4653,69263.66
2024-11-30,"Other Automotive",2616,23631.14
2024-11-30,"Powertrain Mounts",1289,75703.17
2024-11-30,"Sealing",16926,53997.85
2024-12-01,"Cable Protection",1909,12314.09
2024-12-01,"Chassis NVH",2136,50538.07
2024-12-01,"Hoses & Bellows",3198,48995.15
2024-12-01,"Other Automotive",1650,15062.24
2024-12-01,"Powertrain Mounts",882,51562.52
2024-12-01,"Sealing",9461,30033.01
2024-12-02,"Cable Protection",15787,103485.39
2024-12-02,"Chassis NVH",8465,204555.2
2024-12-02,"Hoses & Bellows",12101,180203.36
2024-12-02,"Other Automotive",9218,84083.5
2024-12-02,"Powertrain Mounts",3704,213506.53
2024-12-02,"Sealing",59416,187792.57
2024-12-03,"Cable Protection",17646,114737.91
2024-12-03,"Chassis NVH",9276,227062.76
2024-12-03,"Hoses & Bellows",12242,185722.92
2024-12-03,"Other Automotive",9871,85944.69
2024-12-03,"Powertrain Mounts",4051,235838.6
2024-12-03,"Sealing",61996,197382.17
2024-12-04,"Cable Protection",16777,108860.7
2024-12-04,"Chassis NVH",9567,232258.91
2024-12-04,"Hoses & Bellows",12575,183028.2
2024-12-04,"Other Automotive",9045,82458.3
2024-12-04,"Powertrain Mounts",4245,254182.09
2024-12-04,"Sealing",62951,197612.05
2024-12-05,"Cable Protection",17167,111800.38
2024-12-05,"Chassis NVH",9278,223326.2
2024-12-05,"Hoses & Bellows",12233,186881.7
2024-12-05,"Other Automotive",9544,87235.63
2024-12-05,"Powertrain Mounts",4354,252005.15
2024-12-05,"Sealing",64245,204611.13
2024-12-06,"Cable Protection",15656,101340.7
2024-12-06,"Chassis NVH",8298,202172.23
2024-12-06,"Hoses & Bellows",11191,167563.43
2024-12-06,"Other Automotive",8344,74334.69
2024-12-06,"Powertrain Mounts",3744,217820.11
2024-12-06,"Sealing",60183,193622.33
2024-12-07,"Cable Protection",3355,22379.13
2024-12-07,"Chassis NVH",2926,71383.76
2024-12-07,"Hoses & Bellows",3734,57304.39
2024-12-07,"Other Automotive",2210,19993.17
2024-12-07,"Powertrain Mounts",1118,65419.5
2024-12-07,"Sealing",14774,46736.53
2024-12-08,"Cable Protection",1991,12688.58
2024-12-08,"Chassis NVH",2243,52370.15
2024-12-08,"Hoses & Bellows",3112,46795.56
2024-12-08,"Other Automotive",1574,14358.78
2024-12-08,"Powertrain Mounts",945,54821.79
2024-12-08,"Sealing",9370,30380.37
2024-12-09,"Cable Protection",16734,106122.93
2024-12-09,"Chassis NVH",8708,209601.77
2024-12-09,"Hoses & Bellows",11555,176752.92
2024-12-09,"Other Automotive",8553,77730.65
2024-12-09,"Powertrain Mounts",3819,222090.29
2024-12-09,"Sealing",61966,195887.98
2024-12-10,"Cable Protection",18147,117700.08
2024-12-10,"Chassis NVH",9478,231874.39
2024-12-10,"Hoses & Bellows",11672,172579.21
2024-12-10,"Other Automotive",9272,84378.4
2024-12-10,"Powertrain Mounts",4090,241042.55
2024-12-10,"Sealing",64337,204135.01
2024-12-11,"Cable Protection",18897,127778.23
2024-12-11,"Chassis NVH",9954,229888.48
2024-12-11,"Hoses & Bellows",11675,178589.65
2024-12-11,"Other Automotive",10065,90690.49
2024-12-11,"Powertrain Mounts",3937,223216.65
2024-12-11,"Sealing",67934,215146.61
2024-12-12,"Cable Protection",16609,108535.63
2024-12-12,"Chassis NVH",9329,217456.96
2024-12-12,"Hoses & Bellows",11667,174435.95
2024-12-12,"Other Automotive",9205,81121.13
2024-12-12,"Powertrain Mounts",4015,234294.81
2024-12-12,"Sealing",69109,214885.59
2024-12-13,"Cable Protection",14689,95243.44
2024-12-13,"Chassis NVH",8311,201945.86
2024-12-13,"Hoses & Bellows",10445,152497.35
2024-12-13,"Other Automotive",8556,78390.88
2024-12-13,"Powertrain Mounts",3581,212095.24
2024-12-13,"Sealing",61347,195267.12
2024-12-14,"Cable Protection",3163,19931.53
2024-12-14,"Chassis NVH",2843,69106.9
2024-12-14,"Hoses & Bellows",3791,58880.09
2024-12-14,"Other Automotive",2187,19659.79
2024-12-14,"Powertrain Mounts",1126,64174.84
2024-12-14,"Sealing",14813,45744.51
2024-12-15,"Cable Protection",1787,11208.55
2024-12-15,"Chassis NVH",2315,55606.95
2024-12-15,"Hoses & Bellows",3102,47772.8
2024-12-15,"Other Automotive",1782,16302.08
2024-12-15,"Powertrain Mounts",850,48440.89
2024-12-15,"Sealing",9857,31544.34
2024-12-16,"Cable Protection",15741,107123.13
2024-12-16,"Chassis NVH",8670,211298.95
2024-12-16,"Hoses & Bellows",11477,164952.89
2024-12-16,"Other Automotive",8797,77250.78
2024-12-16,"Powertrain Mounts",3672,210939.64
2024-12-16,"Sealing",62829,207074.51
2024-12-17,"Cable Protection",17864,119147.4
2024-12-17,"Chassis NVH",9235,218953.67
2024-12-17,"Hoses & Bellows",12385,185376.96
2024-12-17,"Other Automotive",8987,81948.38
2024-12-17,"Powertrain Mounts",3794,212956.5
2024-12-17,"Sealing",64996,203863.18
2024-12-18,"Cable Protection",17154,113732.44
2024-12-18,"Chassis NVH",9650,227381.04
2024-12-18,"Hoses & Bellows",12570,187525.52
2024-12-18,"Other Automotive",9663,88282.73
2024-12-18,"Powertrain Mounts",3732,218888.76
2024-12-18,"Sealing",63715,199858.55
2024-12-19,"Cable Protection",16490,109387.77
2024-12-19,"Chassis NVH",9170,221515.28
2024-12-19,"Hoses & Bellows",11698,170005.5
2024-12-19,"Other Automotive",9493,88194
2024-12-19,"Powertrain Mounts",3830,216591.36
2024-12-19,"Sealing",63117,204104.07
2024-12-20,"Cable Protection",15386,101939.19
2024-12-20,"Chassis NVH",7998,197418.63
2024-12-20,"Hoses & Bellows",11337,164704.81
2024-12-20,"Other Automotive",8598,77533.59
2024-12-20,"Powertrain Mounts",3523,204239.99
2024-12-20,"Sealing",58677,187572.58
2024-12-21,"Cable Protection",3088,19553.94
2024-12-21,"Chassis NVH",2709,65082.23
2024-12-21,"Hoses & Bellows",4002,60931.35
2024-12-21,"Other Automotive",2291,20011.55
2024-12-21,"Powertrain Mounts",1195,70174.17
2024-12-21,"Sealing",13638,41967.61
2024-12-22,"Cable Protection",1917,12482.13
2024-12-22,"Chassis NVH",2063,48787.27
2024-12-22,"Hoses & Bellows",3517,50914.5
2024-12-22,"Other Automotive",1694,15398.14
2024-12-22,"Powertrain Mounts",928,55100.98
2024-12-22,"Sealing",9392,30265.17
2024-12-23,"Cable Protection",2294,14599.09
2024-12-23,"Chassis NVH",2512,57706.07
2024-12-23,"Hoses & Bellows",3661,55998.27
2024-12-23,"Other Automotive",1919,16831.08
2024-12-23,"Powertrain Mounts",1003,56549.65
2024-12-23,"Sealing",10234,33169.82
2024-12-24,"Cable Protection",2521,16283.16
2024-12-24,"Chassis NVH",2509,60696.4
2024-12-24,"Hoses & Bellows",3961,58143.16
2024-12-24,"Other Automotive",1946,17489.94
2024-12-24,"Powertrain Mounts",1003,59564.37
2024-12-24,"Sealing",11039,35930.21
2024-12-25,"Cable Protection",2434,15383.59
2024-12-25,"Chassis NVH",2502,59679.8
2024-12-25,"Hoses & Bellows",3968,58976.68
2024-12-25,"Other Automotive",1787,15478.81
2024-12-25,"Powertrain Mounts",1042,59761.59
2024-12-25,"Sealing",11704,37181.24
2024-12-26,"Cable Protection",2220,14434.01
2024-12-26,"Chassis NVH",2430,57867.14
2024-12-26,"Hoses & Bellows",3576,53636.78
2024-12-26,"Other Automotive",1946,17610.18
2024-12-26,"Powertrain Mounts",991,58154.16
2024-12-26,"Sealing",11684,37159.16
2024-12-27,"Cable Protection",1935,12146.71
2024-12-27,"Chassis NVH",2310,55926.97
2024-12-27,"Hoses & Bellows",3269,47746.61
2024-12-27,"Other Automotive",1679,15201.03
2024-12-27,"Powertrain Mounts",1034,59751.57
2024-12-27,"Sealing",10867,35494.78
2024-12-28,"Cable Protection",2319,15118.39
2024-12-28,"Chassis NVH",2535,59234.29
2024-12-28,"Hoses & Bellows",3484,52209.82
2024-12-28,"Other Automotive",1848,16380.83
2024-12-28,"Powertrain Mounts",990,58208.11
2024-12-28,"Sealing",11636,36217.1
2024-12-29,"Cable Protection",1795,11644.54
2024-12-29,"Chassis NVH",2429,58408.32
2024-12-29,"Hoses & Bellows",3047,46246.41
2024-12-29,"Other Automotive",1464,13039.37
2024-12-29,"Powertrain Mounts",838,48813.77
2024-12-29,"Sealing",9914,32373.59
2024-12-30,"Cable Protection",2508,16326.75
2024-12-30,"Chassis NVH",2559,65005.24
2024-12-30,"Hoses & Bellows",3320,49888.68
2024-12-30,"Other Automotive",1638,15170.09
2024-12-30,"Powertrain Mounts",926,53556.74
2024-12-30,"Sealing",11626,36823.83
2024-12-31,"Cable Protection",2518,16177.82
2024-12-31,"Chassis NVH",2655,64971.3
2024-12-31,"Hoses & Bellows",3557,52217.68
2024-12-31,"Other Automotive",1790,16220.43
2024-12-31,"Powertrain Mounts",1025,58363.29
2024-12-31,"Sealing",11835,38342
2025-01-01,"Cable Protection",3015,19538.74
2025-01-01,"Chassis NVH",2988,70481.57
2025-01-01,"Hoses & Bellows",3870,57845.18
2025-01-01,"Other Automotive",1940,17427.15
2025-01-01,"Powertrain Mounts",1046,62044.07
2025-01-01,"Sealing",13240,42751.22
2025-01-02,"Cable Protection",2884,18626.27
2025-01-02,"Chassis NVH",2739,66634.81
2025-01-02,"Hoses & Bellows",3651,53936.52
2025-01-02,"Other Automotive",2220,20055.26
2025-01-02,"Powertrain Mounts",937,53112.34
2025-01-02,"Sealing",12720,40392.87
2025-01-03,"Cable Protection",18774,121622.2
2025-01-03,"Chassis NVH",8891,218896.37
2025-01-03,"Hoses & Bellows",12147,180136.02
2025-01-03,"Other Automotive",8831,79889.63
2025-01-03,"Powertrain Mounts",3796,225798.17
2025-01-03,"Sealing",71176,234141.88
2025-01-04,"Cable Protection",3804,24889.84
2025-01-04,"Chassis NVH",3211,77463.98
2025-01-04,"Hoses & Bellows",4024,61734.2
2025-01-04,"Other Automotive",2476,22683.76
2025-01-04,"Powertrain Mounts",1243,70460.96
2025-01-04,"Sealing",15912,51351.15
2025-01-05,"Cable Protection",2336,14937.47
2025-01-05,"Chassis NVH",2346,55413.81
2025-01-05,"Hoses & Bellows",3487,50613.59
2025-01-05,"Other Automotive",1776,15422.54
2025-01-05,"Powertrain Mounts",976,55927.53
2025-01-05,"Sealing",10373,33758.61
2025-01-06,"Cable Protection",22648,149723.92
2025-01-06,"Chassis NVH",11180,267575.41
2025-01-06,"Hoses & Bellows",15404,225278.61
2025-01-06,"Other Automotive",10861,98998.11
2025-01-06,"Powertrain Mounts",4421,253912.39
2025-01-06,"Sealing",77968,250294.39
2025-01-07,"Cable Protection",23927,150867.24
2025-01-07,"Chassis NVH",11776,280527.56
2025-01-07,"Hoses & Bellows",15787,245149.08
2025-01-07,"Other Automotive",12087,112691.56
2025-01-07,"Powertrain Mounts",4667,273883.09
2025-01-07,"Sealing",83222,262001.71
2025-01-08,"Cable Protection",23808,154477.55
2025-01-08,"Chassis NVH",11506,273114.38
2025-01-08,"Hoses & Bellows",16798,245577.22
2025-01-08,"Other Automotive",12184,106331.44
2025-01-08,"Powertrain Mounts",4540,262002.2
2025-01-08,"Sealing",84381,267832.98
2025-01-09,"Cable Protection",23573,146886.82
2025-01-09,"Chassis NVH",11352,274888.39
2025-01-09,"Hoses & Bellows",16155,241112.16
2025-01-09,"Other Automotive",12364,111261.52
2025-01-09,"Powertrain Mounts",4401,249939.4
2025-01-09,"Sealing",83418,264883.07
2025-01-10,"Cable Protection",21409,140269.68
2025-01-10,"Chassis NVH",10386,249643.51
2025-01-10,"Hoses & Bellows",14570,216880.34
2025-01-10,"Other Automotive",10627,98220.89
2025-01-10,"Powertrain Mounts",3962,220122.05
2025-01-10,"Sealing",77867,254446.77
2025-01-11,"Cable Protection",3980,25787.55
2025-01-11,"Chassis NVH",3242,75706.84
2025-01-11,"Hoses & Bellows",4587,69433.83
2025-01-11,"Other Automotive",2719,24788.53
2025-01-11,"Powertrain Mounts",1290,76242.31
2025-01-11,"Sealing",16799,54484.81
2025-01-12,"Cable Protection",2164,13860.31
2025-01-12,"Chassis NVH",2650,62795.86
2025-01-12,"Hoses & Bellows",3657,52795.26
2025-01-12,"Other Automotive",1958,17645.93
2025-01-12,"Powertrain Mounts",965,56281.76
2025-01-12,"Sealing",10691,34083
2025-01-13,"Cable Protection",22717,148801.82
2025-01-13,"Chassis NVH",10836,255508.75
2025-01-13,"Hoses & Bellows",15967,242863.88
2025-01-13,"Other Automotive",10859,95547.15
2025-01-13,"Powertrain Mounts",4402,248498.86
2025-01-13,"Sealing",77542,241352.1
2025-01-14,"Cable Protection",23487,148266.46
2025-01-14,"Chassis NVH",11189,265220.48
2025-01-14,"Hoses & Bellows",16191,236760.86
2025-01-14,"Other Automotive",11617,105482.26
2025-01-14,"Powertrain Mounts",4501,267750.61
2025-01-14,"Sealing",84879,274802.2
2025-01-15,"Cable Protection",23618,149954.52
2025-01-15,"Chassis NVH",12070,284041.55
2025-01-15,"Hoses & Bellows",16746,249801.48
2025-01-15,"Other Automotive",11678,101451.67
2025-01-15,"Powertrain Mounts",4886,289111.41
2025-01-15,"Sealing",89956,276710.89
2025-01-16,"Cable Protection",23930,154219.65
2025-01-16,"Chassis NVH",11932,289665.6
2025-01-16,"Hoses & Bellows",14937,226850.28
2025-01-16,"Other Automotive",11384,100120.21
2025-01-16,"Powertrain Mounts",4880,277694.48
2025-01-16,"Sealing",84530,263479.46
2025-01-17,"Cable Protection",21476,140019.77
2025-01-17,"Chassis NVH",10863,256738.66
2025-01-17,"Hoses & Bellows",13624,206046.41
2025-01-17,"Other Automotive",10437,93451.32
2025-01-17,"Powertrain Mounts",4566,263095.26
2025-01-17,"Sealing",74451,234267.05
2025-01-18,"Cable Protection",4362,28426.76
2025-01-18,"Chassis NVH",3483,86154.68
2025-01-18,"Hoses & Bellows",4530,67634.52
2025-01-18,"Other Automotive",2709,24425.27
2025-01-18,"Powertrain Mounts",1316,74737.43
2025-01-18,"Sealing",17232,55189.18
2025-01-19,"Cable Protection",2291,15252.32
2025-01-19,"Chassis NVH",2486,59238.39
2025-01-19,"Hoses & Bellows",3550,54057.75
2025-01-19,"Other Automotive",1842,16489.55
2025-01-19,"Powertrain Mounts",867,52670.72
2025-01-19,"Sealing",10215,32091.09
2025-01-20,"Cable Protection",22149,145863.59
2025-01-20,"Chassis NVH",10259,245341.33
2025-01-20,"Hoses & Bellows",13406,195418.62
2025-01-20,"Other Automotive",10969,98728.09
2025-01-20,"Powertrain Mounts",4295,242884.74
2025-01-20,"Sealing",81335,258723.79
2025-01-21,"Cable Protection",23366,152726.91
2025-01-21,"Chassis NVH",11140,270043.78
2025-01-21,"Hoses & Bellows",13354,199577.22
2025-01-21,"Other Automotive",11837,105689.79
2025-01-21,"Powertrain Mounts",4636,259944.27
2025-01-21,"Sealing",84717,271545.32
2025-01-22,"Cable Protection",22996,146975.76
2025-01-22,"Chassis NVH",11016,267957.77
2025-01-22,"Hoses & Bellows",13513,209620.82
2025-01-22,"Other Automotive",11880,106949.05
2025-01-22,"Powertrain Mounts",4638,266119.31
2025-01-22,"Sealing",87231,277941.42
2025-01-23,"Cable Protection",23954,157708.06
2025-01-23,"Chassis NVH",11224,274816.52
2025-01-23,"Hoses & Bellows",13339,197947.34
2025-01-23,"Other Automotive",11386,103414.9
2025-01-23,"Powertrain Mounts",4837,282301.57
2025-01-23,"Sealing",85361,280653.08
2025-01-24,"Cable Protection",20268,129564.3
2025-01-24,"Chassis NVH",10153,245516.74
2025-01-24,"Hoses & Bellows",12040,187845.08
2025-01-24,"Other Automotive",10725,94363.68
2025-01-24,"Powertrain Mounts",4463,259054.2
2025-01-24,"Sealing",79645,255295.34
2025-01-25,"Cable Protection",4050,25598.96
2025-01-25,"Chassis NVH",3417,84200.62
2025-01-25,"Hoses & Bellows",4351,65403.49
2025-01-25,"Other Automotive",2952,27440.24
2025-01-25,"Powertrain Mounts",1392,81025.94
2025-01-25,"Sealing",17562,58080.56
2025-01-26,"Cable Protection",2029,13236.5
2025-01-26,"Chassis NVH",2439,56564.05
2025-01-26,"Hoses & Bellows",3671,54885.91
2025-01-26,"Other Automotive",2036,17764.29
2025-01-26,"Powertrain Mounts",969,56137.17
2025-01-26,"Sealing",11450,35538.35
2025-01-27,"Cable Protection",21979,144639.51
2025-01-27,"Chassis NVH",9969,243719.83
2025-01-27,"Hoses & Bellows",14812,229301.68
2025-01-27,"Other Automotive",12258,111044.8
2025-01-27,"Powertrain Mounts",4866,283812.16
2025-01-27,"Sealing",85008,274578.4
2025-01-28,"Cable Protection",23673,154494.36
2025-01-28,"Chassis NVH",11511,270243.02
2025-01-28,"Hoses & Bellows",15155,233893.05
2025-01-28,"Other Automotive",11998,107658.47
2025-01-28,"Powertrain Mounts",5099,290769.63
2025-01-28,"Sealing",80132,251858.57
2025-01-29,"Cable Protection",22767,152693.96
2025-01-29,"Chassis NVH",11176,270649.24
2025-01-29,"Hoses & Bellows",14826,223209.62
2025-01-29,"Other Automotive",12244,109803.42
2025-01-29,"Powertrain Mounts",4765,274743.09
2025-01-29,"Sealing",84696,270579.9
2025-01-30,"Cable Protection",21721,140692.77
2025-01-30,"Chassis NVH",10997,258407.65
2025-01-30,"Hoses & Bellows",14151,213778.33
2025-01-30,"Other Automotive",11744,104632.43
2025-01-30,"Powertrain Mounts",4430,256048.43
2025-01-30,"Sealing",83862,263732.62
2025-01-31,"Cable Protection",21156,137538.08
2025-01-31,"Chassis NVH",10103,239831.6
2025-01-31,"Hoses & Bellows",12529,185875.99
2025-01-31,"Other Automotive",11255,103279.86
2025-01-31,"Powertrain Mounts",4102,237340.79
2025-01-31,"Sealing",77554,246042.52
2025-02-01,"Cable Protection",3769,24496.26
2025-02-01,"Chassis NVH",3196,76742.95
2025-02-01,"Hoses & Bellows",4406,65446.1
2025-02-01,"Other Automotive",2737,24070.3
2025-02-01,"Powertrain Mounts",1329,76140.11
2025-02-01,"Sealing",17006,55799.34
2025-02-02,"Cable Protection",2203,14382.03
2025-02-02,"Chassis NVH",2582,63140.96
2025-02-02,"Hoses & Bellows",3396,52106.21
2025-02-02,"Other Automotive",1945,17158.4
2025-02-02,"Powertrain Mounts",897,52107.47
2025-02-02,"Sealing",10677,35097.23
2025-02-03,"Cable Protection",21590,141726.71
2025-02-03,"Chassis NVH",10605,250294.24
2025-02-03,"Hoses & Bellows",13484,204014.44
2025-02-03,"Other Automotive",11456,104860.9
2025-02-03,"Powertrain Mounts",4273,249656.31
2025-02-03,"Sealing",83257,258185.06
2025-02-04,"Cable Protection",22821,156447.94
2025-02-04,"Chassis NVH",10528,256169.01
2025-02-04,"Hoses & Bellows",14259,211038.72
2025-02-04,"Other Automotive",11909,106032.53
2025-02-04,"Powertrain Mounts",4501,261526.7
2025-02-04,"Sealing",82663,264549.73
2025-02-05,"Cable Protection",24912,164709.55
2025-02-05,"Chassis NVH",11506,269339.64
2025-02-05,"Hoses & Bellows",14457,219106.36
2025-02-05,"Other Automotive",12713,118336.54
2025-02-05,"Powertrain Mounts",5029,293319.17
2025-02-05,"Sealing",77286,247823.88
2025-02-06,"Cable Protection",21603,142582.78
2025-02-06,"Chassis NVH",11305,271207.65
2025-02-06,"Hoses & Bellows",14230,209876
2025-02-06,"Other Automotive",12197,107099.79
2025-02-06,"Powertrain Mounts",4894,278557.92
2025-02-06,"Sealing",78003,245796.28
2025-02-07,"Cable Protection",19764,131178.51
2025-02-07,"Chassis NVH",10396,252930.96
2025-02-07,"Hoses & Bellows",13526,208143.18
2025-02-07,"Other Automotive",11730,105404.78
2025-02-07,"Powertrain Mounts",4387,260785.77
2025-02-07,"Sealing",70017,225569.43
2025-02-08,"Cable Protection",3988,25880.71
2025-02-08,"Chassis NVH",3249,81519.19
2025-02-08,"Hoses & Bellows",4680,70141.92
2025-02-08,"Other Automotive",3044,27445.28
2025-02-08,"Powertrain Mounts",1307,78257.54
2025-02-08,"Sealing",17188,53946.91
2025-02-09,"Cable Protection",2252,14222.42
2025-02-09,"Chassis NVH",2793,65626.38
2025-02-09,"Hoses & Bellows",3653,54810.66
2025-02-09,"Other Automotive",1830,16350.96
2025-02-09,"Powertrain Mounts",992,57886.8
2025-02-09,"Sealing",10802,34591.25
2025-02-10,"Cable Protection",25792,164772.05
2025-02-10,"Chassis NVH",11629,278459.35
2025-02-10,"Hoses & Bellows",14715,220045.34
2025-02-10,"Other Automotive",12914,117468.43
2025-02-10,"Powertrain Mounts",4543,261026.96
2025-02-10,"Sealing",79245,258942.78
2025-02-11,"Cable Protection",26301,173142.69
2025-02-11,"Chassis NVH",11706,277312.52
2025-02-11,"Hoses & Bellows",15388,235193.32
2025-02-11,"Other Automotive",13452,120916.39
2025-02-11,"Powertrain Mounts",5176,300776.88
2025-02-11,"Sealing",85306,264580.51
2025-02-12,"Cable Protection",26182,169007.14
2025-02-12,"Chassis NVH",12072,290632.81
2025-02-12,"Hoses & Bellows",15736,243485.56
2025-02-12,"Other Automotive",12325,112124.61
2025-02-12,"Powertrain Mounts",5132,295970.18
2025-02-12,"Sealing",88486,287157.76
2025-02-13,"Cable Protection",23272,152482.3
2025-02-13,"Chassis NVH",11865,282083.63
2025-02-13,"Hoses & Bellows",15909,236172.67
2025-02-13,"Other Automotive",11683,104527.57
2025-02-13,"Powertrain Mounts",4957,281174.81
2025-02-13,"Sealing",88858,278553.06
2025-02-14,"Cable Protection",23454,151315.4
2025-02-14,"Chassis NVH",11021,266398.68
2025-02-14,"Hoses & Bellows",14464,220553.36
2025-02-14,"Other Automotive",10666,93706.85
2025-02-14,"Powertrain Mounts",4276,240345.62
2025-02-14,"Sealing",78863,248718.67
2025-02-15,"Cable Protection",4367,28158.07
2025-02-15,"Chassis NVH",3505,86206.77
2025-02-15,"Hoses & Bellows",4292,64768.67
2025-02-15,"Other Automotive",2779,24729.85
2025-02-15,"Powertrain Mounts",1303,76855.71
2025-02-15,"Sealing",16731,52945.46
2025-02-16,"Cable Protection",2399,15404.34
2025-02-16,"Chassis NVH",2534,61604.22
2025-02-16,"Hoses & Bellows",3563,53332.58
2025-02-16,"Other Automotive",1900,17442.85
2025-02-16,"Powertrain Mounts",936,54937.27
2025-02-16,"Sealing",10249,32276.29
2025-02-17,"Cable Protection",24513,155429.71
2025-02-17,"Chassis NVH",10947,259871.78
2025-02-17,"Hoses & Bellows",15419,225027.63
2025-02-17,"Other Automotive",11287,100714.37
2025-02-17,"Powertrain Mounts",4687,274190.22
2025-02-17,"Sealing",78409,251235.92
2025-02-18,"Cable Protection",25461,166940.35
2025-02-18,"Chassis NVH",11954,291520.01
2025-02-18,"Hoses & Bellows",15817,231701.36
2025-02-18,"Other Automotive",12084,110075.54
2025-02-18,"Powertrain Mounts",4712,275474.8
2025-02-18,"Sealing",85091,263697.35
2025-02-19,"Cable Protection",26047,172859.34
2025-02-19,"Chassis NVH",12162,288211.15
2025-02-19,"Hoses & Bellows",16080,236803.46
2025-02-19,"Other Automotive",12494,109895.15
2025-02-19,"Powertrain Mounts",4705,277009.41
2025-02-19,"Sealing",86487,277710.13
2025-02-20,"Cable Protection",25936,164643.35
2025-02-20,"Chassis NVH",12242,289488.14
2025-02-20,"Hoses & Bellows",15860,236494.33
2025-02-20,"Other Automotive",12476,109303.85
2025-02-20,"Powertrain Mounts",4897,275675.68
2025-02-20,"Sealing",82935,263127.51
2025-02-21,"Cable Protection",23180,150259.35
2025-02-21,"Chassis NVH",10463,256697.6
2025-02-21,"Hoses & Bellows",14490,223504.77
2025-02-21,"Other Automotive",11273,102947.79
2025-02-21,"Powertrain Mounts",4362,251553.76
2025-02-21,"Sealing",79710,254220.3
2025-02-22,"Cable Protection",4188,26677.7
2025-02-22,"Chassis NVH",3268,78605.25
2025-02-22,"Hoses & Bellows",4681,69450.88
2025-02-22,"Other Automotive",2715,24215.36
2025-02-22,"Powertrain Mounts",1327,77364.31
2025-02-22,"Sealing",18542,59935.01
2025-02-23,"Cable Protection",2165,13943.09
2025-02-23,"Chassis NVH",2564,60161.41
2025-02-23,"Hoses & Bellows",3639,54850.57
2025-02-23,"Other Automotive",1869,16772.72
2025-02-23,"Powertrain Mounts",902,52887.58
2025-02-23,"Sealing",11802,36281.5
2025-02-24,"Cable Protection",22302,144235.42
2025-02-24,"Chassis NVH",11211,268943.18
2025-02-24,"Hoses & Bellows",14800,217045.8
2025-02-24,"Other Automotive",11039,97847.88
2025-02-24,"Powertrain Mounts",4648,264125.67
2025-02-24,"Sealing",93080,306035.88
2025-02-25,"Cable Protection",23807,154031.55
2025-02-25,"Chassis NVH",10945,261716.51
2025-02-25,"Hoses & Bellows",15715,231408.83
2025-02-25,"Other Automotive",11963,109433.67
2025-02-25,"Powertrain Mounts",4921,284105
2025-02-25,"Sealing",94852,300861.34
2025-02-26,"Cable Protection",25471,164942.08
2025-02-26,"Chassis NVH",11347,274865.63
2025-02-26,"Hoses & Bellows",15521,230399.46
2025-02-26,"Other Automotive",12114,109705.42
2025-02-26,"Powertrain Mounts",5025,293416.56
2025-02-26,"Sealing",93474,292116.04
2025-02-27,"Cable Protection",25378,165197.77
2025-02-27,"Chassis NVH",11699,278739.65
2025-02-27,"Hoses & Bellows",15687,240595.3
2025-02-27,"Other Automotive",11489,103271.36
2025-02-27,"Powertrain Mounts",4713,272609.64
2025-02-27,"Sealing",91409,287782.93
2025-02-28,"Cable Protection",23385,148901.89
2025-02-28,"Chassis NVH",10632,248581.31
2025-02-28,"Hoses & Bellows",14013,206382.23
2025-02-28,"Other Automotive",10806,96140.93
2025-02-28,"Powertrain Mounts",4585,265208.9
2025-02-28,"Sealing",81092,264400.93
2025-03-01,"Cable Protection",4572,29969.01
2025-03-01,"Chassis NVH",3629,88208.12
2025-03-01,"Hoses & Bellows",4768,70626.88
2025-03-01,"Other Automotive",2900,26475.59
2025-03-01,"Powertrain Mounts",1380,77500.97
2025-03-01,"Sealing",18996,60631.32
2025-03-02,"Cable Protection",2363,15660.07
2025-03-02,"Chassis NVH",2619,62814.28
2025-03-02,"Hoses & Bellows",3406,51813.89
2025-03-02,"Other Automotive",1884,16726.5
2025-03-02,"Powertrain Mounts",1096,63148.06
2025-03-02,"Sealing",11795,38240.19
2025-03-03,"Cable Protection",27707,182057.56
2025-03-03,"Chassis NVH",12120,293295.44
2025-03-03,"Hoses & Bellows",15474,234473.04
2025-03-03,"Other Automotive",12424,109137.32
2025-03-03,"Powertrain Mounts",5052,286012.1
2025-03-03,"Sealing",86967,281747.83
2025-03-04,"Cable Protection",26833,169560.13
2025-03-04,"Chassis NVH",12755,320082.95
2025-03-04,"Hoses & Bellows",16686,248341.15
2025-03-04,"Other Automotive",13547,120489.9
2025-03-04,"Powertrain Mounts",5294,307461.13
2025-03-04,"Sealing",89972,292579.13
2025-03-05,"Cable Protection",27741,179242.89
2025-03-05,"Chassis NVH",12531,303140.62
2025-03-05,"Hoses & Bellows",16489,243173.04
2025-03-05,"Other Automotive",13399,124811.5
2025-03-05,"Powertrain Mounts",5211,305586.88
2025-03-05,"Sealing",86021,271353.78
2025-03-06,"Cable Protection",27619,173444.27
2025-03-06,"Chassis NVH",11839,277714.98
2025-03-06,"Hoses & Bellows",16562,255028.44
2025-03-06,"Other Automotive",13263,119445.15
2025-03-06,"Powertrain Mounts",5308,298993.87
2025-03-06,"Sealing",85264,269558.63
2025-03-07,"Cable Protection",25762,164443.26
2025-03-07,"Chassis NVH",10981,261506.36
2025-03-07,"Hoses & Bellows",15168,229829.36
2025-03-07,"Other Automotive",11317,103065.93
2025-03-07,"Powertrain Mounts",4756,278442.77
2025-03-07,"Sealing",77666,252746.97
2025-03-08,"Cable Protection",4551,29129.46
2025-03-08,"Chassis NVH",3740,88040.56
2025-03-08,"Hoses & Bellows",4368,66820.32
2025-03-08,"Other Automotive",2814,25299.36
2025-03-08,"Powertrain Mounts",1383,80977.66
2025-03-08,"Sealing",18415,60287.91
2025-03-09,"Cable Protection",2198,14380.5
2025-03-09,"Chassis NVH",2556,62789.03
2025-03-09,"Hoses & Bellows",3818,56932.19
2025-03-09,"Other Automotive",2031,17981.45
2025-03-09,"Powertrain Mounts",1035,60463.65
2025-03-09,"Sealing",10657,34686.24
2025-03-10,"Cable Protection",23944,156745.29
2025-03-10,"Chassis NVH",11818,275417.67
2025-03-10,"Hoses & Bellows",15891,241278.26
2025-03-10,"Other Automotive",12336,109107.63
2025-03-10,"Powertrain Mounts",4898,285139.25
2025-03-10,"Sealing",88738,289530.45
2025-03-11,"Cable Protection",26782,174774.51
2025-03-11,"Chassis NVH",12735,308599.33
2025-03-11,"Hoses & Bellows",15957,233463.49
2025-03-11,"Other Automotive",13050,117381.25
2025-03-11,"Powertrain Mounts",5430,308289.78
2025-03-11,"Sealing",97053,306288.42
2025-03-12,"Cable Protection",25416,165279.8
2025-03-12,"Chassis NVH",11521,274488.81
2025-03-12,"Hoses & Bellows",16218,239328.92
2025-03-12,"Other Automotive",10582,96123.41
2025-03-12,"Powertrain Mounts",5531,317870.85
2025-03-12,"Sealing",96145,308639.68
2025-03-13,"Cable Protection",25215,163107.2
2025-03-13,"Chassis NVH",11922,285908.46
2025-03-13,"Hoses & Bellows",14704,219309.74
2025-03-13,"Other Automotive",12234,113470.35
2025-03-13,"Powertrain Mounts",5129,298607.18
2025-03-13,"Sealing",89364,280462.02
2025-03-14,"Cable Protection",23920,165986.35
2025-03-14,"Chassis NVH",10712,255254.08
2025-03-14,"Hoses & Bellows",13610,202466.21
2025-03-14,"Other Automotive",10881,97084.61
2025-03-14,"Powertrain Mounts",4835,282342.23
2025-03-14,"Sealing",90760,296889.14
2025-03-15,"Cable Protection",4328,28054.3
2025-03-15,"Chassis NVH",3427,85676.48
2025-03-15,"Hoses & Bellows",4253,62933.08
2025-03-15,"Other Automotive",2750,24790.11
2025-03-15,"Powertrain Mounts",1369,79130.91
2025-03-15,"Sealing",18990,60848.32
2025-03-16,"Cable Protection",2344,15718.54
2025-03-16,"Chassis NVH",2414,58269.1
2025-03-16,"Hoses & Bellows",3311,50225.6
2025-03-16,"Other Automotive",1843,16712.59
2025-03-16,"Powertrain Mounts",933,54448.21
2025-03-16,"Sealing",11415,37333.89
2025-03-17,"Cable Protection",25711,168728.06
2025-03-17,"Chassis NVH",11681,269150.59
2025-03-17,"Hoses & Bellows",15116,227920.31
2025-03-17,"Other Automotive",12445,113977.64
2025-03-17,"Powertrain Mounts",4809,277205.11
2025-03-17,"Sealing",92334,298204.14
2025-03-18,"Cable Protection",26615,173569.99
2025-03-18,"Chassis NVH",11680,282106.75
2025-03-18,"Hoses & Bellows",15794,237258.62
2025-03-18,"Other Automotive",12873,115324.17
2025-03-18,"Powertrain Mounts",5062,289732.05
2025-03-18,"Sealing",103441,334101.27
2025-03-19,"Cable Protection",25819,171751.83
2025-03-19,"Chassis NVH",12194,289971.44
2025-03-19,"Hoses & Bellows",16328,249725.36
2025-03-19,"Other Automotive",13064,117352.17
2025-03-19,"Powertrain Mounts",5098,297109.64
2025-03-19,"Sealing",103457,328461.06
2025-03-20,"Cable Protection",26512,169315.49
2025-03-20,"Chassis NVH",11735,273420.48
2025-03-20,"Hoses & Bellows",15560,231608.8
2025-03-20,"Other Automotive",12655,115071.15
2025-03-20,"Powertrain Mounts",5375,312217.64
2025-03-20,"Sealing",99267,316984.75
2025-03-21,"Cable Protection",22573,151172.05
2025-03-21,"Chassis NVH",11235,267783.68
2025-03-21,"Hoses & Bellows",13930,211829.9
2025-03-21,"Other Automotive",11866,104911.23
2025-03-21,"Powertrain Mounts",4854,289086.93
2025-03-21,"Sealing",83102,265350.46
2025-03-22,"Cable Protection",4586,30450.62
2025-03-22,"Chassis NVH",3585,85507.67
2025-03-22,"Hoses & Bellows",4308,65258.08
2025-03-22,"Other Automotive",2800,24854.03
2025-03-22,"Powertrain Mounts",1453,83465.52
2025-03-22,"Sealing",18697,58525.74
2025-03-23,"Cable Protection",2223,14463.82
2025-03-23,"Chassis NVH",2661,60426.73
2025-03-23,"Hoses & Bellows",3621,55342.6
2025-03-23,"Other Automotive",1675,15286.23
2025-03-23,"Powertrain Mounts",963,55446.43
2025-03-23,"Sealing",11294,35649.56
2025-03-24,"Cable Protection",23308,152982.19
2025-03-24,"Chassis NVH",11447,278859.14
2025-03-24,"Hoses & Bellows",14892,220270.9
2025-03-24,"Other Automotive",10535,96327.92
2025-03-24,"Powertrain Mounts",5089,291632.53
2025-03-24,"Sealing",92405,291593.02
2025-03-25,"Cable Protection",25399,163519.02
2025-03-25,"Chassis NVH",12091,284180.24
2025-03-25,"Hoses & Bellows",15813,237415.61
2025-03-25,"Other Automotive",11956,106105.08
2025-03-25,"Powertrain Mounts",5007,285612.95
2025-03-25,"Sealing",93703,299213.01
2025-03-26,"Cable Protection",24411,157349.43
2025-03-26,"Chassis NVH",11258,275056.73
2025-03-26,"Hoses & Bellows",16541,245718.49
2025-03-26,"Other Automotive",11366,100452.07
2025-03-26,"Powertrain Mounts",5429,306772.76
2025-03-26,"Sealing",99213,313485.01
2025-03-27,"Cable Protection",23057,148002.47
2025-03-27,"Chassis NVH",11576,278509.32
2025-03-27,"Hoses & Bellows",16485,252684.07
2025-03-27,"Other Automotive",11752,105171.14
2025-03-27,"Powertrain Mounts",5194,304867.66
2025-03-27,"Sealing",100760,321885.41
2025-03-28,"Cable Protection",22734,146132.39
2025-03-28,"Chassis NVH",10464,246512.24
2025-03-28,"Hoses & Bellows",15471,227999.6
2025-03-28,"Other Automotive",10866,97334.02
2025-03-28,"Powertrain Mounts",4949,282181.63
2025-03-28,"Sealing",87365,277626.41
2025-03-29,"Cable Protection",4477,28099.55
2025-03-29,"Chassis NVH",3264,78150.18
2025-03-29,"Hoses & Bellows",4879,73119.42
2025-03-29,"Other Automotive",2521,22979.02
2025-03-29,"Powertrain Mounts",1400,82200.72
2025-03-29,"Sealing",19629,62863.65
2025-03-30,"Cable Protection",2228,14537.46
2025-03-30,"Chassis NVH",2362,57660.17
2025-03-30,"Hoses & Bellows",3690,56112.94
2025-03-30,"Other Automotive",1700,15070.85
2025-03-30,"Powertrain Mounts",1074,64101.05
2025-03-30,"Sealing",11079,35437.5
2025-03-31,"Cable Protection",25496,165995.2
2025-03-31,"Chassis NVH",10771,258409.5
2025-03-31,"Hoses & Bellows",15622,231477.7
2025-03-31,"Other Automotive",11374,98934.4
2025-03-31,"Powertrain Mounts",5120,288515.26
2025-03-31,"Sealing",88706,279218.81
2025-04-01,"Cable Protection",25326,168941.75
2025-04-01,"Chassis NVH",11942,293493.17
2025-04-01,"Hoses & Bellows",15400,232872.42
2025-04-01,"Other Automotive",11974,107648.12
2025-04-01,"Powertrain Mounts",4835,276774.68
2025-04-01,"Sealing",95108,308650.46
2025-04-02,"Cable Protection",25168,165664.85
2025-04-02,"Chassis NVH",12289,300125.83
2025-04-02,"Hoses & Bellows",16064,240292.15
2025-04-02,"Other Automotive",12242,110367.9
2025-04-02,"Powertrain Mounts",5148,298588.54
2025-04-02,"Sealing",97437,311619.48
2025-04-03,"Cable Protection",25258,160344.5
2025-04-03,"Chassis NVH",11542,276023.67
2025-04-03,"Hoses & Bellows",16388,254642.16
2025-04-03,"Other Automotive",11988,110861.59
2025-04-03,"Powertrain Mounts",4664,269808.54
2025-04-03,"Sealing",92481,286152.55
2025-04-04,"Cable Protection",23012,150033.33
2025-04-04,"Chassis NVH",9869,229884.95
2025-04-04,"Hoses & Bellows",15247,235740.05
2025-04-04,"Other Automotive",10894,99561.26
2025-04-04,"Powertrain Mounts",4874,286131.56
2025-04-04,"Sealing",76984,248127.06
2025-04-05,"Cable Protection",3831,24718.75
2025-04-05,"Chassis NVH",2996,71450.26
2025-04-05,"Hoses & Bellows",4723,70178.96
2025-04-05,"Other Automotive",2914,26569.4
2025-04-05,"Powertrain Mounts",1195,70016.02
2025-04-05,"Sealing",17046,54608.64
2025-04-06,"Cable Protection",2127,13726.16
2025-04-06,"Chassis NVH",2563,60659.35
2025-04-06,"Hoses & Bellows",3550,53491.61
2025-04-06,"Other Automotive",1909,16893.45
2025-04-06,"Powertrain Mounts",943,55605.5
2025-04-06,"Sealing",10902,35388.46
2025-04-07,"Cable Protection",20576,132257.98
2025-04-07,"Chassis NVH",9481,230553.91
2025-04-07,"Hoses & Bellows",14126,207305.48
2025-04-07,"Other Automotive",11285,104762.14
2025-04-07,"Powertrain Mounts",4266,247264.55
2025-04-07,"Sealing",78147,257199.93
2025-04-08,"Cable Protection",23991,159285.14
2025-04-08,"Chassis NVH",11376,277121.48
2025-04-08,"Hoses & Bellows",14963,230204.19
2025-04-08,"Other Automotive",10569,96719.84
2025-04-08,"Powertrain Mounts",4243,252465.94
2025-04-08,"Sealing",86127,272786.07
2025-04-09,"Cable Protection",23873,155697.02
2025-04-09,"Chassis NVH",10566,256372.59
2025-04-09,"Hoses & Bellows",15833,232122.68
2025-04-09,"Other Automotive",11112,98224
2025-04-09,"Powertrain Mounts",4813,273368.13
2025-04-09,"Sealing",76088,246839.26
2025-04-10,"Cable Protection",25942,164577.46
2025-04-10,"Chassis NVH",10991,264991.73
2025-04-10,"Hoses & Bellows",14963,225126.22
2025-04-10,"Other Automotive",10953,95796.35
2025-04-10,"Powertrain Mounts",4833,284020.1
2025-04-10,"Sealing",75671,240658.1
2025-04-11,"Cable Protection",21976,145511.18
2025-04-11,"Chassis NVH",9861,238474.23
2025-04-11,"Hoses & Bellows",12977,197177.93
2025-04-11,"Other Automotive",9650,87181.13
2025-04-11,"Powertrain Mounts",4398,247566.11
2025-04-11,"Sealing",72340,224664.58
2025-04-12,"Cable Protection",4001,26320.71
2025-04-12,"Chassis NVH",3354,80335.74
2025-04-12,"Hoses & Bellows",4600,71484.32
2025-04-12,"Other Automotive",2440,22526.68
2025-04-12,"Powertrain Mounts",1325,77821.31
2025-04-12,"Sealing",17789,57256.9
2025-04-13,"Cable Protection",2366,14989.29
2025-04-13,"Chassis NVH",2606,61588.77
2025-04-13,"Hoses & Bellows",3870,57914.27
2025-04-13,"Other Automotive",1861,17021.45
2025-04-13,"Powertrain Mounts",1023,58818.8
2025-04-13,"Sealing",11964,38525.73
2025-04-14,"Cable Protection",21289,139268.09
2025-04-14,"Chassis NVH",10121,236005.01
2025-04-14,"Hoses & Bellows",13409,202247.84
2025-04-14,"Other Automotive",10042,91332.87
2025-04-14,"Powertrain Mounts",4178,245532.41
2025-04-14,"Sealing",76532,241491.54
2025-04-15,"Cable Protection",23020,149565.53
2025-04-15,"Chassis NVH",10820,255374.59
2025-04-15,"Hoses & Bellows",13403,193378.31
2025-04-15,"Other Automotive",10205,93046.04
2025-04-15,"Powertrain Mounts",4302,245982.73
2025-04-15,"Sealing",72918,232392.64
2025-04-16,"Cable Protection",24056,153311.3
2025-04-16,"Chassis NVH",10988,271964.16
2025-04-16,"Hoses & Bellows",12626,193080.1
2025-04-16,"Other Automotive",10317,93048.59
2025-04-16,"Powertrain Mounts",4501,255158.15
2025-04-16,"Sealing",74913,241031.05
2025-04-17,"Cable Protection",5514,36833.13
2025-04-17,"Chassis NVH",3904,93982.44
2025-04-17,"Hoses & Bellows",4780,72667.1
2025-04-17,"Other Automotive",3075,27455.37
2025-04-17,"Powertrain Mounts",1475,85549.98
2025-04-17,"Sealing",21719,68985.48
2025-04-18,"Cable Protection",23919,155990.08
2025-04-18,"Chassis NVH",11081,259945.15
2025-04-18,"Hoses & Bellows",14229,218118.09
2025-04-18,"Other Automotive",11230,97009.88
2025-04-18,"Powertrain Mounts",4570,268390.68
2025-04-18,"Sealing",79813,251505.6
2025-04-19,"Cable Protection",2070,13212.16
2025-04-19,"Chassis NVH",2574,60050.14
2025-04-19,"Hoses & Bellows",3414,52186.71
2025-04-19,"Other Automotive",1772,15845.21
2025-04-19,"Powertrain Mounts",853,50244.83
2025-04-19,"Sealing",10441,33440.74
2025-04-20,"Cable Protection",2214,14569.74
2025-04-20,"Chassis NVH",2542,61377.61
2025-04-20,"Hoses & Bellows",3626,54828.61
2025-04-20,"Other Automotive",1880,16788.4
2025-04-20,"Powertrain Mounts",908,53221.23
2025-04-20,"Sealing",10596,33727.84
2025-04-21,"Cable Protection",22417,145389.07
2025-04-21,"Chassis NVH",13068,316309.37
2025-04-21,"Hoses & Bellows",14379,217219.64
2025-04-21,"Other Automotive",11912,106217.09
2025-04-21,"Powertrain Mounts",4668,270917.33
2025-04-21,"Sealing",81673,259057.28
2025-04-22,"Cable Protection",24169,157218.85
2025-04-22,"Chassis NVH",11842,285978.67
2025-04-22,"Hoses & Bellows",16381,242959.27
2025-04-22,"Other Automotive",11518,104383.31
2025-04-22,"Powertrain Mounts",4726,278897.44
2025-04-22,"Sealing",92133,293212.67
2025-04-23,"Cable Protection",22443,148597.81
2025-04-23,"Chassis NVH",12023,276341.64
2025-04-23,"Hoses & Bellows",16751,252958.56
2025-04-23,"Other Automotive",11834,108235.08
2025-04-23,"Powertrain Mounts",4822,285755.14
2025-04-23,"Sealing",90993,289442.48
2025-04-24,"Cable Protection",22730,143156.34
2025-04-24,"Chassis NVH",11751,288189.13
2025-04-24,"Hoses & Bellows",17893,277206.54
2025-04-24,"Other Automotive",11845,102939.29
2025-04-24,"Powertrain Mounts",4703,266973.5
2025-04-24,"Sealing",85257,277526.25
2025-04-25,"Cable Protection",20811,135461.24
2025-04-25,"Chassis NVH",11060,270700.63
2025-04-25,"Hoses & Bellows",16334,245269.93
2025-04-25,"Other Automotive",10756,94303.68
2025-04-25,"Powertrain Mounts",4511,259022.69
2025-04-25,"Sealing",77276,246082.25
2025-04-26,"Cable Protection",4189,26409.7
2025-04-26,"Chassis NVH",3752,85224.4
2025-04-26,"Hoses & Bellows",5486,84666.15
2025-04-26,"Other Automotive",2605,24233.94
2025-04-26,"Powertrain Mounts",1310,78246.91
2025-04-26,"Sealing",17416,54197.16
2025-04-27,"Cable Protection",2293,14469.52
2025-04-27,"Chassis NVH",2726,65315.15
2025-04-27,"Hoses & Bellows",3934,57799.03
2025-04-27,"Other Automotive",1791,16253.94
2025-04-27,"Powertrain Mounts",963,56162.86
2025-04-27,"Sealing",10728,33741.98
2025-04-28,"Cable Protection",23197,149884.02
2025-04-28,"Chassis NVH",12766,303366.41
2025-04-28,"Hoses & Bellows",16612,245098.15
2025-04-28,"Other Automotive",12394,111418.45
2025-04-28,"Powertrain Mounts",4586,255773.92
2025-04-28,"Sealing",82925,271737.14
2025-04-29,"Cable Protection",25263,171077.22
2025-04-29,"Chassis NVH",12616,298103.39
2025-04-29,"Hoses & Bellows",17430,268326.44
2025-04-29,"Other Automotive",13241,115177.92
2025-04-29,"Powertrain Mounts",4526,259407.76
2025-04-29,"Sealing",93032,312208.77
2025-04-30,"Cable Protection",5898,37658.38
2025-04-30,"Chassis NVH",4553,106013.16
2025-04-30,"Hoses & Bellows",5588,79748.18
2025-04-30,"Other Automotive",3756,33408.63
2025-04-30,"Powertrain Mounts",1500,86069.46
2025-04-30,"Sealing",23481,74520.39
2025-05-01,"Cable Protection",24235,162651.4
2025-05-01,"Chassis NVH",13262,315543.47
2025-05-01,"Hoses & Bellows",15689,240361.13
2025-05-01,"Other Automotive",12736,114534.88
2025-05-01,"Powertrain Mounts",4665,280628.54
2025-05-01,"Sealing",90290,290539.2
2025-05-02,"Cable Protection",22854,147246.41
2025-05-02,"Chassis NVH",11279,274009.15
2025-05-02,"Hoses & Bellows",14540,219526.8
2025-05-02,"Other Automotive",11430,99708.39
2025-05-02,"Powertrain Mounts",4304,251447.66
2025-05-02,"Sealing",79592,261724.46
2025-05-03,"Cable Protection",3996,25495.19
2025-05-03,"Chassis NVH",3576,86788.58
2025-05-03,"Hoses & Bellows",4870,72824.78
2025-05-03,"Other Automotive",2936,25629.04
2025-05-03,"Powertrain Mounts",1297,74192.77
2025-05-03,"Sealing",18647,59369.75
2025-05-04,"Cable Protection",2179,14402.22
2025-05-04,"Chassis NVH",2574,64389.21
2025-05-04,"Hoses & Bellows",3587,54163.3
2025-05-04,"Other Automotive",1936,17641.38
2025-05-04,"Powertrain Mounts",948,54419.21
2025-05-04,"Sealing",10537,33619.75
2025-05-05,"Cable Protection",23510,149082.12
2025-05-05,"Chassis NVH",12191,297523.12
2025-05-05,"Hoses & Bellows",15715,235711.27
2025-05-05,"Other Automotive",11955,106347.95
2025-05-05,"Powertrain Mounts",4922,292881.13
2025-05-05,"Sealing",86612,280909.07
2025-05-06,"Cable Protection",26172,170431.62
2025-05-06,"Chassis NVH",12030,295857.93
2025-05-06,"Hoses & Bellows",16629,251664.61
2025-05-06,"Other Automotive",13405,120914.96
2025-05-06,"Powertrain Mounts",5350,311769.29
2025-05-06,"Sealing",86972,277722.47
2025-05-07,"Cable Protection",26224,179683.91
2025-05-07,"Chassis NVH",12070,289494.36
2025-05-07,"Hoses & Bellows",16772,248751.8
2025-05-07,"Other Automotive",13274,121214.64
2025-05-07,"Powertrain Mounts",5487,313907.57
2025-05-07,"Sealing",90307,283560.47
2025-05-08,"Cable Protection",25011,160539.85
2025-05-08,"Chassis NVH",10974,265095.31
2025-05-08,"Hoses & Bellows",15817,237674.73
2025-05-08,"Other Automotive",13075,116032.78
2025-05-08,"Powertrain Mounts",5150,299397.69
2025-05-08,"Sealing",95640,306775.23
2025-05-09,"Cable Protection",23811,161961.4
2025-05-09,"Chassis NVH",10565,257811.13
2025-05-09,"Hoses & Bellows",14886,218093.17
2025-05-09,"Other Automotive",12521,112029.24
2025-05-09,"Powertrain Mounts",4784,275703.51
2025-05-09,"Sealing",80238,254970.8
2025-05-10,"Cable Protection",4280,26967.73
2025-05-10,"Chassis NVH",3521,83408.92
2025-05-10,"Hoses & Bellows",4712,70259.89
2025-05-10,"Other Automotive",2972,25772.5
2025-05-10,"Powertrain Mounts",1357,78765.83
2025-05-10,"Sealing",17236,55927.71
2025-05-11,"Cable Protection",2323,15156.23
2025-05-11,"Chassis NVH",2709,63446.31
2025-05-11,"Hoses & Bellows",3460,51644.13
2025-05-11,"Other Automotive",2096,18427.9
2025-05-11,"Powertrain Mounts",1081,63555.65
2025-05-11,"Sealing",11689,36758.6
2025-05-12,"Cable Protection",25216,160616.99
2025-05-12,"Chassis NVH",11376,262604.98
2025-05-12,"Hoses & Bellows",14612,218926.05
2025-05-12,"Other Automotive",12534,107858.55
2025-05-12,"Powertrain Mounts",5049,289223.23
2025-05-12,"Sealing",91602,286394.4
2025-05-13,"Cable Protection",25836,171467.39
2025-05-13,"Chassis NVH",11337,272122.12
2025-05-13,"Hoses & Bellows",15750,232808.47
2025-05-13,"Other Automotive",12991,117960.11
2025-05-13,"Powertrain Mounts",5234,309951.39
2025-05-13,"Sealing",90324,291230.37
2025-05-14,"Cable Protection",26731,173894.71
2025-05-14,"Chassis NVH",11920,276904.12
2025-05-14,"Hoses & Bellows",16125,243099.55
2025-05-14,"Other Automotive",12659,112115.24
2025-05-14,"Powertrain Mounts",5017,294694.09
2025-05-14,"Sealing",89498,289148.92
2025-05-15,"Cable Protection",27022,174717.33
2025-05-15,"Chassis NVH",12319,295575.31
2025-05-15,"Hoses & Bellows",16405,245330.1
2025-05-15,"Other Automotive",12338,113484.54
2025-05-15,"Powertrain Mounts",4842,280116.92
2025-05-15,"Sealing",84436,262743.25
2025-05-16,"Cable Protection",25479,165833.46
2025-05-16,"Chassis NVH",11056,260593.82
2025-05-16,"Hoses & Bellows",14959,219065.59
2025-05-16,"Other Automotive",11625,105944.21
2025-05-16,"Powertrain Mounts",4430,256484.48
2025-05-16,"Sealing",81703,265984.19
2025-05-17,"Cable Protection",5069,32499.67
2025-05-17,"Chassis NVH",3593,86999.08
2025-05-17,"Hoses & Bellows",4807,71386.76
2025-05-17,"Other Automotive",3044,27165.7
2025-05-17,"Powertrain Mounts",1348,77184.33
2025-05-17,"Sealing",17496,55534.59
2025-05-18,"Cable Protection",2568,16857.44
2025-05-18,"Chassis NVH",2751,67365.18
2025-05-18,"Hoses & Bellows",3668,53652.89
2025-05-18,"Other Automotive",1944,17271.8
2025-05-18,"Powertrain Mounts",906,51570.63
2025-05-18,"Sealing",10938,34318.44
2025-05-19,"Cable Protection",28374,182581.19
2025-05-19,"Chassis NVH",11636,269684.41
2025-05-19,"Hoses & Bellows",14933,225696.84
2025-05-19,"Other Automotive",11671,105088.35
2025-05-19,"Powertrain Mounts",4602,266372.34
2025-05-19,"Sealing",83566,260786.94
2025-05-20,"Cable Protection",30362,202443.31
2025-05-20,"Chassis NVH",11777,285313.47
2025-05-20,"Hoses & Bellows",15348,230093.67
2025-05-20,"Other Automotive",12069,106222.45
2025-05-20,"Powertrain Mounts",4912,291340.65
2025-05-20,"Sealing",86129,278688.79
2025-05-21,"Cable Protection",27082,177455.99
2025-05-21,"Chassis NVH",11946,284189.18
2025-05-21,"Hoses & Bellows",15818,233526.14
2025-05-21,"Other Automotive",12821,116226.65
2025-05-21,"Powertrain Mounts",5006,279263.81
2025-05-21,"Sealing",86825,282558.81
2025-05-22,"Cable Protection",26796,174718.26
2025-05-22,"Chassis NVH",11617,282452.54
2025-05-22,"Hoses & Bellows",16753,250608.25
2025-05-22,"Other Automotive",11955,108816.6
2025-05-22,"Powertrain Mounts",4813,273610.96
2025-05-22,"Sealing",89338,288679.39
2025-05-23,"Cable Protection",23043,146433.85
2025-05-23,"Chassis NVH",10599,254441.6
2025-05-23,"Hoses & Bellows",15243,237369.53
2025-05-23,"Other Automotive",11189,100650.39
2025-05-23,"Powertrain Mounts",4627,279305.15
2025-05-23,"Sealing",84604,272129.04
2025-05-24,"Cable Protection",4689,30636.84
2025-05-24,"Chassis NVH",3446,82196.82
2025-05-24,"Hoses & Bellows",5050,77951.66
2025-05-24,"Other Automotive",2832,25306.55
2025-05-24,"Powertrain Mounts",1338,77752.59
2025-05-24,"Sealing",17579,56549.36
2025-05-25,"Cable Protection",2310,15235.74
2025-05-25,"Chassis NVH",2829,68327.83
2025-05-25,"Hoses & Bellows",3992,60390.85
2025-05-25,"Other Automotive",1776,16304.75
2025-05-25,"Powertrain Mounts",959,56273.37
2025-05-25,"Sealing",10534,32529.3
2025-05-26,"Cable Protection",24541,158841.72
2025-05-26,"Chassis NVH",11313,263316.11
2025-05-26,"Hoses & Bellows",14828,226024.01
2025-05-26,"Other Automotive",12259,110839.16
2025-05-26,"Powertrain Mounts",5049,288494.59
2025-05-26,"Sealing",83021,265074.63
2025-05-27,"Cable Protection",27216,175303.41
2025-05-27,"Chassis NVH",11685,274001.33
2025-05-27,"Hoses & Bellows",15224,234247.57
2025-05-27,"Other Automotive",13145,117386.34
2025-05-27,"Powertrain Mounts",5208,304253.79
2025-05-27,"Sealing",88831,292460.76
2025-05-28,"Cable Protection",6782,45172.64
2025-05-28,"Chassis NVH",4017,96642.36
2025-05-28,"Hoses & Bellows",5439,79034.57
2025-05-28,"Other Automotive",3733,32537.14
2025-05-28,"Powertrain Mounts",1743,101774.62
2025-05-28,"Sealing",23523,78327.68
2025-05-29,"Cable Protection",26845,173923.57
2025-05-29,"Chassis NVH",11170,276696.69
2025-05-29,"Hoses & Bellows",15966,235645.94
2025-05-29,"Other Automotive",12340,110701.65
2025-05-29,"Powertrain Mounts",4977,287934.75
2025-05-29,"Sealing",86649,279261.18
2025-05-30,"Cable Protection",24523,161339.32
2025-05-30,"Chassis NVH",9717,236000.52
2025-05-30,"Hoses & Bellows",14269,210383.54
2025-05-30,"Other Automotive",11584,105915.94
2025-05-30,"Powertrain Mounts",4515,266568.69
2025-05-30,"Sealing",81735,257173.02
2025-05-31,"Cable Protection",4429,28698.55
2025-05-31,"Chassis NVH",3538,85962.25
2025-05-31,"Hoses & Bellows",4632,69520.72
2025-05-31,"Other Automotive",3156,28666.43
2025-05-31,"Powertrain Mounts",1337,77858.44
2025-05-31,"Sealing",17493,56457.64
2025-06-01,"Cable Protection",2344,15407.71
2025-06-01,"Chassis NVH",2451,56883.96
2025-06-01,"Hoses & Bellows",3546,51564.02
2025-06-01,"Other Automotive",1903,17217.25
2025-06-01,"Powertrain Mounts",1060,61915.69
2025-06-01,"Sealing",10957,34782.01
2025-06-02,"Cable Protection",23194,151605.64
2025-06-02,"Chassis NVH",11511,273560.98
2025-06-02,"Hoses & Bellows",15415,228704.7
2025-06-02,"Other Automotive",12029,112306.31
2025-06-02,"Powertrain Mounts",4445,254809.61
2025-06-02,"Sealing",76691,245607.03
2025-06-03,"Cable Protection",24371,164047.14
2025-06-03,"Chassis NVH",11668,287236.24
2025-06-03,"Hoses & Bellows",16049,242302.95
2025-06-03,"Other Automotive",12648,113650.65
2025-06-03,"Powertrain Mounts",4478,262574.3
2025-06-03,"Sealing",83930,268603.94
2025-06-04,"Cable Protection",25853,168430.57
2025-06-04,"Chassis NVH",11526,281615.02
2025-06-04,"Hoses & Bellows",15635,231659.88
2025-06-04,"Other Automotive",12606,114398.79
2025-06-04,"Powertrain Mounts",4698,271825.23
2025-06-04,"Sealing",87616,284517.87
2025-06-05,"Cable Protection",26245,168843.94
2025-06-05,"Chassis NVH",11479,270823.08
2025-06-05,"Hoses & Bellows",14975,227672.72
2025-06-05,"Other Automotive",12973,112382.05
2025-06-05,"Powertrain Mounts",4662,271606.22
2025-06-05,"Sealing",89247,281910.16
2025-06-06,"Cable Protection",22214,140570.94
2025-06-06,"Chassis NVH",10925,268344.84
2025-06-06,"Hoses & Bellows",13597,205381.28
2025-06-06,"Other Automotive",11868,111944.44
2025-06-06,"Powertrain Mounts",4352,256061.4
2025-06-06,"Sealing",80403,247931.12
2025-06-07,"Cable Protection",1995,12967.51
2025-06-07,"Chassis NVH",2552,62891.91
2025-06-07,"Hoses & Bellows",3561,55340.86
2025-06-07,"Other Automotive",1842,16280.93
2025-06-07,"Powertrain Mounts",944,54958.92
2025-06-07,"Sealing",10874,35516.66
2025-06-08,"Cable Protection",2119,13676.11
2025-06-08,"Chassis NVH",2581,61246.3
2025-06-08,"Hoses & Bellows",3707,56169.35
2025-06-08,"Other Automotive",2001,18154.28
2025-06-08,"Powertrain Mounts",953,54251.34
2025-06-08,"Sealing",11795,37744.12
2025-06-09,"Cable Protection",23435,151536.17
2025-06-09,"Chassis NVH",11342,273518.85
2025-06-09,"Hoses & Bellows",16484,247992.19
2025-06-09,"Other Automotive",12595,114154.11
2025-06-09,"Powertrain Mounts",4438,267330.28
2025-06-09,"Sealing",86395,278337.03
2025-06-10,"Cable Protection",25445,165049.88
2025-06-10,"Chassis NVH",11900,282090.49
2025-06-10,"Hoses & Bellows",16812,255722.4
2025-06-10,"Other Automotive",12327,111089.57
2025-06-10,"Powertrain Mounts",4737,278544.69
2025-06-10,"Sealing",95620,305997.16
2025-06-11,"Cable Protection",25879,169865.72
2025-06-11,"Chassis NVH",12235,285627.43
2025-06-11,"Hoses & Bellows",16225,236846.92
2025-06-11,"Other Automotive",11909,107392.09
2025-06-11,"Powertrain Mounts",5182,301805.22
2025-06-11,"Sealing",91841,288550.87
2025-06-12,"Cable Protection",24179,156601.71
2025-06-12,"Chassis NVH",12288,282859.63
2025-06-12,"Hoses & Bellows",16369,251410.58
2025-06-12,"Other Automotive",12312,110618.19
2025-06-12,"Powertrain Mounts",5091,292269.43
2025-06-12,"Sealing",88482,285531.71
2025-06-13,"Cable Protection",22039,141333.67
2025-06-13,"Chassis NVH",10581,260095.74
2025-06-13,"Hoses & Bellows",14941,217329.15
2025-06-13,"Other Automotive",11416,102964.91
2025-06-13,"Powertrain Mounts",4806,284761.04
2025-06-13,"Sealing",80501,246574.11
2025-06-14,"Cable Protection",4535,29438.82
2025-06-14,"Chassis NVH",3736,89889.45
2025-06-14,"Hoses & Bellows",5093,77827.63
2025-06-14,"Other Automotive",2872,25981.3
2025-06-14,"Powertrain Mounts",1279,75866.28
2025-06-14,"Sealing",18089,58829.02
2025-06-15,"Cable Protection",2178,14221.01
2025-06-15,"Chassis NVH",2547,61380.64
2025-06-15,"Hoses & Bellows",3302,50036.42
2025-06-15,"Other Automotive",2003,17792.24
2025-06-15,"Powertrain Mounts",1128,65313.28
2025-06-15,"Sealing",11286,35813.05
2025-06-16,"Cable Protection",21563,140399.57
2025-06-16,"Chassis NVH",11536,277516.41
2025-06-16,"Hoses & Bellows",14850,224766.03
2025-06-16,"Other Automotive",11701,109258.86
2025-06-16,"Powertrain Mounts",4996,290592.31
2025-06-16,"Sealing",87192,281806.2
2025-06-17,"Cable Protection",22412,147702.23
2025-06-17,"Chassis NVH",11608,277635.72
2025-06-17,"Hoses & Bellows",14402,217533.35
2025-06-17,"Other Automotive",12002,111051.12
2025-06-17,"Powertrain Mounts",5142,290368.97
2025-06-17,"Sealing",86164,272336.56
2025-06-18,"Cable Protection",23295,150801.75
2025-06-18,"Chassis NVH",11637,281496.29
2025-06-18,"Hoses & Bellows",15100,226136.57
2025-06-18,"Other Automotive",11181,103001.86
2025-06-18,"Powertrain Mounts",5491,317946.48
2025-06-18,"Sealing",86536,282029.49
2025-06-19,"Cable Protection",24088,159891.35
2025-06-19,"Chassis NVH",12112,285683.72
2025-06-19,"Hoses & Bellows",15841,233602.92
2025-06-19,"Other Automotive",11670,103013.45
2025-06-19,"Powertrain Mounts",4854,280847.35
2025-06-19,"Sealing",87994,282339.29
2025-06-20,"Cable Protection",20668,133531.04
2025-06-20,"Chassis NVH",11456,273435.27
2025-06-20,"Hoses & Bellows",14187,206476.17
2025-06-20,"Other Automotive",10836,99767.14
2025-06-20,"Powertrain Mounts",4345,246663.96
2025-06-20,"Sealing",82132,254763.52
2025-06-21,"Cable Protection",3901,25050.14
2025-06-21,"Chassis NVH",3445,80649.67
2025-06-21,"Hoses & Bellows",4942,73889.82
2025-06-21,"Other Automotive",2684,24422.8
2025-06-21,"Powertrain Mounts",1305,73264.51
2025-06-21,"Sealing",17688,56769.46
2025-06-22,"Cable Protection",2258,14593.87
2025-06-22,"Chassis NVH",2573,63340.1
2025-06-22,"Hoses & Bellows",3801,56249.18
2025-06-22,"Other Automotive",1863,16825.27
2025-06-22,"Powertrain Mounts",946,55320.41
2025-06-22,"Sealing",11794,37517.4
2025-06-23,"Cable Protection",23913,159910.82
2025-06-23,"Chassis NVH",11816,281750.98
2025-06-23,"Hoses & Bellows",14152,218602.13
2025-06-23,"Other Automotive",11800,105627.8
2025-06-23,"Powertrain Mounts",4714,276144.35
2025-06-23,"Sealing",87339,284300.47
2025-06-24,"Cable Protection",24403,151412.15
2025-06-24,"Chassis NVH",12426,308061.65
2025-06-24,"Hoses & Bellows",16018,242183.22
2025-06-24,"Other Automotive",11717,103573.67
2025-06-24,"Powertrain Mounts",5045,299061.52
2025-06-24,"Sealing",89520,286407.86
2025-06-25,"Cable Protection",23852,152080.6
2025-06-25,"Chassis NVH",13073,319599.98
2025-06-25,"Hoses & Bellows",16228,244446.38
2025-06-25,"Other Automotive",12642,109878.92
2025-06-25,"Powertrain Mounts",5024,288895.17
2025-06-25,"Sealing",96639,311396.29
2025-06-26,"Cable Protection",26152,174767.83
2025-06-26,"Chassis NVH",12968,314309.73
2025-06-26,"Hoses & Bellows",15107,226693.75
2025-06-26,"Other Automotive",13124,114137.72
2025-06-26,"Powertrain Mounts",4718,277794.67
2025-06-26,"Sealing",94214,306314.51
2025-06-27,"Cable Protection",25062,160865.9
2025-06-27,"Chassis NVH",12006,284636.3
2025-06-27,"Hoses & Bellows",14491,220833.54
2025-06-27,"Other Automotive",11878,107642.51
2025-06-27,"Powertrain Mounts",4287,251465.14
2025-06-27,"Sealing",88642,286694.93
2025-06-28,"Cable Protection",4463,29030.01
2025-06-28,"Chassis NVH",3710,89416.37
2025-06-28,"Hoses & Bellows",4800,72838.3
2025-06-28,"Other Automotive",2776,24769.55
2025-06-28,"Powertrain Mounts",1190,69915.98
2025-06-28,"Sealing",18712,58972.06
2025-06-29,"Cable Protection",2633,17153.25
2025-06-29,"Chassis NVH",2630,62088.98
2025-06-29,"Hoses & Bellows",3732,56104.08
2025-06-29,"Other Automotive",1901,17178.1
2025-06-29,"Powertrain Mounts",908,53057.56
2025-06-29,"Sealing",12188,39662.19
2025-06-30,"Cable Protection",24566,157306.03
2025-06-30,"Chassis NVH",11601,287694.17
2025-06-30,"Hoses & Bellows",15110,227026.38
2025-06-30,"Other Automotive",11261,104726.44
2025-06-30,"Powertrain Mounts",4305,242221.45
2025-06-30,"Sealing",88175,284809.29
2025-07-01,"Cable Protection",25864,168563.2
2025-07-01,"Chassis NVH",11408,276828.48
2025-07-01,"Hoses & Bellows",16227,251149.18
2025-07-01,"Other Automotive",11385,102617.93
2025-07-01,"Powertrain Mounts",4551,262514.29
2025-07-01,"Sealing",82938,262199.65
2025-07-02,"Cable Protection",24443,159271.38
2025-07-02,"Chassis NVH",11896,275426.52
2025-07-02,"Hoses & Bellows",16825,250305.16
2025-07-02,"Other Automotive",11166,100053.72
2025-07-02,"Powertrain Mounts",4543,259180.84
2025-07-02,"Sealing",87616,280422.15
2025-07-03,"Cable Protection",21846,141316
2025-07-03,"Chassis NVH",10790,255942.46
2025-07-03,"Hoses & Bellows",14151,215357.56
2025-07-03,"Other Automotive",11100,101198.36
2025-07-03,"Powertrain Mounts",4328,251065.24
2025-07-03,"Sealing",78634,257615.62
2025-07-04,"Cable Protection",20514,130029.83
2025-07-04,"Chassis NVH",9293,219177.89
2025-07-04,"Hoses & Bellows",13591,202225.19
2025-07-04,"Other Automotive",10243,91821.83
2025-07-04,"Powertrain Mounts",3939,232065.83
2025-07-04,"Sealing",75063,240451.04
2025-07-05,"Cable Protection",4100,26694.82
2025-07-05,"Chassis NVH",3380,78981.67
2025-07-05,"Hoses & Bellows",4939,74996.45
2025-07-05,"Other Automotive",2798,24375.95
2025-07-05,"Powertrain Mounts",1252,72797.95
2025-07-05,"Sealing",17023,55919.2
2025-07-06,"Cable Protection",2168,14409.76
2025-07-06,"Chassis NVH",2405,58340.56
2025-07-06,"Hoses & Bellows",3630,53522.29
2025-07-06,"Other Automotive",1917,16357.39
2025-07-06,"Powertrain Mounts",918,54146.6
2025-07-06,"Sealing",10938,35131.28
2025-07-07,"Cable Protection",21045,134771.29
2025-07-07,"Chassis NVH",10207,241849.94
2025-07-07,"Hoses & Bellows",14076,212071.17
2025-07-07,"Other Automotive",10409,93381.55
2025-07-07,"Powertrain Mounts",4655,271613.42
2025-07-07,"Sealing",73109,240116.81
2025-07-08,"Cable Protection",22188,145182.57
2025-07-08,"Chassis NVH",10981,256593.05
2025-07-08,"Hoses & Bellows",13951,202378.85
2025-07-08,"Other Automotive",11767,104333.9
2025-07-08,"Powertrain Mounts",4643,270451.39
2025-07-08,"Sealing",82670,265137.16
2025-07-09,"Cable Protection",23318,151785.76
2025-07-09,"Chassis NVH",11108,264298.76
2025-07-09,"Hoses & Bellows",14070,213803.04
2025-07-09,"Other Automotive",11863,106068.35
2025-07-09,"Powertrain Mounts",4679,271608.29
2025-07-09,"Sealing",82967,251444.74
2025-07-10,"Cable Protection",23580,149722.78
2025-07-10,"Chassis NVH",10986,262573.39
2025-07-10,"Hoses & Bellows",13739,210064.3
2025-07-10,"Other Automotive",10988,100705.46
2025-07-10,"Powertrain Mounts",4714,267110.15
2025-07-10,"Sealing",77462,251361.24
2025-07-11,"Cable Protection",21408,140845.74
2025-07-11,"Chassis NVH",9607,230080.05
2025-07-11,"Hoses & Bellows",12533,190979.51
2025-07-11,"Other Automotive",10139,89838.96
2025-07-11,"Powertrain Mounts",3694,215894.95
2025-07-11,"Sealing",68989,214636.59
2025-07-12,"Cable Protection",3662,23579.96
2025-07-12,"Chassis NVH",3080,75592.92
2025-07-12,"Hoses & Bellows",4794,69609.75
2025-07-12,"Other Automotive",2738,24558.29
2025-07-12,"Powertrain Mounts",1337,76058.5
2025-07-12,"Sealing",15365,49328.2
2025-07-13,"Cable Protection",2277,14813.99
2025-07-13,"Chassis NVH",2542,63513.79
2025-07-13,"Hoses & Bellows",3719,56815.42
2025-07-13,"Other Automotive",1917,17320.76
2025-07-13,"Powertrain Mounts",1021,59271.28
2025-07-13,"Sealing",10170,32591.35
2025-07-14,"Cable Protection",20725,133983.1
2025-07-14,"Chassis NVH",9826,243648.76
2025-07-14,"Hoses & Bellows",14173,212395.36
2025-07-14,"Other Automotive",9852,88893.93
2025-07-14,"Powertrain Mounts",3932,225396.57
2025-07-14,"Sealing",66136,205040.23
2025-07-15,"Cable Protection",20777,135494.4
2025-07-15,"Chassis NVH",9674,232875.93
2025-07-15,"Hoses & Bellows",14625,221182.35
2025-07-15,"Other Automotive",10390,90772.01
2025-07-15,"Powertrain Mounts",4074,233240.86
2025-07-15,"Sealing",71048,232653.3
2025-07-16,"Cable Protection",20708,134292.51
2025-07-16,"Chassis NVH",9720,234373.8
2025-07-16,"Hoses & Bellows",15497,227063.45
2025-07-16,"Other Automotive",10953,100141.7
2025-07-16,"Powertrain Mounts",4174,238830.46
2025-07-16,"Sealing",71587,229577.89
2025-07-17,"Cable Protection",20446,134106.77
2025-07-17,"Chassis NVH",10335,253492.73
2025-07-17,"Hoses & Bellows",14901,220447.83
2025-07-17,"Other Automotive",10965,99901.91
2025-07-17,"Powertrain Mounts",4329,264386.4
2025-07-17,"Sealing",73160,229715.68
2025-07-18,"Cable Protection",19094,122188.03
2025-07-18,"Chassis NVH",9024,213911.81
2025-07-18,"Hoses & Bellows",12923,188828.2
2025-07-18,"Other Automotive",10481,95000.43
2025-07-18,"Powertrain Mounts",3716,210916.52
2025-07-18,"Sealing",70355,230325.63
2025-07-19,"Cable Protection",3662,24273.92
2025-07-19,"Chassis NVH",3102,73396.56
2025-07-19,"Hoses & Bellows",4585,68466.85
2025-07-19,"Other Automotive",2740,24771.61
2025-07-19,"Powertrain Mounts",1155,68036.71
2025-07-19,"Sealing",16531,52883.33
2025-07-20,"Cable Protection",1826,11570.26
2025-07-20,"Chassis NVH",2327,56650.65
2025-07-20,"Hoses & Bellows",3626,53618.66
2025-07-20,"Other Automotive",1693,15423.84
2025-07-20,"Powertrain Mounts",888,53627.45
2025-07-20,"Sealing",9648,30199.08
2025-07-21,"Cable Protection",12594,81269.05
2025-07-21,"Chassis NVH",6397,150487.73
2025-07-21,"Hoses & Bellows",9173,137776.3
2025-07-21,"Other Automotive",6456,58884.57
2025-07-21,"Powertrain Mounts",2648,152831.37
2025-07-21,"Sealing",44518,142091.09
2025-07-22,"Cable Protection",13792,89219.54
2025-07-22,"Chassis NVH",7351,176324.24
2025-07-22,"Hoses & Bellows",9394,141627.27
2025-07-22,"Other Automotive",7420,68147.62
2025-07-22,"Powertrain Mounts",3028,174328.67
2025-07-22,"Sealing",48403,161363.39
2025-07-23,"Cable Protection",13691,88705.53
2025-07-23,"Chassis NVH",7359,184068.8
2025-07-23,"Hoses & Bellows",9782,141223.07
2025-07-23,"Other Automotive",7027,63570.03
2025-07-23,"Powertrain Mounts",2847,169285.43
2025-07-23,"Sealing",46165,149207.39
2025-07-24,"Cable Protection",13819,87772.71
2025-07-24,"Chassis NVH",7107,172594.66
2025-07-24,"Hoses & Bellows",9432,143580.64
2025-07-24,"Other Automotive",6671,59292.21
2025-07-24,"Powertrain Mounts",3014,175191.89
2025-07-24,"Sealing",44300,142936.48
2025-07-25,"Cable Protection",13239,85923.9
2025-07-25,"Chassis NVH",6375,147510.27
2025-07-25,"Hoses & Bellows",8063,121447.51
2025-07-25,"Other Automotive",5886,51428.22
2025-07-25,"Powertrain Mounts",2378,136843.9
2025-07-25,"Sealing",46142,145249.4
2025-07-26,"Cable Protection",3093,19837.57
2025-07-26,"Chassis NVH",2616,64768.95
2025-07-26,"Hoses & Bellows",3703,53797.51
2025-07-26,"Other Automotive",2221,19963.01
2025-07-26,"Powertrain Mounts",1068,63795.99
2025-07-26,"Sealing",13379,43274.14
2025-07-27,"Cable Protection",1988,13116.48
2025-07-27,"Chassis NVH",2424,58553.13
2025-07-27,"Hoses & Bellows",3253,48830.04
2025-07-27,"Other Automotive",1585,14272.06
2025-07-27,"Powertrain Mounts",901,51384.6
2025-07-27,"Sealing",9460,30987.28
2025-07-28,"Cable Protection",13467,87817.87
2025-07-28,"Chassis NVH",6587,159075.65
2025-07-28,"Hoses & Bellows",8820,128859.28
2025-07-28,"Other Automotive",6413,57034.57
2025-07-28,"Powertrain Mounts",2686,156247.16
2025-07-28,"Sealing",47591,147249.97
2025-07-29,"Cable Protection",13557,89185.51
2025-07-29,"Chassis NVH",7336,175088
2025-07-29,"Hoses & Bellows",9374,137403.27
2025-07-29,"Other Automotive",6773,60503.94
2025-07-29,"Powertrain Mounts",2920,174351.6
2025-07-29,"Sealing",48335,155416.25
2025-07-30,"Cable Protection",13209,85798.99
2025-07-30,"Chassis NVH",7141,168425.01
2025-07-30,"Hoses & Bellows",9189,135859.46
2025-07-30,"Other Automotive",6605,58999.63
2025-07-30,"Powertrain Mounts",2851,169258.98
2025-07-30,"Sealing",47842,153340.49
2025-07-31,"Cable Protection",13019,84050.47
2025-07-31,"Chassis NVH",7081,167609.3
2025-07-31,"Hoses & Bellows",8787,132183.33
2025-07-31,"Other Automotive",6542,59374.3
2025-07-31,"Powertrain Mounts",2906,173996.07
2025-07-31,"Sealing",47207,156427.23
2025-08-01,"Cable Protection",10259,66653.79
2025-08-01,"Chassis NVH",5560,134437.66
2025-08-01,"Hoses & Bellows",7296,108060.79
2025-08-01,"Other Automotive",4912,43268.91
2025-08-01,"Powertrain Mounts",2359,137560.3
2025-08-01,"Sealing",31525,100025.9
2025-08-02,"Cable Protection",2688,17807.8
2025-08-02,"Chassis NVH",2602,61791.49
2025-08-02,"Hoses & Bellows",3561,55644.03
2025-08-02,"Other Automotive",2031,18607.47
2025-08-02,"Powertrain Mounts",1096,64251.29
2025-08-02,"Sealing",10808,34952.79
2025-08-03,"Cable Protection",1802,11471
2025-08-03,"Chassis NVH",2505,61908.8
2025-08-03,"Hoses & Bellows",2911,43836.86
2025-08-03,"Other Automotive",1692,15469.51
2025-08-03,"Powertrain Mounts",805,46581.35
2025-08-03,"Sealing",9657,31237.69
2025-08-04,"Cable Protection",10381,65823.86
2025-08-04,"Chassis NVH",6035,146849.55
2025-08-04,"Hoses & Bellows",7687,116130.11
2025-08-04,"Other Automotive",5798,52216.26
2025-08-04,"Powertrain Mounts",2373,135987.2
2025-08-04,"Sealing",34992,113140.42
2025-08-05,"Cable Protection",10842,69093.33
2025-08-05,"Chassis NVH",6196,146818.26
2025-08-05,"Hoses & Bellows",7620,114648.77
2025-08-05,"Other Automotive",6229,57598.49
2025-08-05,"Powertrain Mounts",2585,146791.47
2025-08-05,"Sealing",37548,118368.76
2025-08-06,"Cable Protection",11244,74250.57
2025-08-06,"Chassis NVH",6116,146953.29
2025-08-06,"Hoses & Bellows",7778,117967.24
2025-08-06,"Other Automotive",6160,54573.44
2025-08-06,"Powertrain Mounts",2539,151128.04
2025-08-06,"Sealing",41325,130264.01
2025-08-07,"Cable Protection",10808,71986.16
2025-08-07,"Chassis NVH",6275,152236.44
2025-08-07,"Hoses & Bellows",8513,126588.74
2025-08-07,"Other Automotive",5231,47015.02
2025-08-07,"Powertrain Mounts",2591,154152.65
2025-08-07,"Sealing",38270,124376.87
2025-08-08,"Cable Protection",9051,58524.01
2025-08-08,"Chassis NVH",5340,125632.07
2025-08-08,"Hoses & Bellows",6991,108932.84
2025-08-08,"Other Automotive",5427,49925.16
2025-08-08,"Powertrain Mounts",2245,132058.52
2025-08-08,"Sealing",37383,119922.2
2025-08-09,"Cable Protection",2498,16840.01
2025-08-09,"Chassis NVH",2596,64001.76
2025-08-09,"Hoses & Bellows",3554,53503.98
2025-08-09,"Other Automotive",1934,16788.53
2025-08-09,"Powertrain Mounts",992,56928.49
2025-08-09,"Sealing",12793,40578.75
2025-08-10,"Cable Protection",1805,11891.11
2025-08-10,"Chassis NVH",2183,50937.63
2025-08-10,"Hoses & Bellows",3020,46126.01
2025-08-10,"Other Automotive",1790,16183.47
2025-08-10,"Powertrain Mounts",815,46901.71
2025-08-10,"Sealing",9927,31480.45
2025-08-11,"Cable Protection",10102,65493.82
2025-08-11,"Chassis NVH",5695,139703.95
2025-08-11,"Hoses & Bellows",8068,125944.22
2025-08-11,"Other Automotive",6080,54055.67
2025-08-11,"Powertrain Mounts",2428,143772.47
2025-08-11,"Sealing",41718,137034.35
2025-08-12,"Cable Protection",10687,69282.72
2025-08-12,"Chassis NVH",6142,149200.75
2025-08-12,"Hoses & Bellows",8563,127934.99
2025-08-12,"Other Automotive",6366,57720.15
2025-08-12,"Powertrain Mounts",2681,158025.01
2025-08-12,"Sealing",41768,130026.17
2025-08-13,"Cable Protection",11132,73139.93
2025-08-13,"Chassis NVH",6220,147020.21
2025-08-13,"Hoses & Bellows",8105,118578.19
2025-08-13,"Other Automotive",6473,58424.86
2025-08-13,"Powertrain Mounts",2674,160879.68
2025-08-13,"Sealing",42584,140645.92
2025-08-14,"Cable Protection",11450,73484.32
2025-08-14,"Chassis NVH",6337,147503.82
2025-08-14,"Hoses & Bellows",8771,130272.1
2025-08-14,"Other Automotive",6266,56489.44
2025-08-14,"Powertrain Mounts",2755,159299.34
2025-08-14,"Sealing",41517,134621.42
2025-08-15,"Cable Protection",10803,70255.06
2025-08-15,"Chassis NVH",5927,143573.51
2025-08-15,"Hoses & Bellows",7701,117996.56
2025-08-15,"Other Automotive",5665,50578.89
2025-08-15,"Powertrain Mounts",2506,142790.97
2025-08-15,"Sealing",36803,115036.74
2025-08-16,"Cable Protection",3580,23588.17
2025-08-16,"Chassis NVH",2899,70720.31
2025-08-16,"Hoses & Bellows",4111,60686.35
2025-08-16,"Other Automotive",2269,20492.02
2025-08-16,"Powertrain Mounts",1116,64792.58
2025-08-16,"Sealing",14129,45579.77
2025-08-17,"Cable Protection",1985,12701.67
2025-08-17,"Chassis NVH",2251,53950.37
2025-08-17,"Hoses & Bellows",3291,47520.9
2025-08-17,"Other Automotive",1473,13125.33
2025-08-17,"Powertrain Mounts",971,56157.57
2025-08-17,"Sealing",8986,28037.76
2025-08-18,"Cable Protection",16533,105226.74
2025-08-18,"Chassis NVH",8571,207533.35
2025-08-18,"Hoses & Bellows",11750,174868.36
2025-08-18,"Other Automotive",7229,64349.39
2025-08-18,"Powertrain Mounts",3876,225488.56
2025-08-18,"Sealing",54985,177659.96
2025-08-19,"Cable Protection",17142,113551.88
2025-08-19,"Chassis NVH",9662,231716.71
2025-08-19,"Hoses & Bellows",12046,175924.98
2025-08-19,"Other Automotive",8482,74720.85
2025-08-19,"Powertrain Mounts",3880,226722.42
2025-08-19,"Sealing",61271,205887.05
2025-08-20,"Cable Protection",17260,111456.29
2025-08-20,"Chassis NVH",8988,215051.04
2025-08-20,"Hoses & Bellows",12835,192712.07
2025-08-20,"Other Automotive",9739,88992.08
2025-08-20,"Powertrain Mounts",3844,227925.89
2025-08-20,"Sealing",63114,201681.71
2025-08-21,"Cable Protection",17903,116113.36
2025-08-21,"Chassis NVH",9439,229628.94
2025-08-21,"Hoses & Bellows",12185,181813.36
2025-08-21,"Other Automotive",8729,75264.97
2025-08-21,"Powertrain Mounts",3824,222203.71
2025-08-21,"Sealing",61955,198431.31
2025-08-22,"Cable Protection",15104,95693.12
2025-08-22,"Chassis NVH",8451,205584.63
2025-08-22,"Hoses & Bellows",11147,168370.03
2025-08-22,"Other Automotive",7742,68119.4
2025-08-22,"Powertrain Mounts",3409,201276.93
2025-08-22,"Sealing",57850,178769.2
2025-08-23,"Cable Protection",3075,19212.91
2025-08-23,"Chassis NVH",3041,71507.44
2025-08-23,"Hoses & Bellows",4252,62780.15
2025-08-23,"Other Automotive",2267,20637.97
2025-08-23,"Powertrain Mounts",1130,64370.82
2025-08-23,"Sealing",13826,43629.7
2025-08-24,"Cable Protection",1880,12484.82
2025-08-24,"Chassis NVH",2373,56981.25
2025-08-24,"Hoses & Bellows",3330,49939.87
2025-08-24,"Other Automotive",1642,14446.22
2025-08-24,"Powertrain Mounts",889,50607.28
2025-08-24,"Sealing",9770,31139.94
2025-08-25,"Cable Protection",16035,105628.28
2025-08-25,"Chassis NVH",8191,195490.95
2025-08-25,"Hoses & Bellows",11819,177421.42
2025-08-25,"Other Automotive",8399,76303.99
2025-08-25,"Powertrain Mounts",3271,194587.86
2025-08-25,"Sealing",58231,181860.57
2025-08-26,"Cable Protection",16903,107838.02
2025-08-26,"Chassis NVH",8611,207219.25
2025-08-26,"Hoses & Bellows",11910,178187.02
2025-08-26,"Other Automotive",9089,81963.93
2025-08-26,"Powertrain Mounts",3651,213810.79
2025-08-26,"Sealing",62488,200402.07
2025-08-27,"Cable Protection",17473,113061.93
2025-08-27,"Chassis NVH",9211,220150.16
2025-08-27,"Hoses & Bellows",12593,188204.53
2025-08-27,"Other Automotive",9620,86084
2025-08-27,"Powertrain Mounts",3809,214115.98
2025-08-27,"Sealing",66715,218744.35
2025-08-28,"Cable Protection",18281,117574.49
2025-08-28,"Chassis NVH",8578,208550.02
2025-08-28,"Hoses & Bellows",11571,172636.99
2025-08-28,"Other Automotive",8824,79525.65
2025-08-28,"Powertrain Mounts",3627,210207.11
2025-08-28,"Sealing",63294,203185.12
2025-08-29,"Cable Protection",17103,111907.94
2025-08-29,"Chassis NVH",8101,197341.9
2025-08-29,"Hoses & Bellows",10630,160428.47
2025-08-29,"Other Automotive",8693,77701.81
2025-08-29,"Powertrain Mounts",3473,205006.6
2025-08-29,"Sealing",57879,186080.67
2025-08-30,"Cable Protection",3418,21714.34
2025-08-30,"Chassis NVH",2687,63755.66
2025-08-30,"Hoses & Bellows",3976,58549.44
2025-08-30,"Other Automotive",2418,21894.82
2025-08-30,"Powertrain Mounts",1158,68725.36
2025-08-30,"Sealing",14439,47238.05
2025-08-31,"Cable Protection",1967,12933.59
2025-08-31,"Chassis NVH",2195,50774.45
2025-08-31,"Hoses & Bellows",3306,48265.6
2025-08-31,"Other Automotive",1727,15522.95
2025-08-31,"Powertrain Mounts",817,47169.67
2025-08-31,"Sealing",9233,29285.8
2025-09-01,"Cable Protection",24763,156596.21
2025-09-01,"Chassis NVH",10908,260301.58
2025-09-01,"Hoses & Bellows",15153,223985.82
2025-09-01,"Other Automotive",11667,105764.46
2025-09-01,"Powertrain Mounts",4854,274466.66
2025-09-01,"Sealing",84146,267849.97
2025-09-02,"Cable Protection",24892,165460.31
2025-09-02,"Chassis NVH",11690,276586.51
2025-09-02,"Hoses & Bellows",15651,233585.17
2025-09-02,"Other Automotive",11790,107291.16
2025-09-02,"Powertrain Mounts",5353,310582.91
2025-09-02,"Sealing",88444,292773.36
2025-09-03,"Cable Protection",24775,162984.47
2025-09-03,"Chassis NVH",11976,285342.26
2025-09-03,"Hoses & Bellows",15641,225192.09
2025-09-03,"Other Automotive",12547,108453.07
2025-09-03,"Powertrain Mounts",5065,300526.69
2025-09-03,"Sealing",88529,286874.83
2025-09-04,"Cable Protection",22436,145253.94
2025-09-04,"Chassis NVH",11319,276773.1
2025-09-04,"Hoses & Bellows",15028,223400.19
2025-09-04,"Other Automotive",12578,113041.28
2025-09-04,"Powertrain Mounts",4896,287507.66
2025-09-04,"Sealing",87454,280303.04
2025-09-05,"Cable Protection",21137,135829.99
2025-09-05,"Chassis NVH",10983,263863.66
2025-09-05,"Hoses & Bellows",13781,206096.1
2025-09-05,"Other Automotive",10980,97818.59
2025-09-05,"Powertrain Mounts",4178,245529.92
2025-09-05,"Sealing",81452,257704.54
2025-09-06,"Cable Protection",4185,26609.98
2025-09-06,"Chassis NVH",3204,75796.42
2025-09-06,"Hoses & Bellows",4632,69697.65
2025-09-06,"Other Automotive",2743,24886.53
2025-09-06,"Powertrain Mounts",1156,65242.17
2025-09-06,"Sealing",18107,57681.5
2025-09-07,"Cable Protection",2278,14718.77
2025-09-07,"Chassis NVH",2382,58799.39
2025-09-07,"Hoses & Bellows",3419,51370.54
2025-09-07,"Other Automotive",1725,15347.23
2025-09-07,"Powertrain Mounts",881,50451.64
2025-09-07,"Sealing",11156,35165.19
2025-09-08,"Cable Protection",24029,151600.12
2025-09-08,"Chassis NVH",11410,268303.57
2025-09-08,"Hoses & Bellows",14811,218866.31
2025-09-08,"Other Automotive",11675,100352.81
2025-09-08,"Powertrain Mounts",4340,255056.22
2025-09-08,"Sealing",90993,283542.48
2025-09-09,"Cable Protection",24399,162152.26
2025-09-09,"Chassis NVH",12064,285875.81
2025-09-09,"Hoses & Bellows",15424,235617
2025-09-09,"Other Automotive",12340,109249.38
2025-09-09,"Powertrain Mounts",4686,266653.81
2025-09-09,"Sealing",93431,293514.81
2025-09-10,"Cable Protection",24185,160650.45
2025-09-10,"Chassis NVH",11178,272972.35
2025-09-10,"Hoses & Bellows",15867,240589.88
2025-09-10,"Other Automotive",12871,115005.89
2025-09-10,"Powertrain Mounts",4883,279485.63
2025-09-10,"Sealing",88414,284391.58
2025-09-11,"Cable Protection",24287,161745.06
2025-09-11,"Chassis NVH",11128,270223.37
2025-09-11,"Hoses & Bellows",15833,240588.27
2025-09-11,"Other Automotive",11811,106942.12
2025-09-11,"Powertrain Mounts",4581,271653.47
2025-09-11,"Sealing",86566,278471.75
2025-09-12,"Cable Protection",22538,144666.37
2025-09-12,"Chassis NVH",10917,262849.99
2025-09-12,"Hoses & Bellows",14776,224155
2025-09-12,"Other Automotive",10459,89487.23
2025-09-12,"Powertrain Mounts",4446,262673.48
2025-09-12,"Sealing",76239,246957.21
2025-09-13,"Cable Protection",4212,27259.22
2025-09-13,"Chassis NVH",3517,85097.28
2025-09-13,"Hoses & Bellows",5293,78167.72
2025-09-13,"Other Automotive",2684,24094.24
2025-09-13,"Powertrain Mounts",1431,84524.11
2025-09-13,"Sealing",17655,55666.02
2025-09-14,"Cable Protection",2153,13982.79
2025-09-14,"Chassis NVH",2442,59620.11
2025-09-14,"Hoses & Bellows",3685,54991.5
2025-09-14,"Other Automotive",1728,15257.91
2025-09-14,"Powertrain Mounts",934,57378.34
2025-09-14,"Sealing",9836,31346.34
2025-09-15,"Cable Protection",22973,149581.3
2025-09-15,"Chassis NVH",10684,257451.17
2025-09-15,"Hoses & Bellows",16080,245489.71
2025-09-15,"Other Automotive",12098,110976.21
2025-09-15,"Powertrain Mounts",4956,288776.74
2025-09-15,"Sealing",77020,244537.77
2025-09-16,"Cable Protection",24393,158472.34
2025-09-16,"Chassis NVH",10673,259588.62
2025-09-16,"Hoses & Bellows",17004,257027.74
2025-09-16,"Other Automotive",12428,113643.05
2025-09-16,"Powertrain Mounts",4897,282952.29
2025-09-16,"Sealing",83806,265802.86
2025-09-17,"Cable Protection",24556,158748.54
2025-09-17,"Chassis NVH",11219,262482.49
2025-09-17,"Hoses & Bellows",16296,244173.18
2025-09-17,"Other Automotive",13000,118203.82
2025-09-17,"Powertrain Mounts",5102,301699.11
2025-09-17,"Sealing",85979,277752.19
2025-09-18,"Cable Protection",23948,154668.6
2025-09-18,"Chassis NVH",11388,271401.75
2025-09-18,"Hoses & Bellows",15535,234851.63
2025-09-18,"Other Automotive",12528,114865.97
2025-09-18,"Powertrain Mounts",4780,268698.85
2025-09-18,"Sealing",83446,263715.14
2025-09-19,"Cable Protection",22841,145999.65
2025-09-19,"Chassis NVH",10189,245779.27
2025-09-19,"Hoses & Bellows",13497,201591.05
2025-09-19,"Other Automotive",11067,100875.41
2025-09-19,"Powertrain Mounts",4235,247336.73
2025-09-19,"Sealing",75250,247092.5
2025-09-20,"Cable Protection",4604,29697.84
2025-09-20,"Chassis NVH",3174,77987.41
2025-09-20,"Hoses & Bellows",4295,65588.73
2025-09-20,"Other Automotive",2679,23164.74
2025-09-20,"Powertrain Mounts",1277,73405.72
2025-09-20,"Sealing",17304,54171.54
2025-09-21,"Cable Protection",2414,15706.19
2025-09-21,"Chassis NVH",2327,54268.61
2025-09-21,"Hoses & Bellows",3426,48872.2
2025-09-21,"Other Automotive",1737,15533.62
2025-09-21,"Powertrain Mounts",918,54078.06
2025-09-21,"Sealing",10379,33996.53
2025-09-22,"Cable Protection",24762,160735.25
2025-09-22,"Chassis NVH",10545,253152.81
2025-09-22,"Hoses & Bellows",14250,211250.59
2025-09-22,"Other Automotive",10374,91294.44
2025-09-22,"Powertrain Mounts",4272,253565.39
2025-09-22,"Sealing",86076,276251.57
2025-09-23,"Cable Protection",26970,178412.24
2025-09-23,"Chassis NVH",10811,255934
2025-09-23,"Hoses & Bellows",14204,212313.02
2025-09-23,"Other Automotive",11200,101138.86
2025-09-23,"Powertrain Mounts",4511,263421.7
2025-09-23,"Sealing",84452,274747.66
2025-09-24,"Cable Protection",27188,177471.14
2025-09-24,"Chassis NVH",11985,282669.63
2025-09-24,"Hoses & Bellows",15080,226381.61
2025-09-24,"Other Automotive",11377,100699.46
2025-09-24,"Powertrain Mounts",4859,286378.32
2025-09-24,"Sealing",81367,263460.81
2025-09-25,"Cable Protection",27465,179494.56
2025-09-25,"Chassis NVH",11994,291787.71
2025-09-25,"Hoses & Bellows",14239,213892.19
2025-09-25,"Other Automotive",10886,99787.85
2025-09-25,"Powertrain Mounts",4395,254091.61
2025-09-25,"Sealing",87519,272414.87
2025-09-26,"Cable Protection",24118,156559.77
2025-09-26,"Chassis NVH",11399,279492.55
2025-09-26,"Hoses & Bellows",13725,201089.65
2025-09-26,"Other Automotive",10054,91077.62
2025-09-26,"Powertrain Mounts",4315,246746.47
2025-09-26,"Sealing",75725,242995.99
2025-09-27,"Cable Protection",4328,28026.04
2025-09-27,"Chassis NVH",3649,86668.5
2025-09-27,"Hoses & Bellows",4303,65002.93
2025-09-27,"Other Automotive",2595,22850.86
2025-09-27,"Powertrain Mounts",1238,74922.22
2025-09-27,"Sealing",17284,55190.16
2025-09-28,"Cable Protection",2407,16012.32
2025-09-28,"Chassis NVH",2690,64131.82
2025-09-28,"Hoses & Bellows",3248,47877.74
2025-09-28,"Other Automotive",1631,14737.69
2025-09-28,"Powertrain Mounts",952,55102.86
2025-09-28,"Sealing",11052,35897.35
2025-09-29,"Cable Protection",25375,163346.27
2025-09-29,"Chassis NVH",11144,263943.14
2025-09-29,"Hoses & Bellows",14544,214666.31
2025-09-29,"Other Automotive",11341,103771.26
2025-09-29,"Powertrain Mounts",4817,277468.98
2025-09-29,"Sealing",89992,300387.79
2025-09-30,"Cable Protection",27912,183102.34
2025-09-30,"Chassis NVH",11736,279871.24
2025-09-30,"Hoses & Bellows",14677,222223.12
2025-09-30,"Other Automotive",11568,102317.74
2025-09-30,"Powertrain Mounts",4599,263888.96
2025-09-30,"Sealing",97647,309829.04
2025-10-01,"Cable Protection",24094,157824.73
2025-10-01,"Chassis NVH",11510,282127.01
2025-10-01,"Hoses & Bellows",14680,215367.61
2025-10-01,"Other Automotive",11778,103525.35
2025-10-01,"Powertrain Mounts",4581,263319.06
2025-10-01,"Sealing",87840,289754.15
2025-10-02,"Cable Protection",24919,165164.17
2025-10-02,"Chassis NVH",10820,264313.8
2025-10-02,"Hoses & Bellows",14185,220392.2
2025-10-02,"Other Automotive",10935,99449.39
2025-10-02,"Powertrain Mounts",4782,276018.47
2025-10-02,"Sealing",82580,266963.82
2025-10-03,"Cable Protection",24040,152460.08
2025-10-03,"Chassis NVH",10182,248183.93
2025-10-03,"Hoses & Bellows",13182,196845.14
2025-10-03,"Other Automotive",9758,91198.29
2025-10-03,"Powertrain Mounts",4311,239137.78
2025-10-03,"Sealing",75942,240130.15
2025-10-04,"Cable Protection",4212,26943.84
2025-10-04,"Chassis NVH",3559,87485.83
2025-10-04,"Hoses & Bellows",4012,58293.8
2025-10-04,"Other Automotive",2832,26372.24
2025-10-04,"Powertrain Mounts",1302,72898.82
2025-10-04,"Sealing",16907,54679.52
2025-10-05,"Cable Protection",2271,15450.46
2025-10-05,"Chassis NVH",2627,62587.21
2025-10-05,"Hoses & Bellows",3363,50561.16
2025-10-05,"Other Automotive",1817,16718.77
2025-10-05,"Powertrain Mounts",944,52306.35
2025-10-05,"Sealing",10412,33585.85
2025-10-06,"Cable Protection",23545,154700.34
2025-10-06,"Chassis NVH",10501,258911.38
2025-10-06,"Hoses & Bellows",13868,209200.59
2025-10-06,"Other Automotive",10984,99730.62
2025-10-06,"Powertrain Mounts",4456,251849.13
2025-10-06,"Sealing",76957,243601.52
2025-10-07,"Cable Protection",24060,157569.36
2025-10-07,"Chassis NVH",10958,258627.4
2025-10-07,"Hoses & Bellows",14418,217561.03
2025-10-07,"Other Automotive",10967,101320.47
2025-10-07,"Powertrain Mounts",4712,268201.71
2025-10-07,"Sealing",80510,258963.31
2025-10-08,"Cable Protection",23838,156514.47
2025-10-08,"Chassis NVH",10676,252191.79
2025-10-08,"Hoses & Bellows",14890,223456.44
2025-10-08,"Other Automotive",11038,99534.52
2025-10-08,"Powertrain Mounts",4646,274187.27
2025-10-08,"Sealing",82981,263544.38
2025-10-09,"Cable Protection",23425,152373.05
2025-10-09,"Chassis NVH",9890,229080.11
2025-10-09,"Hoses & Bellows",15280,228502.66
2025-10-09,"Other Automotive",10755,97775.03
2025-10-09,"Powertrain Mounts",4414,246300.28
2025-10-09,"Sealing",79303,248417.11
2025-10-10,"Cable Protection",20226,133470.44
2025-10-10,"Chassis NVH",8790,207285.95
2025-10-10,"Hoses & Bellows",13733,209985.82
2025-10-10,"Other Automotive",9801,87158.76
2025-10-10,"Powertrain Mounts",4086,238149.75
2025-10-10,"Sealing",70959,233363.42
2025-10-11,"Cable Protection",3578,22936.65
2025-10-11,"Chassis NVH",2796,66280.95
2025-10-11,"Hoses & Bellows",4653,70515.11
2025-10-11,"Other Automotive",2465,22487.66
2025-10-11,"Powertrain Mounts",1149,66126.72
2025-10-11,"Sealing",15388,48861.06
2025-10-12,"Cable Protection",2029,13422.24
2025-10-12,"Chassis NVH",2353,57261.27
2025-10-12,"Hoses & Bellows",3492,51673.83
2025-10-12,"Other Automotive",1719,15090.72
2025-10-12,"Powertrain Mounts",862,50692.79
2025-10-12,"Sealing",9508,30425.86
2025-10-13,"Cable Protection",20015,131993.25
2025-10-13,"Chassis NVH",9469,222939.86
2025-10-13,"Hoses & Bellows",13627,206452.63
2025-10-13,"Other Automotive",10000,91897.07
2025-10-13,"Powertrain Mounts",3975,232752.89
2025-10-13,"Sealing",69216,222902.84
2025-10-14,"Cable Protection",19584,127928.12
2025-10-14,"Chassis NVH",9284,221936.53
2025-10-14,"Hoses & Bellows",14788,222469.37
2025-10-14,"Other Automotive",10804,94834.6
2025-10-14,"Powertrain Mounts",4116,237842.74
2025-10-14,"Sealing",68508,218081.53
2025-10-15,"Cable Protection",19035,126123.3
2025-10-15,"Chassis NVH",10035,247134.41
2025-10-15,"Hoses & Bellows",14078,213971.97
2025-10-15,"Other Automotive",10546,94956.7
2025-10-15,"Powertrain Mounts",3975,230017.38
2025-10-15,"Sealing",68549,216543.03
2025-10-16,"Cable Protection",20155,127769.94
2025-10-16,"Chassis NVH",9941,230062.33
2025-10-16,"Hoses & Bellows",13060,195642.3
2025-10-16,"Other Automotive",10532,97504.21
2025-10-16,"Powertrain Mounts",4244,252685.43
2025-10-16,"Sealing",69600,227766.79
2025-10-17,"Cable Protection",17991,115463.61
2025-10-17,"Chassis NVH",9607,234478.45
2025-10-17,"Hoses & Bellows",12214,189212.66
2025-10-17,"Other Automotive",9424,83570.06
2025-10-17,"Powertrain Mounts",3909,223725.75
2025-10-17,"Sealing",62769,200125
2025-10-18,"Cable Protection",3360,21305.2
2025-10-18,"Chassis NVH",2996,74121.65
2025-10-18,"Hoses & Bellows",4280,63528.4
2025-10-18,"Other Automotive",2562,22648.34
2025-10-18,"Powertrain Mounts",1199,70217.34
2025-10-18,"Sealing",14843,47591.02
2025-10-19,"Cable Protection",2054,13655.65
2025-10-19,"Chassis NVH",2517,61601.01
2025-10-19,"Hoses & Bellows",3431,52047.85
2025-10-19,"Other Automotive",1856,16892.32
2025-10-19,"Powertrain Mounts",916,53809.41
2025-10-19,"Sealing",10737,34539.88
2025-10-20,"Cable Protection",17418,113635.88
2025-10-20,"Chassis NVH",9016,213235.27
2025-10-20,"Hoses & Bellows",13257,197188.59
2025-10-20,"Other Automotive",9589,85884.69
2025-10-20,"Powertrain Mounts",3723,214160.89
2025-10-20,"Sealing",67417,211597.26
2025-10-21,"Cable Protection",18810,119811.24
2025-10-21,"Chassis NVH",9945,241422.73
2025-10-21,"Hoses & Bellows",14155,207713.93
2025-10-21,"Other Automotive",9992,89729.66
2025-10-21,"Powertrain Mounts",3854,216076.88
2025-10-21,"Sealing",73043,235356.32
2025-10-22,"Cable Protection",19595,126449.77
2025-10-22,"Chassis NVH",9716,229016.38
2025-10-22,"Hoses & Bellows",13758,208703.96
2025-10-22,"Other Automotive",10256,94142.75
2025-10-22,"Powertrain Mounts",3987,225411.44
2025-10-22,"Sealing",74157,243514.22
2025-10-23,"Cable Protection",19304,125530.15
2025-10-23,"Chassis NVH",10175,246359.57
2025-10-23,"Hoses & Bellows",13865,210071
2025-10-23,"Other Automotive",10139,90774.17
2025-10-23,"Powertrain Mounts",3851,217331.5
2025-10-23,"Sealing",70475,222756.55
2025-10-24,"Cable Protection",18249,119045.07
2025-10-24,"Chassis NVH",9106,215802.11
2025-10-24,"Hoses & Bellows",12084,179588.85
2025-10-24,"Other Automotive",9517,86921.73
2025-10-24,"Powertrain Mounts",3447,200154.16
2025-10-24,"Sealing",66801,211834.15
2025-10-25,"Cable Protection",3666,24603.89
2025-10-25,"Chassis NVH",3295,80232.2
2025-10-25,"Hoses & Bellows",4246,64786.16
2025-10-25,"Other Automotive",2316,20541.77
2025-10-25,"Powertrain Mounts",1124,66860.32
2025-10-25,"Sealing",15606,50706.43
2025-10-26,"Cable Protection",1892,12384.1
2025-10-26,"Chassis NVH",2630,62856.28
2025-10-26,"Hoses & Bellows",3345,50709.53
2025-10-26,"Other Automotive",1622,13611.42
2025-10-26,"Powertrain Mounts",838,48075.12
2025-10-26,"Sealing",9660,30930.16
2025-10-27,"Cable Protection",20269,134164.18
2025-10-27,"Chassis NVH",10200,243191.08
2025-10-27,"Hoses & Bellows",12511,190586.67
2025-10-27,"Other Automotive",9565,86305.21
2025-10-27,"Powertrain Mounts",4099,237210.39
2025-10-27,"Sealing",69354,225873.21
2025-10-28,"Cable Protection",21094,137096.72
2025-10-28,"Chassis NVH",10648,248471.71
2025-10-28,"Hoses & Bellows",13749,203283.42
2025-10-28,"Other Automotive",10604,95478.45
2025-10-28,"Powertrain Mounts",4170,235129.86
2025-10-28,"Sealing",75829,236919.74
2025-10-29,"Cable Protection",22921,148899.65
2025-10-29,"Chassis NVH",11079,266617.18
2025-10-29,"Hoses & Bellows",13697,207931.95
2025-10-29,"Other Automotive",10734,97146.28
2025-10-29,"Powertrain Mounts",4030,232567.21
2025-10-29,"Sealing",80647,266151.38
2025-10-30,"Cable Protection",22053,144036.56
2025-10-30,"Chassis NVH",10893,265100.13
2025-10-30,"Hoses & Bellows",13792,198922.88
2025-10-30,"Other Automotive",11076,98250.3
2025-10-30,"Powertrain Mounts",4173,242365.41
2025-10-30,"Sealing",78430,241314.17
2025-10-31,"Cable Protection",19894,131149.85
2025-10-31,"Chassis NVH",9945,239628.8
2025-10-31,"Hoses & Bellows",12942,194510.26
2025-10-31,"Other Automotive",10641,94853.51
2025-10-31,"Powertrain Mounts",3817,225129.76
2025-10-31,"Sealing",76959,248278.98
2025-11-01,"Cable Protection",4112,26205.79
2025-11-01,"Chassis NVH",3291,80396.97
2025-11-01,"Hoses & Bellows",4634,70418.1
2025-11-01,"Other Automotive",2873,26413.07
2025-11-01,"Powertrain Mounts",1197,70329.93
2025-11-01,"Sealing",17183,55082.51
2025-11-02,"Cable Protection",2093,13723.75
2025-11-02,"Chassis NVH",2541,59395.28
2025-11-02,"Hoses & Bellows",3364,52259.63
2025-11-02,"Other Automotive",2039,18523.51
2025-11-02,"Powertrain Mounts",832,49786.62
2025-11-02,"Sealing",10633,34701.44
2025-11-03,"Cable Protection",23257,155136.21
2025-11-03,"Chassis NVH",11437,278079.67
2025-11-03,"Hoses & Bellows",13919,208114.65
2025-11-03,"Other Automotive",12732,114363.17
2025-11-03,"Powertrain Mounts",4367,250960.05
2025-11-03,"Sealing",88532,287334.58
2025-11-04,"Cable Protection",23282,150746.16
2025-11-04,"Chassis NVH",11818,279174.01
2025-11-04,"Hoses & Bellows",13908,213976.37
2025-11-04,"Other Automotive",13328,126759.5
2025-11-04,"Powertrain Mounts",4199,238370.28
2025-11-04,"Sealing",92057,308311.02
2025-11-05,"Cable Protection",22421,145422.47
2025-11-05,"Chassis NVH",12072,294141.41
2025-11-05,"Hoses & Bellows",14459,212748.83
2025-11-05,"Other Automotive",11785,104642.91
2025-11-05,"Powertrain Mounts",4585,269644.14
2025-11-05,"Sealing",88190,270486.63
2025-11-06,"Cable Protection",23127,148830.69
2025-11-06,"Chassis NVH",11640,284136.02
2025-11-06,"Hoses & Bellows",15420,234269.12
2025-11-06,"Other Automotive",11848,105728.24
2025-11-06,"Powertrain Mounts",4548,263812.79
2025-11-06,"Sealing",83415,262087.87
2025-11-07,"Cable Protection",21786,139127.78
2025-11-07,"Chassis NVH",10675,256123.68
2025-11-07,"Hoses & Bellows",13834,202748.04
2025-11-07,"Other Automotive",10880,97635.95
2025-11-07,"Powertrain Mounts",4155,250836.64
2025-11-07,"Sealing",77319,249705.97
2025-11-08,"Cable Protection",3959,25344.79
2025-11-08,"Chassis NVH",3196,77072.69
2025-11-08,"Hoses & Bellows",4416,67250.4
2025-11-08,"Other Automotive",2856,25542
2025-11-08,"Powertrain Mounts",1230,73380.81
2025-11-08,"Sealing",17819,58437.64
2025-11-09,"Cable Protection",2176,13772.17
2025-11-09,"Chassis NVH",2488,60130.21
2025-11-09,"Hoses & Bellows",3552,52070.41
2025-11-09,"Other Automotive",1768,15818.38
2025-11-09,"Powertrain Mounts",841,50231.35
2025-11-09,"Sealing",10830,34590.96
2025-11-10,"Cable Protection",22232,143982.07
2025-11-10,"Chassis NVH",12392,303682.42
2025-11-10,"Hoses & Bellows",15874,241414.4
2025-11-10,"Other Automotive",11580,105336.82
2025-11-10,"Powertrain Mounts",4098,240226.18
2025-11-10,"Sealing",84479,269179.32
2025-11-11,"Cable Protection",23558,153384.72
2025-11-11,"Chassis NVH",12264,301025.87
2025-11-11,"Hoses & Bellows",15206,227981.89
2025-11-11,"Other Automotive",12597,112443.55
2025-11-11,"Powertrain Mounts",4362,258352.6
2025-11-11,"Sealing",85275,271035.77
2025-11-12,"Cable Protection",24680,159854.5
2025-11-12,"Chassis NVH",12210,296211.81
2025-11-12,"Hoses & Bellows",15969,237998.41
2025-11-12,"Other Automotive",12680,117196.83
2025-11-12,"Powertrain Mounts",4557,261447.56
2025-11-12,"Sealing",89395,293123.37
2025-11-13,"Cable Protection",25713,168171.26
2025-11-13,"Chassis NVH",11553,277956.78
2025-11-13,"Hoses & Bellows",15417,233744.37
2025-11-13,"Other Automotive",12792,115770.52
2025-11-13,"Powertrain Mounts",4195,250192.99
2025-11-13,"Sealing",79781,260356.6
2025-11-14,"Cable Protection",22711,149190.28
2025-11-14,"Chassis NVH",10927,260807.18
2025-11-14,"Hoses & Bellows",14172,212407.85
2025-11-14,"Other Automotive",10822,96283.59
2025-11-14,"Powertrain Mounts",3805,219820.09
2025-11-14,"Sealing",70964,230563.04
2025-11-15,"Cable Protection",4363,27903.18
2025-11-15,"Chassis NVH",3269,78137.34
2025-11-15,"Hoses & Bellows",4287,64795.54
2025-11-15,"Other Automotive",2572,23550.1
2025-11-15,"Powertrain Mounts",1105,65164.17
2025-11-15,"Sealing",16563,54105.22
2025-11-16,"Cable Protection",2293,14946.27
2025-11-16,"Chassis NVH",2261,55192
2025-11-16,"Hoses & Bellows",3496,53313.36
2025-11-16,"Other Automotive",1857,16787.65
2025-11-16,"Powertrain Mounts",902,53259.02
2025-11-16,"Sealing",9664,30339.71
2025-11-17,"Cable Protection",25605,167204.04
2025-11-17,"Chassis NVH",10601,251053.4
2025-11-17,"Hoses & Bellows",15254,224655.58
2025-11-17,"Other Automotive",11037,99421.24
2025-11-17,"Powertrain Mounts",4417,257359.94
2025-11-17,"Sealing",77969,247033.69
2025-11-18,"Cable Protection",26526,168178.63
2025-11-18,"Chassis NVH",11627,273040.32
2025-11-18,"Hoses & Bellows",16733,246395.91
2025-11-18,"Other Automotive",11717,106478.63
2025-11-18,"Powertrain Mounts",4334,254103.81
2025-11-18,"Sealing",89245,283713.27
2025-11-19,"Cable Protection",27760,183729.17
2025-11-19,"Chassis NVH",11533,283098.19
2025-11-19,"Hoses & Bellows",16351,249677.46
2025-11-19,"Other Automotive",12214,111395.42
2025-11-19,"Powertrain Mounts",4505,266319.6
2025-11-19,"Sealing",88111,283080.2
2025-11-20,"Cable Protection",26672,165763.18
2025-11-20,"Chassis NVH",11874,288756.95
2025-11-20,"Hoses & Bellows",15424,231282.92
2025-11-20,"Other Automotive",11794,104720.25
2025-11-20,"Powertrain Mounts",4509,264151.61
2025-11-20,"Sealing",90761,292858.52
2025-11-21,"Cable Protection",23629,153526.6
2025-11-21,"Chassis NVH",10784,259396.45
2025-11-21,"Hoses & Bellows",14182,210352.36
2025-11-21,"Other Automotive",11269,100789.24
2025-11-21,"Powertrain Mounts",4059,233190.87
2025-11-21,"Sealing",84681,267156.2
2025-11-22,"Cable Protection",4214,27762.28
2025-11-22,"Chassis NVH",3382,82375.56
2025-11-22,"Hoses & Bellows",4746,71459.14
2025-11-22,"Other Automotive",2779,24919.35
2025-11-22,"Powertrain Mounts",1233,70938.75
2025-11-22,"Sealing",18950,60837.42
2025-11-23,"Cable Protection",2165,13928.98
2025-11-23,"Chassis NVH",2534,59579.84
2025-11-23,"Hoses & Bellows",3540,54375.06
2025-11-23,"Other Automotive",1960,17850.34
2025-11-23,"Powertrain Mounts",887,51603.07
2025-11-23,"Sealing",11236,36964.31
2025-11-24,"Cable Protection",24201,156192
2025-11-24,"Chassis NVH",11279,279404.01
2025-11-24,"Hoses & Bellows",14991,228951.6
2025-11-24,"Other Automotive",12559,115220.69
2025-11-24,"Powertrain Mounts",4530,253978.88
2025-11-24,"Sealing",89435,288039.03
2025-11-25,"Cable Protection",26990,178766.14
2025-11-25,"Chassis NVH",12273,293133.27
2025-11-25,"Hoses & Bellows",15523,227776.04
2025-11-25,"Other Automotive",12884,113912.88
2025-11-25,"Powertrain Mounts",4296,248638.45
2025-11-25,"Sealing",93142,299197.85
2025-11-26,"Cable Protection",26984,175129.09
2025-11-26,"Chassis NVH",11534,279498.38
2025-11-26,"Hoses & Bellows",16104,236156.33
2025-11-26,"Other Automotive",13315,119998.53
2025-11-26,"Powertrain Mounts",4501,261149.27
2025-11-26,"Sealing",90524,294448.21
2025-11-27,"Cable Protection",26741,174139.33
2025-11-27,"Chassis NVH",11441,275143.81
2025-11-27,"Hoses & Bellows",15548,234029.98
2025-11-27,"Other Automotive",12674,112403.19
2025-11-27,"Powertrain Mounts",4651,272273.15
2025-11-27,"Sealing",92841,299052.82
2025-11-28,"Cable Protection",24065,158345.59
2025-11-28,"Chassis NVH",10017,236051.17
2025-11-28,"Hoses & Bellows",14385,221062.2
2025-11-28,"Other Automotive",11722,108401.78
2025-11-28,"Powertrain Mounts",4294,258636.22
2025-11-28,"Sealing",84142,265257.01
2025-11-29,"Cable Protection",4531,28245.4
2025-11-29,"Chassis NVH",3387,79850.57
2025-11-29,"Hoses & Bellows",4540,64852.49
2025-11-29,"Other Automotive",2975,26794.78
2025-11-29,"Powertrain Mounts",1357,81756.51
2025-11-29,"Sealing",18532,58884.17
2025-11-30,"Cable Protection",2287,14593.86
2025-11-30,"Chassis NVH",2554,59295.27
2025-11-30,"Hoses & Bellows",3747,57373.18
2025-11-30,"Other Automotive",1788,15614.78
2025-11-30,"Powertrain Mounts",944,54503.93
2025-11-30,"Sealing",11039,35343.11
2025-12-01,"Cable Protection",18686,119247.91
2025-12-01,"Chassis NVH",9173,221035.95
2025-12-01,"Hoses & Bellows",13015,191046.83
2025-12-01,"Other Automotive",9040,81548.09
2025-12-01,"Powertrain Mounts",3909,221705.45
2025-12-01,"Sealing",70166,228271.4
2025-12-02,"Cable Protection",20094,128886.58
2025-12-02,"Chassis NVH",9966,233640.42
2025-12-02,"Hoses & Bellows",13614,207016.8
2025-12-02,"Other Automotive",9369,84706.63
2025-12-02,"Powertrain Mounts",4238,251401.99
2025-12-02,"Sealing",70744,224270.27
2025-12-03,"Cable Protection",20081,130857.03
2025-12-03,"Chassis NVH",9854,228856.91
2025-12-03,"Hoses & Bellows",13298,194923.06
2025-12-03,"Other Automotive",9604,86706.33
2025-12-03,"Powertrain Mounts",3954,226830.64
2025-12-03,"Sealing",71144,230571.7
2025-12-04,"Cable Protection",19038,124156.9
2025-12-04,"Chassis NVH",9490,227778.8
2025-12-04,"Hoses & Bellows",12643,190448.53
2025-12-04,"Other Automotive",9718,88218.74
2025-12-04,"Powertrain Mounts",3852,222028.9
2025-12-04,"Sealing",67301,218939.84
2025-12-05,"Cable Protection",18216,118197.33
2025-12-05,"Chassis NVH",8859,209264.67
2025-12-05,"Hoses & Bellows",11802,179194.28
2025-12-05,"Other Automotive",8576,78013.39
2025-12-05,"Powertrain Mounts",3542,204232.75
2025-12-05,"Sealing",59741,192793.49
2025-12-06,"Cable Protection",3559,22955.79
2025-12-06,"Chassis NVH",3230,76193.84
2025-12-06,"Hoses & Bellows",4199,63062.49
2025-12-06,"Other Automotive",2137,18891.69
2025-12-06,"Powertrain Mounts",1227,71135.18
2025-12-06,"Sealing",14214,44711.09
2025-12-07,"Cable Protection",2028,13120.86
2025-12-07,"Chassis NVH",2342,56626.96
2025-12-07,"Hoses & Bellows",3073,44894.04
2025-12-07,"Other Automotive",1462,13039.55
2025-12-07,"Powertrain Mounts",924,52563.89
2025-12-07,"Sealing",9101,29152.94
2025-12-08,"Cable Protection",19259,125301.27
2025-12-08,"Chassis NVH",9563,228588.24
2025-12-08,"Hoses & Bellows",12164,180348.47
2025-12-08,"Other Automotive",8810,80499.45
2025-12-08,"Powertrain Mounts",4008,231394.23
2025-12-08,"Sealing",67304,211906.88
2025-12-09,"Cable Protection",19930,128707.32
2025-12-09,"Chassis NVH",10216,246745.97
2025-12-09,"Hoses & Bellows",12569,190881.23
2025-12-09,"Other Automotive",9478,84998.12
2025-12-09,"Powertrain Mounts",4129,241092.87
2025-12-09,"Sealing",72882,227408.92
2025-12-10,"Cable Protection",20590,135772.52
2025-12-10,"Chassis NVH",9933,235427.55
2025-12-10,"Hoses & Bellows",13459,206435.69
2025-12-10,"Other Automotive",9761,87399.17
2025-12-10,"Powertrain Mounts",4060,232775.9
2025-12-10,"Sealing",71581,231099.48
2025-12-11,"Cable Protection",20051,130972.3
2025-12-11,"Chassis NVH",9334,224206.2
2025-12-11,"Hoses & Bellows",12637,194798.99
2025-12-11,"Other Automotive",10223,93875.45
2025-12-11,"Powertrain Mounts",4001,237004.35
2025-12-11,"Sealing",70580,225241.79
2025-12-12,"Cable Protection",17969,116656.69
2025-12-12,"Chassis NVH",8840,214179.5
2025-12-12,"Hoses & Bellows",11187,163526.88
2025-12-12,"Other Automotive",9038,79252.33
2025-12-12,"Powertrain Mounts",3455,201329.48
2025-12-12,"Sealing",66288,212873.75
2025-12-13,"Cable Protection",3556,23071.54
2025-12-13,"Chassis NVH",3008,71758.31
2025-12-13,"Hoses & Bellows",4260,64638.56
2025-12-13,"Other Automotive",2486,22265.17
2025-12-13,"Powertrain Mounts",1213,70227.14
2025-12-13,"Sealing",15954,50961.04
2025-12-14,"Cable Protection",1905,12262.06
2025-12-14,"Chassis NVH",2247,52429.56
2025-12-14,"Hoses & Bellows",3240,49905.39
2025-12-14,"Other Automotive",1773,16010.64
2025-12-14,"Powertrain Mounts",947,55247.38
2025-12-14,"Sealing",10653,34280.22
2025-12-15,"Cable Protection",16787,109927.73
2025-12-15,"Chassis NVH",9431,227864.54
2025-12-15,"Hoses & Bellows",12849,186643.01
2025-12-15,"Other Automotive",9339,84296.1
2025-12-15,"Powertrain Mounts",3883,223276.6
2025-12-15,"Sealing",71300,225483.61
2025-12-16,"Cable Protection",19250,125883.25
2025-12-16,"Chassis NVH",9826,231002.14
2025-12-16,"Hoses & Bellows",12321,184909.94
2025-12-16,"Other Automotive",8965,79986.82
2025-12-16,"Powertrain Mounts",4287,243303.65
2025-12-16,"Sealing",79614,258400.92
2025-12-17,"Cable Protection",20550,133400.31
2025-12-17,"Chassis NVH",10136,244996.03
2025-12-17,"Hoses & Bellows",13467,204268.03
2025-12-17,"Other Automotive",9048,82387.5
2025-12-17,"Powertrain Mounts",4147,233164.97
2025-12-17,"Sealing",79088,257839.39
2025-12-18,"Cable Protection",19116,122209.69
2025-12-18,"Chassis NVH",9271,221755.7
2025-12-18,"Hoses & Bellows",13774,203321.66
2025-12-18,"Other Automotive",9079,81559.11
2025-12-18,"Powertrain Mounts",4109,238706.03
2025-12-18,"Sealing",78321,240320.15
2025-12-19,"Cable Protection",17893,116097.99
2025-12-19,"Chassis NVH",8830,212537.76
2025-12-19,"Hoses & Bellows",12367,191498.49
2025-12-19,"Other Automotive",9245,82127.12
2025-12-19,"Powertrain Mounts",3743,219009.06
2025-12-19,"Sealing",71150,231114.13
2025-12-20,"Cable Protection",3473,22163.46
2025-12-20,"Chassis NVH",2579,62926.43
2025-12-20,"Hoses & Bellows",4201,64783.77
2025-12-20,"Other Automotive",2291,20828.13
2025-12-20,"Powertrain Mounts",1009,58812.57
2025-12-20,"Sealing",14990,47635.9
2025-12-21,"Cable Protection",2290,14854.92
2025-12-21,"Chassis NVH",2284,54174.72
2025-12-21,"Hoses & Bellows",3273,49319.64
2025-12-21,"Other Automotive",1794,15717.11
2025-12-21,"Powertrain Mounts",939,52347.19
2025-12-21,"Sealing",10238,32128.01
2025-12-22,"Cable Protection",17584,112680.54
2025-12-22,"Chassis NVH",8333,200767.77
2025-12-22,"Hoses & Bellows",10859,161964.93
2025-12-22,"Other Automotive",8691,77481.21
2025-12-22,"Powertrain Mounts",3235,189493.65
2025-12-22,"Sealing",59786,191618.75
2025-12-23,"Cable Protection",2871,18313.08
2025-12-23,"Chassis NVH",2797,66859.67
2025-12-23,"Hoses & Bellows",3797,57740.67
2025-12-23,"Other Automotive",2192,19902.49
2025-12-23,"Powertrain Mounts",941,54489.11
2025-12-23,"Sealing",12197,39636.69
2025-12-24,"Cable Protection",2818,17934.4
2025-12-24,"Chassis NVH",2711,64956.93
2025-12-24,"Hoses & Bellows",3706,54262.91
2025-12-24,"Other Automotive",1906,17233.42
2025-12-24,"Powertrain Mounts",1012,59418.82
2025-12-24,"Sealing",12288,37688.14
2025-12-25,"Cable Protection",2761,17524.9
2025-12-25,"Chassis NVH",2616,62576.61
2025-12-25,"Hoses & Bellows",3564,54088.61
2025-12-25,"Other Automotive",1989,17970.66
2025-12-25,"Powertrain Mounts",1049,61876.68
2025-12-25,"Sealing",11935,36915.1
2025-12-26,"Cable Protection",2428,15702.84
2025-12-26,"Chassis NVH",2329,57668.25
2025-12-26,"Hoses & Bellows",3422,51360.78
2025-12-26,"Other Automotive",1827,16418.2
2025-12-26,"Powertrain Mounts",853,48552.1
2025-12-26,"Sealing",10807,34497.17
2025-12-27,"Cable Protection",2611,17252.37
2025-12-27,"Chassis NVH",2443,58514.25
2025-12-27,"Hoses & Bellows",3656,55566.76
2025-12-27,"Other Automotive",1843,17070.93
2025-12-27,"Powertrain Mounts",1014,59845.33
2025-12-27,"Sealing",12730,40902.53
2025-12-28,"Cable Protection",2243,14328.97
2025-12-28,"Chassis NVH",2353,56147.62
2025-12-28,"Hoses & Bellows",3218,47590.08
2025-12-28,"Other Automotive",1751,15802.13
2025-12-28,"Powertrain Mounts",950,55066.31
2025-12-28,"Sealing",10841,35244.55
2025-12-29,"Cable Protection",2579,16920.67
2025-12-29,"Chassis NVH",2613,61292.64
2025-12-29,"Hoses & Bellows",3662,55341.65
2025-12-29,"Other Automotive",1952,17379.41
2025-12-29,"Powertrain Mounts",954,55722.09
2025-12-29,"Sealing",11630,37752.65
2025-12-30,"Cable Protection",2529,16428.88
2025-12-30,"Chassis NVH",2783,66243.89
2025-12-30,"Hoses & Bellows",4022,61846.27
2025-12-30,"Other Automotive",2021,18163.79
2025-12-30,"Powertrain Mounts",1053,62858.45
2025-12-30,"Sealing",11329,37021.18
2025-12-31,"Cable Protection",2681,17149.95
2025-12-31,"Chassis NVH",2786,69362.79
2025-12-31,"Hoses & Bellows",4005,58667.47
2025-12-31,"Other Automotive",2170,19366.26
2025-12-31,"Powertrain Mounts",1140,66347.91
2025-12-31,"Sealing",11615,38394.18
2026-01-01,"Cable Protection",2719,17692.81
2026-01-01,"Chassis NVH",2765,67182.99
2026-01-01,"Hoses & Bellows",4146,60853
2026-01-01,"Other Automotive",2060,18457.67
2026-01-01,"Powertrain Mounts",1045,61578.85
2026-01-01,"Sealing",12536,40419.84
2026-01-02,"Cable Protection",2588,16801.11
2026-01-02,"Chassis NVH",2504,58253.22
2026-01-02,"Hoses & Bellows",3631,54801.18
2026-01-02,"Other Automotive",2036,19071.34
2026-01-02,"Powertrain Mounts",1021,59840.94
2026-01-02,"Sealing",11248,34744.03
2026-01-03,"Cable Protection",3622,23189.91
2026-01-03,"Chassis NVH",2925,69351.08
2026-01-03,"Hoses & Bellows",4360,66347.12
2026-01-03,"Other Automotive",2539,22544.65
2026-01-03,"Powertrain Mounts",1258,73441.29
2026-01-03,"Sealing",14683,46999.45
2026-01-04,"Cable Protection",2252,14636.02
2026-01-04,"Chassis NVH",2413,58620.84
2026-01-04,"Hoses & Bellows",3580,52995.79
2026-01-04,"Other Automotive",1778,16423.77
2026-01-04,"Powertrain Mounts",896,51823.15
2026-01-04,"Sealing",9424,29826.67
2026-01-05,"Cable Protection",19223,126703.2
2026-01-05,"Chassis NVH",9053,218517.15
2026-01-05,"Hoses & Bellows",13540,203992.43
2026-01-05,"Other Automotive",8815,77757.65
2026-01-05,"Powertrain Mounts",3853,226406.27
2026-01-05,"Sealing",67770,219354.6
2026-01-06,"Cable Protection",22376,145315.03
2026-01-06,"Chassis NVH",10533,250186.82
2026-01-06,"Hoses & Bellows",15317,225497.27
2026-01-06,"Other Automotive",9645,88144.58
2026-01-06,"Powertrain Mounts",4306,249184.35
2026-01-06,"Sealing",77208,247735.14
2026-01-07,"Cable Protection",23781,153432.85
2026-01-07,"Chassis NVH",11069,267937.04
2026-01-07,"Hoses & Bellows",15393,235700.37
2026-01-07,"Other Automotive",9813,88302.42
2026-01-07,"Powertrain Mounts",4668,264901.94
2026-01-07,"Sealing",80437,256677.49
2026-01-08,"Cable Protection",23361,151400.83
2026-01-08,"Chassis NVH",10750,261554.41
2026-01-08,"Hoses & Bellows",14475,215123.84
2026-01-08,"Other Automotive",9515,85550.21
2026-01-08,"Powertrain Mounts",4617,263271.97
2026-01-08,"Sealing",77681,252058.9
2026-01-09,"Cable Protection",21420,139849.56
2026-01-09,"Chassis NVH",10064,246782.94
2026-01-09,"Hoses & Bellows",13116,197739.17
2026-01-09,"Other Automotive",9127,81936.25
2026-01-09,"Powertrain Mounts",4106,229970.75
2026-01-09,"Sealing",71127,227205.02
2026-01-10,"Cable Protection",4109,27264.71
2026-01-10,"Chassis NVH",3281,81271.97
2026-01-10,"Hoses & Bellows",4596,70296.96
2026-01-10,"Other Automotive",2332,20668.52
2026-01-10,"Powertrain Mounts",1193,69523.19
2026-01-10,"Sealing",15835,50781.59
2026-01-11,"Cable Protection",2353,15471.35
2026-01-11,"Chassis NVH",2432,57757.49
2026-01-11,"Hoses & Bellows",3620,54132.82
2026-01-11,"Other Automotive",1603,14371.45
2026-01-11,"Powertrain Mounts",896,51641.75
2026-01-11,"Sealing",10541,33416.51
2026-01-12,"Cable Protection",22502,146674.25
2026-01-12,"Chassis NVH",10176,245504.67
2026-01-12,"Hoses & Bellows",14277,216936.3
2026-01-12,"Other Automotive",9441,84119.8
2026-01-12,"Powertrain Mounts",3981,231781.89
2026-01-12,"Sealing",80595,252125.55
2026-01-13,"Cable Protection",22839,147480.01
2026-01-13,"Chassis NVH",10572,249821.59
2026-01-13,"Hoses & Bellows",14997,227951.81
2026-01-13,"Other Automotive",9663,89632.49
2026-01-13,"Powertrain Mounts",4287,241381.72
2026-01-13,"Sealing",81790,262354.32
2026-01-14,"Cable Protection",23018,151747.21
2026-01-14,"Chassis NVH",10711,254071.2
2026-01-14,"Hoses & Bellows",15835,235639.01
2026-01-14,"Other Automotive",9510,87533.76
2026-01-14,"Powertrain Mounts",4386,251742.79
2026-01-14,"Sealing",83350,267264.52
2026-01-15,"Cable Protection",23425,147654.52
2026-01-15,"Chassis NVH",10126,240478.38
2026-01-15,"Hoses & Bellows",15135,223460.03
2026-01-15,"Other Automotive",9941,92008.38
2026-01-15,"Powertrain Mounts",4380,258463.11
2026-01-15,"Sealing",83559,265588.34
2026-01-16,"Cable Protection",20428,136621.44
2026-01-16,"Chassis NVH",9458,226758.56
2026-01-16,"Hoses & Bellows",13356,202596.61
2026-01-16,"Other Automotive",9481,87358.52
2026-01-16,"Powertrain Mounts",4076,237912.68
2026-01-16,"Sealing",79977,261769.85
2026-01-17,"Cable Protection",3908,25000.24
2026-01-17,"Chassis NVH",3045,74054.47
2026-01-17,"Hoses & Bellows",4395,66905.66
2026-01-17,"Other Automotive",2566,22627.05
2026-01-17,"Powertrain Mounts",1287,76474.8
2026-01-17,"Sealing",18032,56091.18
2026-01-18,"Cable Protection",2091,13847.69
2026-01-18,"Chassis NVH",2351,55691.11
2026-01-18,"Hoses & Bellows",3433,52536.19
2026-01-18,"Other Automotive",1788,15301.36
2026-01-18,"Powertrain Mounts",953,54371.16
2026-01-18,"Sealing",10943,35807.42
2026-01-19,"Cable Protection",22647,145733.45
2026-01-19,"Chassis NVH",9743,235013.53
2026-01-19,"Hoses & Bellows",13749,209503.37
2026-01-19,"Other Automotive",10498,94135.49
2026-01-19,"Powertrain Mounts",4128,231909.57
2026-01-19,"Sealing",79849,256950.54
2026-01-20,"Cable Protection",24104,157906.56
2026-01-20,"Chassis NVH",10489,251201.66
2026-01-20,"Hoses & Bellows",14349,216219.06
2026-01-20,"Other Automotive",11236,100416.89
2026-01-20,"Powertrain Mounts",4357,252222.84
2026-01-20,"Sealing",80299,258497.49
2026-01-21,"Cable Protection",23288,152028.12
2026-01-21,"Chassis NVH",10447,248754.55
2026-01-21,"Hoses & Bellows",14322,218017.24
2026-01-21,"Other Automotive",11989,109599.39
2026-01-21,"Powertrain Mounts",4380,258247.59
2026-01-21,"Sealing",82234,256661.21
2026-01-22,"Cable Protection",22581,142352.42
2026-01-22,"Chassis NVH",9988,241973.84
2026-01-22,"Hoses & Bellows",14028,213928.08
2026-01-22,"Other Automotive",11792,105430.42
2026-01-22,"Powertrain Mounts",4675,274444.59
2026-01-22,"Sealing",81819,257956.23
2026-01-23,"Cable Protection",20741,134018.43
2026-01-23,"Chassis NVH",9442,226052.97
2026-01-23,"Hoses & Bellows",12475,185024.2
2026-01-23,"Other Automotive",10599,94074.69
2026-01-23,"Powertrain Mounts",3942,230351.77
2026-01-23,"Sealing",73379,235883.58
2026-01-24,"Cable Protection",3883,25017.23
2026-01-24,"Chassis NVH",3085,75749.4
2026-01-24,"Hoses & Bellows",4267,61826.9
2026-01-24,"Other Automotive",2625,23708.6
2026-01-24,"Powertrain Mounts",1295,73028.88
2026-01-24,"Sealing",15869,51463.21
2026-01-25,"Cable Protection",2093,13752.32
2026-01-25,"Chassis NVH",2425,60403.67
2026-01-25,"Hoses & Bellows",3561,54146.83
2026-01-25,"Other Automotive",1759,16016.23
2026-01-25,"Powertrain Mounts",887,50945.95
2026-01-25,"Sealing",10303,32949.49
2026-01-26,"Cable Protection",20189,132243.18
2026-01-26,"Chassis NVH",10234,249599.13
2026-01-26,"Hoses & Bellows",13136,199675.26
2026-01-26,"Other Automotive",10311,94255.25
2026-01-26,"Powertrain Mounts",4148,246789.69
2026-01-26,"Sealing",77647,249936.55
2026-01-27,"Cable Protection",20749,134049.1
2026-01-27,"Chassis NVH",10417,241802.55
2026-01-27,"Hoses & Bellows",14361,217436.77
2026-01-27,"Other Automotive",11574,106082.28
2026-01-27,"Powertrain Mounts",4365,253896.26
2026-01-27,"Sealing",78157,250083.03
2026-01-28,"Cable Protection",21256,136237.05
2026-01-28,"Chassis NVH",11343,271457.39
2026-01-28,"Hoses & Bellows",14199,209961.02
2026-01-28,"Other Automotive",11878,107095.1
2026-01-28,"Powertrain Mounts",4278,243092.47
2026-01-28,"Sealing",79751,259005.14
2026-01-29,"Cable Protection",21032,135374.89
2026-01-29,"Chassis NVH",11302,277658.38
2026-01-29,"Hoses & Bellows",13000,192192.63
2026-01-29,"Other Automotive",11732,109939.9
2026-01-29,"Powertrain Mounts",4046,230945.99
2026-01-29,"Sealing",80065,254040.92
2026-01-30,"Cable Protection",20639,139758.32
2026-01-30,"Chassis NVH",10721,258342.05
2026-01-30,"Hoses & Bellows",13060,194395.45
2026-01-30,"Other Automotive",10582,96316.19
2026-01-30,"Powertrain Mounts",3835,226093.47
2026-01-30,"Sealing",76834,245844.75
2026-01-31,"Cable Protection",3973,26434.13
2026-01-31,"Chassis NVH",3274,78629.73
2026-01-31,"Hoses & Bellows",4037,60666.02
2026-01-31,"Other Automotive",2583,23325.76
2026-01-31,"Powertrain Mounts",1211,72313.66
2026-01-31,"Sealing",17016,53917.12
2026-02-01,"Cable Protection",2341,14554.16
2026-02-01,"Chassis NVH",2496,59582.6
2026-02-01,"Hoses & Bellows",3690,55835.95
2026-02-01,"Other Automotive",1711,15250.01
2026-02-01,"Powertrain Mounts",893,52329.33
2026-02-01,"Sealing",11089,36605.22
2026-02-02,"Cable Protection",21243,138312.21
2026-02-02,"Chassis NVH",9504,229924.1
2026-02-02,"Hoses & Bellows",13502,202033.33
2026-02-02,"Other Automotive",10444,92508.5
2026-02-02,"Powertrain Mounts",4033,237993.25
2026-02-02,"Sealing",74065,239421.35
2026-02-03,"Cable Protection",22826,147386.87
2026-02-03,"Chassis NVH",10184,244596.71
2026-02-03,"Hoses & Bellows",15028,228846.36
2026-02-03,"Other Automotive",10859,99039.46
2026-02-03,"Powertrain Mounts",4378,250672.06
2026-02-03,"Sealing",75735,241752.04
2026-02-04,"Cable Protection",25100,167980.3
2026-02-04,"Chassis NVH",11515,277648.48
2026-02-04,"Hoses & Bellows",16194,239322.4
2026-02-04,"Other Automotive",12508,113198.82
2026-02-04,"Powertrain Mounts",4654,273166.06
2026-02-04,"Sealing",80366,254003.75
2026-02-05,"Cable Protection",22662,149552.28
2026-02-05,"Chassis NVH",10952,255644.41
2026-02-05,"Hoses & Bellows",16360,252115.71
2026-02-05,"Other Automotive",11386,104035.91
2026-02-05,"Powertrain Mounts",4619,265381.82
2026-02-05,"Sealing",76985,241060.32
2026-02-06,"Cable Protection",21403,138857.78
2026-02-06,"Chassis NVH",10074,238981.03
2026-02-06,"Hoses & Bellows",14991,226583.92
2026-02-06,"Other Automotive",10419,92318.74
2026-02-06,"Powertrain Mounts",4357,258072.17
2026-02-06,"Sealing",69287,222290.02
2026-02-07,"Cable Protection",4314,28363.52
2026-02-07,"Chassis NVH",3313,80512.88
2026-02-07,"Hoses & Bellows",4997,74721.4
2026-02-07,"Other Automotive",2647,23787.22
2026-02-07,"Powertrain Mounts",1327,76305.78
2026-02-07,"Sealing",16082,53240.63
2026-02-08,"Cable Protection",2268,14979.82
2026-02-08,"Chassis NVH",2538,59806.7
2026-02-08,"Hoses & Bellows",3546,51765.34
2026-02-08,"Other Automotive",1807,16096.84
2026-02-08,"Powertrain Mounts",1013,57512.43
2026-02-08,"Sealing",10149,31973.52
2026-02-09,"Cable Protection",24036,160394.8
2026-02-09,"Chassis NVH",10473,251255.31
2026-02-09,"Hoses & Bellows",16265,236426.64
2026-02-09,"Other Automotive",12010,108047.93
2026-02-09,"Powertrain Mounts",4538,260970.25
2026-02-09,"Sealing",78925,253400.56
2026-02-10,"Cable Protection",24113,161813.56
2026-02-10,"Chassis NVH",11538,271306.04
2026-02-10,"Hoses & Bellows",15667,236052.64
2026-02-10,"Other Automotive",12202,108057.4
2026-02-10,"Powertrain Mounts",4440,254065.84
2026-02-10,"Sealing",85065,265661.63
2026-02-11,"Cable Protection",26414,168271.74
2026-02-11,"Chassis NVH",11709,276086.08
2026-02-11,"Hoses & Bellows",15651,228944.55
2026-02-11,"Other Automotive",12070,106237.27
2026-02-11,"Powertrain Mounts",4572,260879.71
2026-02-11,"Sealing",87627,289280.13
2026-02-12,"Cable Protection",28980,186771.43
2026-02-12,"Chassis NVH",11103,264042.35
2026-02-12,"Hoses & Bellows",16077,243672.1
2026-02-12,"Other Automotive",11585,106758.55
2026-02-12,"Powertrain Mounts",5088,291358.94
2026-02-12,"Sealing",89796,282597.44
2026-02-13,"Cable Protection",22764,148952.75
2026-02-13,"Chassis NVH",10982,265671.74
2026-02-13,"Hoses & Bellows",13783,211029.97
2026-02-13,"Other Automotive",10779,96296.74
2026-02-13,"Powertrain Mounts",4325,254357.31
2026-02-13,"Sealing",76283,240555.2
2026-02-14,"Cable Protection",4459,29061.76
2026-02-14,"Chassis NVH",3582,87340.38
2026-02-14,"Hoses & Bellows",4463,67142.01
2026-02-14,"Other Automotive",2545,23106
2026-02-14,"Powertrain Mounts",1186,68758.55
2026-02-14,"Sealing",16595,52068.13
2026-02-15,"Cable Protection",2277,14745.38
2026-02-15,"Chassis NVH",2641,63433.59
2026-02-15,"Hoses & Bellows",3488,51059.79
2026-02-15,"Other Automotive",1789,15813.84
2026-02-15,"Powertrain Mounts",891,50750.47
2026-02-15,"Sealing",10639,33260.54
2026-02-16,"Cable Protection",22684,151585.4
2026-02-16,"Chassis NVH",11227,262502.38
2026-02-16,"Hoses & Bellows",14962,230843.91
2026-02-16,"Other Automotive",11383,101729.95
2026-02-16,"Powertrain Mounts",4583,270140.24
2026-02-16,"Sealing",76575,243492.24
2026-02-17,"Cable Protection",22929,146403.73
2026-02-17,"Chassis NVH",11031,265617.64
2026-02-17,"Hoses & Bellows",16539,247209.59
2026-02-17,"Other Automotive",11874,108778.16
2026-02-17,"Powertrain Mounts",4472,257113.72
2026-02-17,"Sealing",83295,264121.95
2026-02-18,"Cable Protection",22751,144211.63
2026-02-18,"Chassis NVH",11668,288303.16
2026-02-18,"Hoses & Bellows",15802,241228.87
2026-02-18,"Other Automotive",11663,104605.35
2026-02-18,"Powertrain Mounts",4608,265438.25
2026-02-18,"Sealing",92294,299947.77
2026-02-19,"Cable Protection",21544,138972.86
2026-02-19,"Chassis NVH",11189,269605.82
2026-02-19,"Hoses & Bellows",15112,222744.99
2026-02-19,"Other Automotive",11903,107621.96
2026-02-19,"Powertrain Mounts",4283,245493.05
2026-02-19,"Sealing",89502,276088.46
2026-02-20,"Cable Protection",20322,135274.09
2026-02-20,"Chassis NVH",10504,257091.04
2026-02-20,"Hoses & Bellows",13954,211301.39
2026-02-20,"Other Automotive",11783,108981.49
2026-02-20,"Powertrain Mounts",4163,241327.62
2026-02-20,"Sealing",79110,244597.25
2026-02-21,"Cable Protection",3832,24249.28
2026-02-21,"Chassis NVH",3399,82604.58
2026-02-21,"Hoses & Bellows",4534,65558.46
2026-02-21,"Other Automotive",3162,29497.38
2026-02-21,"Powertrain Mounts",1288,73446.29
2026-02-21,"Sealing",17786,56033.22
2026-02-22,"Cable Protection",2035,13210.95
2026-02-22,"Chassis NVH",2605,63604.12
2026-02-22,"Hoses & Bellows",3256,48912.48
2026-02-22,"Other Automotive",1964,17905.11
2026-02-22,"Powertrain Mounts",972,55936.82
2026-02-22,"Sealing",11321,36403.73
2026-02-23,"Cable Protection",22087,149464.76
2026-02-23,"Chassis NVH",11646,275672.58
2026-02-23,"Hoses & Bellows",14369,214663.5
2026-02-23,"Other Automotive",12095,113212.26
2026-02-23,"Powertrain Mounts",4795,279506.49
2026-02-23,"Sealing",86848,271471.3
2026-02-24,"Cable Protection",25046,163573.49
2026-02-24,"Chassis NVH",11520,276843.37
2026-02-24,"Hoses & Bellows",15205,224750.92
2026-02-24,"Other Automotive",12530,114229.44
2026-02-24,"Powertrain Mounts",5182,295223.69
2026-02-24,"Sealing",90436,296551.11
2026-02-25,"Cable Protection",26958,175628.96
2026-02-25,"Chassis NVH",11803,287837.14
2026-02-25,"Hoses & Bellows",16799,251574.08
2026-02-25,"Other Automotive",13098,116185.76
2026-02-25,"Powertrain Mounts",4879,290862.27
2026-02-25,"Sealing",91901,297484.32
2026-02-26,"Cable Protection",28610,186911.15
2026-02-26,"Chassis NVH",12079,284698.84
2026-02-26,"Hoses & Bellows",16096,244118.25
2026-02-26,"Other Automotive",12853,114678.89
2026-02-26,"Powertrain Mounts",4912,272157.68
2026-02-26,"Sealing",89182,290538.6
2026-02-27,"Cable Protection",26747,177592.13
2026-02-27,"Chassis NVH",10612,256018.98
2026-02-27,"Hoses & Bellows",14531,220665.91
2026-02-27,"Other Automotive",11994,110040
2026-02-27,"Powertrain Mounts",4073,239175.13
2026-02-27,"Sealing",84809,270720.8
2026-02-28,"Cable Protection",5108,33124.24
2026-02-28,"Chassis NVH",3244,76581.78
2026-02-28,"Hoses & Bellows",4671,70296.78
2026-02-28,"Other Automotive",3004,27269.7
2026-02-28,"Powertrain Mounts",1286,75164.32
2026-02-28,"Sealing",19543,62192.03
2026-03-01,"Cable Protection",2576,16735.25
2026-03-01,"Chassis NVH",2399,58093.36
2026-03-01,"Hoses & Bellows",3862,57323.5
2026-03-01,"Other Automotive",1914,17249.96
2026-03-01,"Powertrain Mounts",1083,60852.12
2026-03-01,"Sealing",11304,36438.61
2026-03-02,"Cable Protection",27386,180895.06
2026-03-02,"Chassis NVH",10960,258420.27
2026-03-02,"Hoses & Bellows",16559,248731.84
2026-03-02,"Other Automotive",11934,106638.32
2026-03-02,"Powertrain Mounts",5009,289055.79
2026-03-02,"Sealing",89652,291943.52
2026-03-03,"Cable Protection",29232,186196.73
2026-03-03,"Chassis NVH",12302,291567.84
2026-03-03,"Hoses & Bellows",16030,241836.15
2026-03-03,"Other Automotive",12039,107812.62
2026-03-03,"Powertrain Mounts",5002,283100.24
2026-03-03,"Sealing",98299,323859.18
2026-03-04,"Cable Protection",29129,193137.64
2026-03-04,"Chassis NVH",11766,271325.95
2026-03-04,"Hoses & Bellows",17966,267035.02
2026-03-04,"Other Automotive",13049,118249.69
2026-03-04,"Powertrain Mounts",5235,308249.33
2026-03-04,"Sealing",92553,290297.53
2026-03-05,"Cable Protection",27237,183400.05
2026-03-05,"Chassis NVH",12185,292281.14
2026-03-05,"Hoses & Bellows",17942,262304.71
2026-03-05,"Other Automotive",12257,107533.42
2026-03-05,"Powertrain Mounts",4933,280685.22
2026-03-05,"Sealing",90201,288992.39
2026-03-06,"Cable Protection",25179,163091.29
2026-03-06,"Chassis NVH",11244,260639.16
2026-03-06,"Hoses & Bellows",15325,228024.13
2026-03-06,"Other Automotive",11206,101028.43
2026-03-06,"Powertrain Mounts",4457,260120.24
2026-03-06,"Sealing",87658,275861.94
2026-03-07,"Cable Protection",4520,29127.17
2026-03-07,"Chassis NVH",3326,80830.77
2026-03-07,"Hoses & Bellows",4861,74439.56
2026-03-07,"Other Automotive",2698,24671.19
2026-03-07,"Powertrain Mounts",1375,80264.8
2026-03-07,"Sealing",18241,57940
2026-03-08,"Cable Protection",2541,16252.84
2026-03-08,"Chassis NVH",2501,59197.78
2026-03-08,"Hoses & Bellows",3703,57123.72
2026-03-08,"Other Automotive",1745,15158.73
2026-03-08,"Powertrain Mounts",905,51567.13
2026-03-08,"Sealing",11639,37886.21
2026-03-09,"Cable Protection",27291,181827.45
2026-03-09,"Chassis NVH",10972,257239.83
2026-03-09,"Hoses & Bellows",15462,231515.82
2026-03-09,"Other Automotive",11479,103491.46
2026-03-09,"Powertrain Mounts",4864,286190.72
2026-03-09,"Sealing",85394,274478.92
2026-03-10,"Cable Protection",28228,179911.79
2026-03-10,"Chassis NVH",11752,289529.64
2026-03-10,"Hoses & Bellows",17622,273904.67
2026-03-10,"Other Automotive",12346,112661.86
2026-03-10,"Powertrain Mounts",5174,298046.59
2026-03-10,"Sealing",92253,304432.77
2026-03-11,"Cable Protection",29275,193610.72
2026-03-11,"Chassis NVH",12242,291096.97
2026-03-11,"Hoses & Bellows",17378,262487.92
2026-03-11,"Other Automotive",14131,127223.69
2026-03-11,"Powertrain Mounts",5415,303447.58
2026-03-11,"Sealing",93648,295132.5
2026-03-12,"Cable Protection",27298,174619.86
2026-03-12,"Chassis NVH",12118,291477.22
2026-03-12,"Hoses & Bellows",17034,252528.36
2026-03-12,"Other Automotive",12491,114229.86
2026-03-12,"Powertrain Mounts",5187,296499.04
2026-03-12,"Sealing",92581,295593.92
2026-03-13,"Cable Protection",25202,166716.53
2026-03-13,"Chassis NVH",10809,253991.09
2026-03-13,"Hoses & Bellows",15826,237594.88
2026-03-13,"Other Automotive",10504,94274.24
2026-03-13,"Powertrain Mounts",4461,256423.6
2026-03-13,"Sealing",87798,277102.81
2026-03-14,"Cable Protection",4712,30470.71
2026-03-14,"Chassis NVH",3490,84866.79
2026-03-14,"Hoses & Bellows",5308,80474.29
2026-03-14,"Other Automotive",2592,23198.48
2026-03-14,"Powertrain Mounts",1367,79056.6
2026-03-14,"Sealing",17785,55271.73
2026-03-15,"Cable Protection",2260,14176.36
2026-03-15,"Chassis NVH",2520,60357.82
2026-03-15,"Hoses & Bellows",3783,57089.67
2026-03-15,"Other Automotive",1740,15923.62
2026-03-15,"Powertrain Mounts",979,58421.46
2026-03-15,"Sealing",10772,34765.71
2026-03-16,"Cable Protection",25296,162169.21
2026-03-16,"Chassis NVH",11567,277279.94
2026-03-16,"Hoses & Bellows",15077,225212.18
2026-03-16,"Other Automotive",11416,105968.69
2026-03-16,"Powertrain Mounts",4764,276248.5
2026-03-16,"Sealing",83931,266111.94
2026-03-17,"Cable Protection",26129,168037.07
2026-03-17,"Chassis NVH",11804,280180.5
2026-03-17,"Hoses & Bellows",16530,246656.24
2026-03-17,"Other Automotive",11392,103614.65
2026-03-17,"Powertrain Mounts",5009,293087.03
2026-03-17,"Sealing",89770,284227.37
2026-03-18,"Cable Protection",26048,171049.11
2026-03-18,"Chassis NVH",11756,282951.85
2026-03-18,"Hoses & Bellows",18019,274171.4
2026-03-18,"Other Automotive",11530,103901.06
2026-03-18,"Powertrain Mounts",5258,296570.96
2026-03-18,"Sealing",94471,303303.88
2026-03-19,"Cable Protection",26215,168154.32
2026-03-19,"Chassis NVH",11934,277781.35
2026-03-19,"Hoses & Bellows",17155,253502.7
2026-03-19,"Other Automotive",11827,105542.37
2026-03-19,"Powertrain Mounts",4729,271549.12
2026-03-19,"Sealing",85988,276623.53
2026-03-20,"Cable Protection",25129,161723.69
2026-03-20,"Chassis NVH",10992,260013.11
2026-03-20,"Hoses & Bellows",16279,242153.24
2026-03-20,"Other Automotive",11163,98204.16
2026-03-20,"Powertrain Mounts",4756,281314.07
2026-03-20,"Sealing",85828,275203.26
2026-03-21,"Cable Protection",4682,30500.42
2026-03-21,"Chassis NVH",3403,82831.79
2026-03-21,"Hoses & Bellows",4965,72571.87
2026-03-21,"Other Automotive",2754,24542.61
2026-03-21,"Powertrain Mounts",1393,80994.39
2026-03-21,"Sealing",17918,58804.3
2026-03-22,"Cable Protection",2619,17093.8
2026-03-22,"Chassis NVH",2524,59119.07
2026-03-22,"Hoses & Bellows",3855,57959.88
2026-03-22,"Other Automotive",1941,17257
2026-03-22,"Powertrain Mounts",976,58406.25
2026-03-22,"Sealing",11615,36479.03
2026-03-23,"Cable Protection",26940,177379.36
2026-03-23,"Chassis NVH",10703,253956.46
2026-03-23,"Hoses & Bellows",15889,241305.01
2026-03-23,"Other Automotive",12007,110269.21
2026-03-23,"Powertrain Mounts",4650,266654.86
2026-03-23,"Sealing",84436,277063.81
2026-03-24,"Cable Protection",26877,178407.38
2026-03-24,"Chassis NVH",11047,265205.64
2026-03-24,"Hoses & Bellows",15970,245485.62
2026-03-24,"Other Automotive",12421,111613.35
2026-03-24,"Powertrain Mounts",4931,283638.89
2026-03-24,"Sealing",89213,279922.5
2026-03-25,"Cable Protection",27202,182994.12
2026-03-25,"Chassis NVH",12042,286971.73
2026-03-25,"Hoses & Bellows",16842,251503.2
2026-03-25,"Other Automotive",13723,123269.45
2026-03-25,"Powertrain Mounts",5240,305421.47
2026-03-25,"Sealing",89433,284855.7
2026-03-26,"Cable Protection",25776,171515.94
2026-03-26,"Chassis NVH",12152,287401.09
2026-03-26,"Hoses & Bellows",15356,230914.06
2026-03-26,"Other Automotive",12584,112037.75
2026-03-26,"Powertrain Mounts",5213,306735.11
2026-03-26,"Sealing",80164,248806.43
2026-03-27,"Cable Protection",24648,162559.97
2026-03-27,"Chassis NVH",11022,262389.06
2026-03-27,"Hoses & Bellows",13616,206660.73
2026-03-27,"Other Automotive",10960,98908.31
2026-03-27,"Powertrain Mounts",4287,250046.66
2026-03-27,"Sealing",74224,233282.14
2026-03-28,"Cable Protection",4490,29253.63
2026-03-28,"Chassis NVH",3623,87728.74
2026-03-28,"Hoses & Bellows",4578,67562.07
2026-03-28,"Other Automotive",2637,24479.6
2026-03-28,"Powertrain Mounts",1312,74878.91
2026-03-28,"Sealing",16062,50725.12
2026-03-29,"Cable Protection",2385,14972.2
2026-03-29,"Chassis NVH",2546,60333.52
2026-03-29,"Hoses & Bellows",3440,51223.61
2026-03-29,"Other Automotive",1843,16371.39
2026-03-29,"Powertrain Mounts",1006,59864.21
2026-03-29,"Sealing",10094,31770.28
2026-03-30,"Cable Protection",22814,148750.88
2026-03-30,"Chassis NVH",9989,239355.36
2026-03-30,"Hoses & Bellows",13675,203065.99
2026-03-30,"Other Automotive",11587,105794.2
2026-03-30,"Powertrain Mounts",4518,265937.55
2026-03-30,"Sealing",72375,231889.65
2026-03-31,"Cable Protection",26093,169229.29
2026-03-31,"Chassis NVH",10621,249793.28
2026-03-31,"Hoses & Bellows",13777,210786.83
2026-03-31,"Other Automotive",11868,104026.53
2026-03-31,"Powertrain Mounts",4563,273485.49
2026-03-31,"Sealing",83043,269639.49
2026-04-01,"Cable Protection",22500,144033.77
2026-04-01,"Chassis NVH",10413,246561.61
2026-04-01,"Hoses & Bellows",14810,220548.03
2026-04-01,"Other Automotive",9791,86023.08
2026-04-01,"Powertrain Mounts",4204,247657.14
2026-04-01,"Sealing",75754,240505.96
2026-04-02,"Cable Protection",5028,31892.06
2026-04-02,"Chassis NVH",3747,91051.65
2026-04-02,"Hoses & Bellows",4894,71620.74
2026-04-02,"Other Automotive",2992,26589.38
2026-04-02,"Powertrain Mounts",1473,85792.25
2026-04-02,"Sealing",20893,64427.65
2026-04-03,"Cable Protection",21058,140620.97
2026-04-03,"Chassis NVH",10954,268157.99
2026-04-03,"Hoses & Bellows",13104,203403.29
2026-04-03,"Other Automotive",10818,100988.11
2026-04-03,"Powertrain Mounts",4215,242941.29
2026-04-03,"Sealing",81345,250543.86
2026-04-04,"Cable Protection",1967,13382.9
2026-04-04,"Chassis NVH",2523,60442.03
2026-04-04,"Hoses & Bellows",3315,49853.93
2026-04-04,"Other Automotive",1722,15744.19
2026-04-04,"Powertrain Mounts",923,53091.73
2026-04-04,"Sealing",9988,31975.95
2026-04-05,"Cable Protection",2300,15026.97
2026-04-05,"Chassis NVH",2491,59721.07
2026-04-05,"Hoses & Bellows",3154,46180.18
2026-04-05,"Other Automotive",1869,17379.27
2026-04-05,"Powertrain Mounts",942,54851.09
2026-04-05,"Sealing",10662,34319.77
2026-04-06,"Cable Protection",23745,150671.78
2026-04-06,"Chassis NVH",10604,252421
2026-04-06,"Hoses & Bellows",13391,207080.91
2026-04-06,"Other Automotive",11274,102666.89
2026-04-06,"Powertrain Mounts",4257,248551.13
2026-04-06,"Sealing",86188,270052.62
2026-04-07,"Cable Protection",20296,129222.92
2026-04-07,"Chassis NVH",9942,245562.3
2026-04-07,"Hoses & Bellows",13953,206487.69
2026-04-07,"Other Automotive",10152,92125.65
2026-04-07,"Powertrain Mounts",3964,222654.9
2026-04-07,"Sealing",81374,259547.08
2026-04-08,"Cable Protection",21239,135059.4
2026-04-08,"Chassis NVH",10876,263753.35
2026-04-08,"Hoses & Bellows",14386,209795.85
2026-04-08,"Other Automotive",11357,100199.97
2026-04-08,"Powertrain Mounts",4107,236646.74
2026-04-08,"Sealing",85449,273052.99
2026-04-09,"Cable Protection",20963,138698.81
2026-04-09,"Chassis NVH",10184,247457.34
2026-04-09,"Hoses & Bellows",15407,236730.85
2026-04-09,"Other Automotive",10727,97868.21
2026-04-09,"Powertrain Mounts",4196,235729.98
2026-04-09,"Sealing",86858,280120.57
2026-04-10,"Cable Protection",19626,125022.69
2026-04-10,"Chassis NVH",9275,221219.35
2026-04-10,"Hoses & Bellows",14605,225916.15
2026-04-10,"Other Automotive",10197,91668.43
2026-04-10,"Powertrain Mounts",3977,233301.83
2026-04-10,"Sealing",77598,249167.31
2026-04-11,"Cable Protection",4011,26166.71
2026-04-11,"Chassis NVH",3132,76651.11
2026-04-11,"Hoses & Bellows",4795,71694.32
2026-04-11,"Other Automotive",2606,23221.95
2026-04-11,"Powertrain Mounts",1363,81485.92
2026-04-11,"Sealing",17896,56623.86
2026-04-12,"Cable Protection",2376,14876.83
2026-04-12,"Chassis NVH",2581,62022.22
2026-04-12,"Hoses & Bellows",3511,51734.79
2026-04-12,"Other Automotive",1795,16396.48
2026-04-12,"Powertrain Mounts",1040,59829.42
2026-04-12,"Sealing",11394,36093.84
2026-04-13,"Cable Protection",23315,151708.86
2026-04-13,"Chassis NVH",10592,249677.28
2026-04-13,"Hoses & Bellows",14994,222513.57
2026-04-13,"Other Automotive",11613,99853.89
2026-04-13,"Powertrain Mounts",4651,265759.6
2026-04-13,"Sealing",80580,258899.05
2026-04-14,"Cable Protection",24129,154246.66
2026-04-14,"Chassis NVH",10606,256835.05
2026-04-14,"Hoses & Bellows",15460,229900.11
2026-04-14,"Other Automotive",11778,104925.06
2026-04-14,"Powertrain Mounts",4633,263632.14
2026-04-14,"Sealing",85789,276936.15
2026-04-15,"Cable Protection",24141,158104.39
2026-04-15,"Chassis NVH",10585,253650.1
2026-04-15,"Hoses & Bellows",16181,240502.01
2026-04-15,"Other Automotive",11733,111127.05
2026-04-15,"Powertrain Mounts",4712,269350.94
2026-04-15,"Sealing",89479,287420.91
2026-04-16,"Cable Protection",23600,153682.28
2026-04-16,"Chassis NVH",10807,259739.19
2026-04-16,"Hoses & Bellows",15087,222579.23
2026-04-16,"Other Automotive",11212,97606.06
2026-04-16,"Powertrain Mounts",4794,278057.62
2026-04-16,"Sealing",88006,274841.27
2026-04-17,"Cable Protection",20119,130715.46
2026-04-17,"Chassis NVH",9837,244298.16
2026-04-17,"Hoses & Bellows",14091,207921.99
2026-04-17,"Other Automotive",10131,92008.74
2026-04-17,"Powertrain Mounts",4299,239535.69
2026-04-17,"Sealing",81686,263349.93
2026-04-18,"Cable Protection",3865,25687.33
2026-04-18,"Chassis NVH",3200,75878.32
2026-04-18,"Hoses & Bellows",4701,71057.68
2026-04-18,"Other Automotive",2473,21906.77
2026-04-18,"Powertrain Mounts",1393,82180.36
2026-04-18,"Sealing",18650,59515.35
2026-04-19,"Cable Protection",2103,13556.42
2026-04-19,"Chassis NVH",2483,58266.76
2026-04-19,"Hoses & Bellows",3437,51712.41
2026-04-19,"Other Automotive",1818,16640.34
2026-04-19,"Powertrain Mounts",956,56148.04
2026-04-19,"Sealing",11263,35759.71
2026-04-20,"Cable Protection",26591,173854.04
2026-04-20,"Chassis NVH",12465,301224.23
2026-04-20,"Hoses & Bellows",13718,206546.59
2026-04-20,"Other Automotive",11423,102579.43
2026-04-20,"Powertrain Mounts",4244,251323.65
2026-04-20,"Sealing",76455,244572.33
2026-04-21,"Cable Protection",25099,163625.56
2026-04-21,"Chassis NVH",11668,284099.2
2026-04-21,"Hoses & Bellows",16051,237931.19
2026-04-21,"Other Automotive",11208,99849.3
2026-04-21,"Powertrain Mounts",4377,245090.62
2026-04-21,"Sealing",91590,298207.02
2026-04-22,"Cable Protection",23370,151365.7
2026-04-22,"Chassis NVH",11511,274662.13
2026-04-22,"Hoses & Bellows",16072,232658.51
2026-04-22,"Other Automotive",11981,105826.58
2026-04-22,"Powertrain Mounts",4530,260039.85
2026-04-22,"Sealing",90679,287854.07
2026-04-23,"Cable Protection",22201,146707.83
2026-04-23,"Chassis NVH",10978,257567.86
2026-04-23,"Hoses & Bellows",15656,231954.9
2026-04-23,"Other Automotive",11525,103354.73
2026-04-23,"Powertrain Mounts",4565,268744.1
2026-04-23,"Sealing",87895,274743.23
2026-04-24,"Cable Protection",20720,134864.6
2026-04-24,"Chassis NVH",10082,235999.88
2026-04-24,"Hoses & Bellows",14672,222272.98
2026-04-24,"Other Automotive",11142,101446.04
2026-04-24,"Powertrain Mounts",4167,238318.31
2026-04-24,"Sealing",76525,243854.29
2026-04-25,"Cable Protection",4296,28060.15
2026-04-25,"Chassis NVH",3462,82620.38
2026-04-25,"Hoses & Bellows",5199,79524.92
2026-04-25,"Other Automotive",2894,25917.02
2026-04-25,"Powertrain Mounts",1297,75030.7
2026-04-25,"Sealing",17865,56980.74
2026-04-26,"Cable Protection",2348,15114.76
2026-04-26,"Chassis NVH",2619,65316.84
2026-04-26,"Hoses & Bellows",3725,55590.36
2026-04-26,"Other Automotive",1988,18184.14
2026-04-26,"Powertrain Mounts",957,57593.71
2026-04-26,"Sealing",10161,32928.7
2026-04-27,"Cable Protection",24363,156890.01
2026-04-27,"Chassis NVH",11536,279552.13
2026-04-27,"Hoses & Bellows",15021,227975.52
2026-04-27,"Other Automotive",12220,111046.23
2026-04-27,"Powertrain Mounts",4505,262036.48
2026-04-27,"Sealing",75721,242519.51
2026-04-28,"Cable Protection",24747,158627.09
2026-04-28,"Chassis NVH",12452,295548.25
2026-04-28,"Hoses & Bellows",15654,234759.86
2026-04-28,"Other Automotive",12460,108182.91
2026-04-28,"Powertrain Mounts",4534,261556.66
2026-04-28,"Sealing",76109,237600.88
2026-04-29,"Cable Protection",25655,171608.56
2026-04-29,"Chassis NVH",13683,335817.66
2026-04-29,"Hoses & Bellows",15799,239199.16
2026-04-29,"Other Automotive",11977,108812.75
2026-04-29,"Powertrain Mounts",4546,269053.97
2026-04-29,"Sealing",80852,257731.55
2026-04-30,"Cable Protection",6116,39853.49
2026-04-30,"Chassis NVH",4351,104860.96
2026-04-30,"Hoses & Bellows",5172,77184.02
2026-04-30,"Other Automotive",3488,32235.97
2026-04-30,"Powertrain Mounts",1395,80909.14
2026-04-30,"Sealing",20695,66928.11
2026-05-01,"Cable Protection",22801,147490.49
2026-05-01,"Chassis NVH",10357,246564.74
2026-05-01,"Hoses & Bellows",12463,190870.81
2026-05-01,"Other Automotive",9986,90240.39
2026-05-01,"Powertrain Mounts",4078,229378.94
2026-05-01,"Sealing",71200,224461.81
2026-05-02,"Cable Protection",4171,27261.41
2026-05-02,"Chassis NVH",3036,70966.64
2026-05-02,"Hoses & Bellows",4395,63818.08
2026-05-02,"Other Automotive",2737,25104.28
2026-05-02,"Powertrain Mounts",1243,73115.69
2026-05-02,"Sealing",16538,53435.07
2026-05-03,"Cable Protection",2330,15414.39
2026-05-03,"Chassis NVH",2496,60032.7
2026-05-03,"Hoses & Bellows",3471,51687.68
2026-05-03,"Other Automotive",2008,18183.34
2026-05-03,"Powertrain Mounts",891,51215.89
2026-05-03,"Sealing",10841,34679.25
2026-05-04,"Cable Protection",21654,142661.32
2026-05-04,"Chassis NVH",9785,230588.62
2026-05-04,"Hoses & Bellows",13731,204639.28
2026-05-04,"Other Automotive",10435,94885.68
2026-05-04,"Powertrain Mounts",4510,263023.68
2026-05-04,"Sealing",73185,234826.57
2026-05-05,"Cable Protection",23279,155457.48
2026-05-05,"Chassis NVH",10766,258679.88
2026-05-05,"Hoses & Bellows",14230,216821.24
2026-05-05,"Other Automotive",11060,98945.94
2026-05-05,"Powertrain Mounts",4596,272092.03
2026-05-05,"Sealing",76254,241386.84
2026-05-06,"Cable Protection",24203,156699.54
2026-05-06,"Chassis NVH",10795,264257.7
2026-05-06,"Hoses & Bellows",15329,232233.66
2026-05-06,"Other Automotive",11011,96961.42
2026-05-06,"Powertrain Mounts",4602,264209.08
2026-05-06,"Sealing",76962,240869.16
2026-05-07,"Cable Protection",23702,149544.86
2026-05-07,"Chassis NVH",10777,263226.89
2026-05-07,"Hoses & Bellows",14296,217280.91
2026-05-07,"Other Automotive",10358,93499.81
2026-05-07,"Powertrain Mounts",4516,261538.6
2026-05-07,"Sealing",78330,240848.23
2026-05-08,"Cable Protection",21395,139306.32
2026-05-08,"Chassis NVH",10054,239723.25
2026-05-08,"Hoses & Bellows",12920,194011.4
2026-05-08,"Other Automotive",9295,84139.48
2026-05-08,"Powertrain Mounts",4151,243257.42
2026-05-08,"Sealing",71225,228163.81
2026-05-09,"Cable Protection",4098,27140.8
2026-05-09,"Chassis NVH",3188,73912.46
2026-05-09,"Hoses & Bellows",4369,67180.8
2026-05-09,"Other Automotive",2639,23398.89
2026-05-09,"Powertrain Mounts",1232,71483.28
2026-05-09,"Sealing",16870,54219.42
2026-05-10,"Cable Protection",2353,15609.03
2026-05-10,"Chassis NVH",2334,55101.38
2026-05-10,"Hoses & Bellows",3437,50633.63
2026-05-10,"Other Automotive",1879,16986.36
2026-05-10,"Powertrain Mounts",930,55372.01
2026-05-10,"Sealing",11564,37282.45
2026-05-11,"Cable Protection",23344,148071.09
2026-05-11,"Chassis NVH",10013,245385.88
2026-05-11,"Hoses & Bellows",14379,220915.85
2026-05-11,"Other Automotive",10901,98447.12
2026-05-11,"Powertrain Mounts",4173,236783.99
2026-05-11,"Sealing",78955,247793.18
2026-05-12,"Cable Protection",22770,147706.86
2026-05-12,"Chassis NVH",10551,252842.71
2026-05-12,"Hoses & Bellows",14564,219186.62
2026-05-12,"Other Automotive",11474,102307.57
2026-05-12,"Powertrain Mounts",4468,252872.06
2026-05-12,"Sealing",83979,262699.7
2026-05-13,"Cable Protection",5430,35231.93
2026-05-13,"Chassis NVH",4053,98664.58
2026-05-13,"Hoses & Bellows",5562,83426.98
2026-05-13,"Other Automotive",3356,30040.21
2026-05-13,"Powertrain Mounts",1487,86397.07
2026-05-13,"Sealing",22909,72921.42
2026-05-14,"Cable Protection",23524,152152.72
2026-05-14,"Chassis NVH",10723,260038.81
2026-05-14,"Hoses & Bellows",14833,228080.8
2026-05-14,"Other Automotive",10998,96830.53
2026-05-14,"Powertrain Mounts",4307,260470.1
2026-05-14,"Sealing",83287,259655.6
2026-05-15,"Cable Protection",19483,126656.03
2026-05-15,"Chassis NVH",8558,203521.74
2026-05-15,"Hoses & Bellows",11830,177118.23
2026-05-15,"Other Automotive",8970,81826.03
2026-05-15,"Powertrain Mounts",3617,209881.69
2026-05-15,"Sealing",71079,232194.21
2026-05-16,"Cable Protection",3674,23770.55
2026-05-16,"Chassis NVH",3013,75136.98
2026-05-16,"Hoses & Bellows",4513,66358.64
2026-05-16,"Other Automotive",2551,23036.51
2026-05-16,"Powertrain Mounts",1249,73061.62
2026-05-16,"Sealing",17703,56283.86
2026-05-17,"Cable Protection",2184,14367.91
2026-05-17,"Chassis NVH",2438,57695.81
2026-05-17,"Hoses & Bellows",3558,51823.52
2026-05-17,"Other Automotive",1981,17874.28
2026-05-17,"Powertrain Mounts",935,54797.87
2026-05-17,"Sealing",11174,35540.38
2026-05-18,"Cable Protection",22032,145150.52
2026-05-18,"Chassis NVH",10282,244398.21
2026-05-18,"Hoses & Bellows",13403,201022.91
2026-05-18,"Other Automotive",11395,101152.21
2026-05-18,"Powertrain Mounts",4219,249332.61
2026-05-18,"Sealing",81075,257988.83
2026-05-19,"Cable Protection",23334,150123.47
2026-05-19,"Chassis NVH",10677,258535.75
2026-05-19,"Hoses & Bellows",14238,214830.3
2026-05-19,"Other Automotive",11417,102908.64
2026-05-19,"Powertrain Mounts",4669,266383.28
2026-05-19,"Sealing",84346,264338.55
2026-05-20,"Cable Protection",24062,151467.53
2026-05-20,"Chassis NVH",10972,266750.07
2026-05-20,"Hoses & Bellows",13673,205257.61
2026-05-20,"Other Automotive",12332,113246.21
2026-05-20,"Powertrain Mounts",4390,253444.69
2026-05-20,"Sealing",88551,292098.57
2026-05-21,"Cable Protection",24271,157683.3
2026-05-21,"Chassis NVH",10879,262054.2
2026-05-21,"Hoses & Bellows",13215,203101.37
2026-05-21,"Other Automotive",11799,104691.24
2026-05-21,"Powertrain Mounts",4299,250229.96
2026-05-21,"Sealing",89271,297282
2026-05-22,"Cable Protection",22124,140945.63
2026-05-22,"Chassis NVH",9796,235121.74
2026-05-22,"Hoses & Bellows",12396,189877.66
2026-05-22,"Other Automotive",10556,94227.43
2026-05-22,"Powertrain Mounts",4306,255261.12
2026-05-22,"Sealing",80921,255132.19
2026-05-23,"Cable Protection",1980,12843.61
2026-05-23,"Chassis NVH",2549,61266.27
2026-05-23,"Hoses & Bellows",3317,50567.05
2026-05-23,"Other Automotive",1820,16262.26
2026-05-23,"Powertrain Mounts",985,55428.22
2026-05-23,"Sealing",10595,34329.25
2026-05-24,"Cable Protection",2135,14134.53
2026-05-24,"Chassis NVH",2634,64382.92
2026-05-24,"Hoses & Bellows",3143,47368.42
2026-05-24,"Other Automotive",1957,17702.39
2026-05-24,"Powertrain Mounts",942,53928.69
2026-05-24,"Sealing",10698,34854.12
2026-05-25,"Cable Protection",21126,134526.91
2026-05-25,"Chassis NVH",11380,275879.17
2026-05-25,"Hoses & Bellows",14031,213012.77
2026-05-25,"Other Automotive",10976,97828.24
2026-05-25,"Powertrain Mounts",4116,236169.25
2026-05-25,"Sealing",70027,231774.39
2026-05-26,"Cable Protection",17791,114432.35
2026-05-26,"Chassis NVH",10195,245311.66
2026-05-26,"Hoses & Bellows",14077,215467.76
2026-05-26,"Other Automotive",10394,95012.83
2026-05-26,"Powertrain Mounts",3863,222661.62
2026-05-26,"Sealing",68857,217030.71
2026-05-27,"Cable Protection",19979,129932.53
2026-05-27,"Chassis NVH",11137,264787.32
2026-05-27,"Hoses & Bellows",15108,225077.59
2026-05-27,"Other Automotive",11579,107773.82
2026-05-27,"Powertrain Mounts",4071,237107.35
2026-05-27,"Sealing",75723,242714.52
2026-05-28,"Cable Protection",19904,133187.57
2026-05-28,"Chassis NVH",10894,257463.1
2026-05-28,"Hoses & Bellows",14535,214898.3
2026-05-28,"Other Automotive",10581,97474.27
2026-05-28,"Powertrain Mounts",4159,233189.34
2026-05-28,"Sealing",75511,236365.37
2026-05-29,"Cable Protection",19623,127211.92
2026-05-29,"Chassis NVH",10245,242173.81
2026-05-29,"Hoses & Bellows",13069,192104.71
2026-05-29,"Other Automotive",10171,91602.83
2026-05-29,"Powertrain Mounts",3967,229640.57
2026-05-29,"Sealing",70547,225538.33
2026-05-30,"Cable Protection",4121,26496.45
2026-05-30,"Chassis NVH",3266,79144.64
2026-05-30,"Hoses & Bellows",4239,62841.42
2026-05-30,"Other Automotive",2864,25019.42
2026-05-30,"Powertrain Mounts",1333,78680.54
2026-05-30,"Sealing",16136,53108.97
2026-05-31,"Cable Protection",2260,14641.8
2026-05-31,"Chassis NVH",2430,59291.01
2026-05-31,"Hoses & Bellows",3446,51829.6
2026-05-31,"Other Automotive",1945,17456.96
2026-05-31,"Powertrain Mounts",966,56022.73
2026-05-31,"Sealing",11185,35343.4
2026-06-01,"Cable Protection",26867,178854.85
2026-06-01,"Chassis NVH",13226,316250.44
2026-06-01,"Hoses & Bellows",15971,244229.04
2026-06-01,"Other Automotive",12429,107274.94
2026-06-01,"Powertrain Mounts",4700,277323.09
2026-06-01,"Sealing",92726,284553.28
2026-06-02,"Cable Protection",28306,181722.6
2026-06-02,"Chassis NVH",13392,328606.25
2026-06-02,"Hoses & Bellows",16925,255692.64
2026-06-02,"Other Automotive",13484,121094.55
2026-06-02,"Powertrain Mounts",4971,289032.85
2026-06-02,"Sealing",92392,291662.21
2026-06-03,"Cable Protection",29224,195994.9
2026-06-03,"Chassis NVH",14255,336806.16
2026-06-03,"Hoses & Bellows",16656,244704.08
2026-06-03,"Other Automotive",12817,116202.75
2026-06-03,"Powertrain Mounts",4938,283074.5
2026-06-03,"Sealing",92627,297505.03
2026-06-04,"Cable Protection",29045,189477.88
2026-06-04,"Chassis NVH",14274,343669.64
2026-06-04,"Hoses & Bellows",16344,243187.55
2026-06-04,"Other Automotive",12663,118405.04
2026-06-04,"Powertrain Mounts",4904,287162.98
2026-06-04,"Sealing",90511,299616.33
2026-06-05,"Cable Protection",25624,166227.4
2026-06-05,"Chassis NVH",11677,278275.57
2026-06-05,"Hoses & Bellows",14155,211819.07
2026-06-05,"Other Automotive",11541,105838.42
2026-06-05,"Powertrain Mounts",4419,261040.16
2026-06-05,"Sealing",79818,240717.62
2026-06-06,"Cable Protection",4982,33388.92
2026-06-06,"Chassis NVH",3726,90732.25
2026-06-06,"Hoses & Bellows",4844,72996.17
2026-06-06,"Other Automotive",2798,25452.41
2026-06-06,"Powertrain Mounts",1329,74243.65
2026-06-06,"Sealing",19598,62517.69
2026-06-07,"Cable Protection",2572,16742.8
2026-06-07,"Chassis NVH",2885,68866.46
2026-06-07,"Hoses & Bellows",3632,53521.44
2026-06-07,"Other Automotive",1884,16572.74
2026-06-07,"Powertrain Mounts",1034,60168.48
2026-06-07,"Sealing",11711,37693.8
2026-06-08,"Cable Protection",26803,177099.77
2026-06-08,"Chassis NVH",13218,315814.39
2026-06-08,"Hoses & Bellows",14939,215479.3
2026-06-08,"Other Automotive",11869,107127.05
2026-06-08,"Powertrain Mounts",4492,261065.73
2026-06-08,"Sealing",87358,282441.05
2026-06-09,"Cable Protection",29033,189786.94
2026-06-09,"Chassis NVH",12246,292640.94
2026-06-09,"Hoses & Bellows",17190,251824.16
2026-06-09,"Other Automotive",13059,114392.67
2026-06-09,"Powertrain Mounts",4670,270274.49
2026-06-09,"Sealing",94700,300540.04
2026-06-10,"Cable Protection",28797,187760.18
2026-06-10,"Chassis NVH",14037,335533.66
2026-06-10,"Hoses & Bellows",16014,244339.38
2026-06-10,"Other Automotive",12570,113192.43
2026-06-10,"Powertrain Mounts",4730,279303.22
2026-06-10,"Sealing",91843,282193.11
2026-06-11,"Cable Protection",26581,169017.75
2026-06-11,"Chassis NVH",12304,289667
2026-06-11,"Hoses & Bellows",16146,235651.09
2026-06-11,"Other Automotive",12020,110734.81
2026-06-11,"Powertrain Mounts",4755,278379.69
2026-06-11,"Sealing",91237,298441.78
2026-06-12,"Cable Protection",25712,168435
2026-06-12,"Chassis NVH",10797,253375.33
2026-06-12,"Hoses & Bellows",14703,218103.92
2026-06-12,"Other Automotive",11270,103413.85
2026-06-12,"Powertrain Mounts",4391,250218.93
2026-06-12,"Sealing",85901,280943.6
2026-06-13,"Cable Protection",4480,28996.61
2026-06-13,"Chassis NVH",3458,85244.67
2026-06-13,"Hoses & Bellows",4604,70107.23
2026-06-13,"Other Automotive",3209,28824.53
2026-06-13,"Powertrain Mounts",1400,82870.24
2026-06-13,"Sealing",19006,61270.04
2026-06-14,"Cable Protection",2383,15368.13
2026-06-14,"Chassis NVH",2792,64337.4
2026-06-14,"Hoses & Bellows",3910,57454.57
2026-06-14,"Other Automotive",1978,17763.73
2026-06-14,"Powertrain Mounts",954,55825.77
2026-06-14,"Sealing",10954,35943.85
2026-06-15,"Cable Protection",26797,177089.97
2026-06-15,"Chassis NVH",11612,280502.53
2026-06-15,"Hoses & Bellows",15980,246356.39
2026-06-15,"Other Automotive",11126,98102.31
2026-06-15,"Powertrain Mounts",4421,255075.33
2026-06-15,"Sealing",94019,304970.72
2026-06-16,"Cable Protection",27459,176540.65
2026-06-16,"Chassis NVH",11722,282926.21
2026-06-16,"Hoses & Bellows",16487,246098.35
2026-06-16,"Other Automotive",12103,111225.55
2026-06-16,"Powertrain Mounts",4667,276983.37
2026-06-16,"Sealing",94604,296551.16
2026-06-17,"Cable Protection",27465,186828.3
2026-06-17,"Chassis NVH",11628,277519.38
2026-06-17,"Hoses & Bellows",17377,268432.77
2026-06-17,"Other Automotive",12403,114881.37
2026-06-17,"Powertrain Mounts",4907,289713.02
2026-06-17,"Sealing",89603,279562.41
2026-06-18,"Cable Protection",26913,176088.93
2026-06-18,"Chassis NVH",11336,267316
2026-06-18,"Hoses & Bellows",16894,252535.27
2026-06-18,"Other Automotive",12647,110137.15
2026-06-18,"Powertrain Mounts",4976,282685.11
2026-06-18,"Sealing",89841,285570.79
2026-06-19,"Cable Protection",24233,160576.06
2026-06-19,"Chassis NVH",10883,263924.61
2026-06-19,"Hoses & Bellows",14211,214429.62
2026-06-19,"Other Automotive",11974,108372.29
2026-06-19,"Powertrain Mounts",4692,275155.53
2026-06-19,"Sealing",80198,261519.08
2026-06-20,"Cable Protection",4341,28366.52
2026-06-20,"Chassis NVH",3325,79136.7
2026-06-20,"Hoses & Bellows",4654,70945.87
2026-06-20,"Other Automotive",2813,24949.31
2026-06-20,"Powertrain Mounts",1433,84359.18
2026-06-20,"Sealing",17650,56811.89
2026-06-21,"Cable Protection",2499,16400.32
2026-06-21,"Chassis NVH",2500,61883.09
2026-06-21,"Hoses & Bellows",3392,51362.52
2026-06-21,"Other Automotive",1958,17074.77
2026-06-21,"Powertrain Mounts",937,55019.88
2026-06-21,"Sealing",10818,35101.44
2026-06-22,"Cable Protection",25534,162010.1
2026-06-22,"Chassis NVH",11937,290547.3
2026-06-22,"Hoses & Bellows",14985,213801.39
2026-06-22,"Other Automotive",12294,113833.42
2026-06-22,"Powertrain Mounts",4385,248633.75
2026-06-22,"Sealing",84863,272961.3
2026-06-23,"Cable Protection",26300,172529.66
2026-06-23,"Chassis NVH",12426,303905.33
2026-06-23,"Hoses & Bellows",15943,236042.95
2026-06-23,"Other Automotive",13747,125059.09
2026-06-23,"Powertrain Mounts",4837,276712.25
2026-06-23,"Sealing",87738,286899.64
2026-06-24,"Cable Protection",26463,171202.25
2026-06-24,"Chassis NVH",12154,294209.47
2026-06-24,"Hoses & Bellows",16351,251260.68
2026-06-24,"Other Automotive",13417,123220.22
2026-06-24,"Powertrain Mounts",4834,278416.71
2026-06-24,"Sealing",88114,281197.07
2026-06-25,"Cable Protection",25985,166447.45
2026-06-25,"Chassis NVH",11821,287758.71
2026-06-25,"Hoses & Bellows",16098,238302.26
2026-06-25,"Other Automotive",13666,122688.36
2026-06-25,"Powertrain Mounts",4679,269024.83
2026-06-25,"Sealing",92771,289110.61
2026-06-26,"Cable Protection",24725,154989.78
2026-06-26,"Chassis NVH",11120,271951.64
2026-06-26,"Hoses & Bellows",15312,224835.42
2026-06-26,"Other Automotive",11811,108484.37
2026-06-26,"Powertrain Mounts",4565,264313.78
2026-06-26,"Sealing",80332,260373.5
2026-06-27,"Cable Protection",4489,29348.87
2026-06-27,"Chassis NVH",3625,84277.75
2026-06-27,"Hoses & Bellows",5079,76515.46
2026-06-27,"Other Automotive",3030,26233.65
2026-06-27,"Powertrain Mounts",1318,75058.19
2026-06-27,"Sealing",17060,55908.49
2026-06-28,"Cable Protection",2362,15833.36
2026-06-28,"Chassis NVH",2647,62348.37
2026-06-28,"Hoses & Bellows",3396,49312.41
2026-06-28,"Other Automotive",1987,18386.37
2026-06-28,"Powertrain Mounts",991,57497.9
2026-06-28,"Sealing",10774,34459.35
2026-06-29,"Cable Protection",24944,161539.76
2026-06-29,"Chassis NVH",11756,279087.44
2026-06-29,"Hoses & Bellows",14401,219090.38
2026-06-29,"Other Automotive",12603,111105.11
2026-06-29,"Powertrain Mounts",4972,280439.33
2026-06-29,"Sealing",80152,256814.41
2026-06-30,"Cable Protection",26942,175623.32
2026-06-30,"Chassis NVH",11933,287122.96
2026-06-30,"Hoses & Bellows",15082,227807.23
2026-06-30,"Other Automotive",13758,125962.79
2026-06-30,"Powertrain Mounts",5045,294304.05
2026-06-30,"Sealing",90765,281880.41
2026-07-01,"Cable Protection",21664,145158.76
2026-07-01,"Chassis NVH",12013,296907.3
2026-07-01,"Hoses & Bellows",14363,207089.87
2026-07-01,"Other Automotive",11609,104548.86
2026-07-01,"Powertrain Mounts",4504,260990.68
2026-07-01,"Sealing",86914,273777.37
2026-07-02,"Cable Protection",20951,138514.91
2026-07-02,"Chassis NVH",11167,278364.69
2026-07-02,"Hoses & Bellows",14108,218894.06
2026-07-02,"Other Automotive",11227,103230.87
2026-07-02,"Powertrain Mounts",4021,236119.99
2026-07-02,"Sealing",76846,247152.1
2026-07-03,"Cable Protection",17953,116953.6
2026-07-03,"Chassis NVH",10641,255050.88
2026-07-03,"Hoses & Bellows",11894,178242.98
2026-07-03,"Other Automotive",9863,90336.34
2026-07-03,"Powertrain Mounts",3843,221190.13
2026-07-03,"Sealing",71098,223406.2
2026-07-04,"Cable Protection",3603,22799.2
2026-07-04,"Chassis NVH",3696,90158.13
2026-07-04,"Hoses & Bellows",4189,62040.05
2026-07-04,"Other Automotive",2653,24611.01
2026-07-04,"Powertrain Mounts",1262,71687.63
2026-07-04,"Sealing",16784,55859.3
2026-07-05,"Cable Protection",2128,13987.08
2026-07-05,"Chassis NVH",2688,64349.67
2026-07-05,"Hoses & Bellows",3484,53022.62
2026-07-05,"Other Automotive",1960,17073.09
2026-07-05,"Powertrain Mounts",1001,58206.86
2026-07-05,"Sealing",10557,34176.68
2026-07-06,"Cable Protection",19556,127443.49
2026-07-06,"Chassis NVH",10319,249309.69
2026-07-06,"Hoses & Bellows",13310,195929.89
2026-07-06,"Other Automotive",9015,81595.67
2026-07-06,"Powertrain Mounts",3623,206287.7
2026-07-06,"Sealing",70117,224548.77
2026-07-07,"Cable Protection",19363,122708.01
2026-07-07,"Chassis NVH",11144,268816.47
2026-07-07,"Hoses & Bellows",14619,217508.82
2026-07-07,"Other Automotive",11000,100739.15
2026-07-07,"Powertrain Mounts",3930,223347.22
2026-07-07,"Sealing",76721,241878.97
2026-07-08,"Cable Protection",20175,133353.29
2026-07-08,"Chassis NVH",11202,267901.62
2026-07-08,"Hoses & Bellows",13355,205267.3
2026-07-08,"Other Automotive",11438,102021.66
2026-07-08,"Powertrain Mounts",3814,219518.8
2026-07-08,"Sealing",75708,239870.27
2026-07-09,"Cable Protection",19369,126087.41
2026-07-09,"Chassis NVH",10916,259251.21
2026-07-09,"Hoses & Bellows",12816,194155.03
2026-07-09,"Other Automotive",9457,85827.65
2026-07-09,"Powertrain Mounts",3614,206120.78
2026-07-09,"Sealing",73646,242034.9
2026-07-10,"Cable Protection",17866,121581.25
2026-07-10,"Chassis NVH",8837,205121.78
2026-07-10,"Hoses & Bellows",12112,181833.62
2026-07-10,"Other Automotive",9253,83323.83
2026-07-10,"Powertrain Mounts",3228,191000.36
2026-07-10,"Sealing",61995,191071.48
2026-07-11,"Cable Protection",3834,25053.49
2026-07-11,"Chassis NVH",3258,79191.18
2026-07-11,"Hoses & Bellows",4252,64009.65
2026-07-11,"Other Automotive",2493,22721.13
2026-07-11,"Powertrain Mounts",1116,65194.58
2026-07-11,"Sealing",17279,57133.3
2026-07-12,"Cable Protection",2272,14728.8
2026-07-12,"Chassis NVH",2579,62754.65
2026-07-12,"Hoses & Bellows",3463,52195.38
2026-07-12,"Other Automotive",1877,16456.17
2026-07-12,"Powertrain Mounts",959,56133.74
2026-07-12,"Sealing",11023,35695.81
2026-07-13,"Cable Protection",19808,126175.36
2026-07-13,"Chassis NVH",9821,236157.44
2026-07-13,"Hoses & Bellows",12533,184323.14
2026-07-13,"Other Automotive",9149,83996.24
2026-07-13,"Powertrain Mounts",3922,226584.33
2026-07-13,"Sealing",63942,201475.08
2026-07-14,"Cable Protection",20792,137280.57
2026-07-14,"Chassis NVH",10237,249218.32
2026-07-14,"Hoses & Bellows",12989,183082.47
2026-07-14,"Other Automotive",9069,82606.61
2026-07-14,"Powertrain Mounts",4020,234584.55
2026-07-14,"Sealing",68496,225576.17
2026-07-15,"Cable Protection",20677,142124.86
2026-07-15,"Chassis NVH",11034,266196.73
2026-07-15,"Hoses & Bellows",13288,197158.84
2026-07-15,"Other Automotive",9420,86556.49
2026-07-15,"Powertrain Mounts",3723,216775.78
2026-07-15,"Sealing",67832,213142.59
2026-07-16,"Cable Protection",20553,136034.26
2026-07-16,"Chassis NVH",10683,250531.13
2026-07-16,"Hoses & Bellows",13589,203839.48
2026-07-16,"Other Automotive",9302,83612.28
2026-07-16,"Powertrain Mounts",3671,206337.25
2026-07-16,"Sealing",69690,226215.08
2026-07-17,"Cable Protection",18228,120009.86
2026-07-17,"Chassis NVH",9688,240332.95
2026-07-17,"Hoses & Bellows",11903,174780.63
2026-07-17,"Other Automotive",7583,69939.01
2026-07-17,"Powertrain Mounts",3403,198498.23
2026-07-17,"Sealing",65904,208519.59
2026-07-18,"Cable Protection",3422,21473.78
2026-07-18,"Chassis NVH",3199,77059.67
2026-07-18,"Hoses & Bellows",4173,63250.38
2026-07-18,"Other Automotive",2189,20449.87
2026-07-18,"Powertrain Mounts",1213,72288.74
2026-07-18,"Sealing",16627,53813.44
2026-07-19,"Cable Protection",2082,13066.01
2026-07-19,"Chassis NVH",2535,61729.18
2026-07-19,"Hoses & Bellows",3691,54594.78
2026-07-19,"Other Automotive",1742,15892.22
2026-07-19,"Powertrain Mounts",921,52668.02
2026-07-19,"Sealing",10890,33855.64
2026-07-20,"Cable Protection",12124,75810.72
2026-07-20,"Chassis NVH",6171,149861.4
2026-07-20,"Hoses & Bellows",9523,140015.38
2026-07-20,"Other Automotive",5980,52325.95
2026-07-20,"Powertrain Mounts",2352,135069.78
2026-07-20,"Sealing",42296,137222.87
2026-07-21,"Cable Protection",13467,86646.5
2026-07-21,"Chassis NVH",7000,169710.71
2026-07-21,"Hoses & Bellows",9445,139871.38
2026-07-21,"Other Automotive",6384,57455.66
2026-07-21,"Powertrain Mounts",2357,136275.65
2026-07-21,"Sealing",45163,145136.59
2026-07-22,"Cable Protection",13053,84451.23
2026-07-22,"Chassis NVH",7427,180559.24
2026-07-22,"Hoses & Bellows",9684,148681.18
2026-07-22,"Other Automotive",6602,59122.36
2026-07-22,"Powertrain Mounts",2406,140908.77
2026-07-22,"Sealing",47543,148992.29
2026-07-23,"Cable Protection",13193,86000.23
2026-07-23,"Chassis NVH",6500,151621.7
2026-07-23,"Hoses & Bellows",8923,136555.74
2026-07-23,"Other Automotive",6479,58259.44
2026-07-23,"Powertrain Mounts",2793,163990.66
2026-07-23,"Sealing",41678,130070.52
2026-07-24,"Cable Protection",10981,69698.81
2026-07-24,"Chassis NVH",6165,154242.18
2026-07-24,"Hoses & Bellows",7986,119350.56
2026-07-24,"Other Automotive",5923,54899.18
2026-07-24,"Powertrain Mounts",2087,126120.27
2026-07-24,"Sealing",40894,130726.42
2026-07-25,"Cable Protection",2702,17802.45
2026-07-25,"Chassis NVH",2773,66566.75
2026-07-25,"Hoses & Bellows",3960,58998
2026-07-25,"Other Automotive",2060,17985.87
2026-07-25,"Powertrain Mounts",973,56199.25
2026-07-25,"Sealing",12439,39891.83
2026-07-26,"Cable Protection",1921,12909.64
2026-07-26,"Chassis NVH",2433,58776.46
2026-07-26,"Hoses & Bellows",3374,49412.67
2026-07-26,"Other Automotive",1695,15489.51
2026-07-26,"Powertrain Mounts",850,48840.74
2026-07-26,"Sealing",10316,32622.03
2026-07-27,"Cable Protection",12102,79367.97
2026-07-27,"Chassis NVH",6727,161833.74
2026-07-27,"Hoses & Bellows",9180,138648.44
2026-07-27,"Other Automotive",6200,57252.79
2026-07-27,"Powertrain Mounts",2532,149432.25
2026-07-27,"Sealing",44719,141376.26
2026-07-28,"Cable Protection",12907,83081.66
2026-07-28,"Chassis NVH",6791,164024.38
2026-07-28,"Hoses & Bellows",9691,145258.29
2026-07-28,"Other Automotive",6451,58166.16
2026-07-28,"Powertrain Mounts",2608,146414.44
2026-07-28,"Sealing",45811,148151.6
2026-07-29,"Cable Protection",12940,84052.57
2026-07-29,"Chassis NVH",7114,169349.86
2026-07-29,"Hoses & Bellows",9603,143178.5
2026-07-29,"Other Automotive",6356,58729.77
2026-07-29,"Powertrain Mounts",2700,156257.28
2026-07-29,"Sealing",43086,132062.3
2026-07-30,"Cable Protection",13181,83943.61
2026-07-30,"Chassis NVH",6891,168417.45
2026-07-30,"Hoses & Bellows",9373,137941.65
2026-07-30,"Other Automotive",6188,55883.41
2026-07-30,"Powertrain Mounts",2662,155384.68
2026-07-30,"Sealing",40763,127004.27
2026-07-31,"Cable Protection",12404,80403.69
2026-07-31,"Chassis NVH",6011,143081.96
2026-07-31,"Hoses & Bellows",8315,125276.78
2026-07-31,"Other Automotive",5700,52882.97
2026-07-31,"Powertrain Mounts",2476,144981.57
2026-07-31,"Sealing",38682,124745.08
2026-08-01,"Cable Protection",2651,17638.67
2026-08-01,"Chassis NVH",2653,63036.65
2026-08-01,"Hoses & Bellows",3737,58776.97
2026-08-01,"Other Automotive",1924,17389.8
2026-08-01,"Powertrain Mounts",944,54737.14
2026-08-01,"Sealing",11067,35053.89
2026-08-02,"Cable Protection",1702,11103.71
2026-08-02,"Chassis NVH",2188,51848.8
2026-08-02,"Hoses & Bellows",3467,52634.83
2026-08-02,"Other Automotive",1626,14707.46
2026-08-02,"Powertrain Mounts",808,46452.54
2026-08-02,"Sealing",8703,27897.33
2026-08-03,"Cable Protection",10323,67673.26
2026-08-03,"Chassis NVH",5581,131255.19
2026-08-03,"Hoses & Bellows",7983,119586.84
2026-08-03,"Other Automotive",5707,53532.18
2026-08-03,"Powertrain Mounts",2182,124287.01
2026-08-03,"Sealing",34964,111080.39
2026-08-04,"Cable Protection",10694,70719.42
2026-08-04,"Chassis NVH",5771,139769.82
2026-08-04,"Hoses & Bellows",7924,117426.69
2026-08-04,"Other Automotive",5772,51861.25
2026-08-04,"Powertrain Mounts",2200,126485.21
2026-08-04,"Sealing",35547,113116.81
2026-08-05,"Cable Protection",10667,71049.5
2026-08-05,"Chassis NVH",5903,140570.12
2026-08-05,"Hoses & Bellows",8459,129680.16
2026-08-05,"Other Automotive",6088,54396.5
2026-08-05,"Powertrain Mounts",2224,128185.51
2026-08-05,"Sealing",35253,117107.27
2026-08-06,"Cable Protection",9575,60678.56
2026-08-06,"Chassis NVH",6332,152186.3
2026-08-06,"Hoses & Bellows",8272,124010.18
2026-08-06,"Other Automotive",6301,56004.68
2026-08-06,"Powertrain Mounts",2364,134075.16
2026-08-06,"Sealing",40359,127688.67
2026-08-07,"Cable Protection",9261,61325.85
2026-08-07,"Chassis NVH",5069,118374.16
2026-08-07,"Hoses & Bellows",7730,116102.57
2026-08-07,"Other Automotive",4877,43786.07
2026-08-07,"Powertrain Mounts",1930,111636.43
2026-08-07,"Sealing",34133,110160.61
2026-08-08,"Cable Protection",2609,16868.99
2026-08-08,"Chassis NVH",2513,63536.61
2026-08-08,"Hoses & Bellows",3592,54658.91
2026-08-08,"Other Automotive",1982,17944.7
2026-08-08,"Powertrain Mounts",886,51263.13
2026-08-08,"Sealing",11495,36902.98
2026-08-09,"Cable Protection",1825,11613.48
2026-08-09,"Chassis NVH",2296,56281.39
2026-08-09,"Hoses & Bellows",3115,47658.17
2026-08-09,"Other Automotive",1606,14270.8
2026-08-09,"Powertrain Mounts",780,45801.01
2026-08-09,"Sealing",9258,28958.25
2026-08-10,"Cable Protection",9789,67739.3
2026-08-10,"Chassis NVH",6117,144627.16
2026-08-10,"Hoses & Bellows",7510,113197.27
2026-08-10,"Other Automotive",5153,46617.33
2026-08-10,"Powertrain Mounts",2219,126242.65
2026-08-10,"Sealing",36271,117426.98
2026-08-11,"Cable Protection",10412,67817.71
2026-08-11,"Chassis NVH",6362,151867.81
2026-08-11,"Hoses & Bellows",8113,123598.25
2026-08-11,"Other Automotive",5597,49468.99
2026-08-11,"Powertrain Mounts",2214,127564.94
2026-08-11,"Sealing",39671,126567.98
2026-08-12,"Cable Protection",10409,67224.74
2026-08-12,"Chassis NVH",6195,155157.11
2026-08-12,"Hoses & Bellows",8627,133120.41
2026-08-12,"Other Automotive",5769,50948.73
2026-08-12,"Powertrain Mounts",2274,131463.5
2026-08-12,"Sealing",40525,128996.17
2026-08-13,"Cable Protection",10451,68738.91
2026-08-13,"Chassis NVH",6466,158138.95
2026-08-13,"Hoses & Bellows",9168,141172.46
2026-08-13,"Other Automotive",5754,52324.9
2026-08-13,"Powertrain Mounts",2281,131534.91
2026-08-13,"Sealing",42458,132216.4
2026-08-14,"Cable Protection",9773,64107.33
2026-08-14,"Chassis NVH",5416,131892.26
2026-08-14,"Hoses & Bellows",7926,117349.73
2026-08-14,"Other Automotive",5118,45730.6
2026-08-14,"Powertrain Mounts",2184,125822.17
2026-08-14,"Sealing",40060,126976.1
2026-08-15,"Cable Protection",2472,15545.18
2026-08-15,"Chassis NVH",2587,62452
2026-08-15,"Hoses & Bellows",3792,56896.67
2026-08-15,"Other Automotive",1997,17827.98
2026-08-15,"Powertrain Mounts",979,57503.45
2026-08-15,"Sealing",13393,42909.2
2026-08-16,"Cable Protection",1804,11678.82
2026-08-16,"Chassis NVH",2468,59208.46
2026-08-16,"Hoses & Bellows",3297,49214.87
2026-08-16,"Other Automotive",1771,15603.92
2026-08-16,"Powertrain Mounts",869,49905.44
2026-08-16,"Sealing",10919,34744.62
2026-08-17,"Cable Protection",15442,99909.28
2026-08-17,"Chassis NVH",8615,209216.06
2026-08-17,"Hoses & Bellows",11574,171878.36
2026-08-17,"Other Automotive",9325,85040.14
2026-08-17,"Powertrain Mounts",3435,199049.59
2026-08-17,"Sealing",60950,195248.57
2026-08-18,"Cable Protection",15855,103438.45
2026-08-18,"Chassis NVH",9557,228072.62
2026-08-18,"Hoses & Bellows",12466,188113.97
2026-08-18,"Other Automotive",9779,87248.44
2026-08-18,"Powertrain Mounts",3472,198884.91
2026-08-18,"Sealing",63560,202210.73
2026-08-19,"Cable Protection",17978,116581.06
2026-08-19,"Chassis NVH",9176,226432.2
2026-08-19,"Hoses & Bellows",11645,170793.94
2026-08-19,"Other Automotive",9134,82216.82
2026-08-19,"Powertrain Mounts",3417,194166.81
2026-08-19,"Sealing",61055,197061.56
2026-08-20,"Cable Protection",16797,110492.3
2026-08-20,"Chassis NVH",9762,233945.71
2026-08-20,"Hoses & Bellows",11864,179432.89
2026-08-20,"Other Automotive",9137,81976.28
2026-08-20,"Powertrain Mounts",3359,193450.98
2026-08-20,"Sealing",63001,200193.77
2026-08-21,"Cable Protection",16307,104106.99
2026-08-21,"Chassis NVH",8605,206877.54
2026-08-21,"Hoses & Bellows",10489,162582.13
2026-08-21,"Other Automotive",8207,75443.8
2026-08-21,"Powertrain Mounts",2903,169507.66
2026-08-21,"Sealing",55494,180152.98
2026-08-22,"Cable Protection",3654,23461.03
2026-08-22,"Chassis NVH",2852,69009.23
2026-08-22,"Hoses & Bellows",3750,55185.78
2026-08-22,"Other Automotive",2179,19994.05
2026-08-22,"Powertrain Mounts",1099,63112.93
2026-08-22,"Sealing",13715,43397.45
2026-08-23,"Cable Protection",2151,14182.15
2026-08-23,"Chassis NVH",2438,59114.94
2026-08-23,"Hoses & Bellows",3205,48984.52
2026-08-23,"Other Automotive",1573,13566.22
2026-08-23,"Powertrain Mounts",856,50218.06
2026-08-23,"Sealing",9736,31111.47
2026-08-24,"Cable Protection",18779,123110.24
2026-08-24,"Chassis NVH",8657,206477.53
2026-08-24,"Hoses & Bellows",11326,171449.72
2026-08-24,"Other Automotive",8193,74028.85
2026-08-24,"Powertrain Mounts",3222,180587.52
2026-08-24,"Sealing",63208,203468.57
2026-08-25,"Cable Protection",19247,124483.72
2026-08-25,"Chassis NVH",9081,216693.9
2026-08-25,"Hoses & Bellows",11641,172098.24
2026-08-25,"Other Automotive",9154,83036.52
2026-08-25,"Powertrain Mounts",3244,185193.21
2026-08-25,"Sealing",63443,203289.67
2026-08-26,"Cable Protection",20192,135497.77
2026-08-26,"Chassis NVH",9020,221742.25
2026-08-26,"Hoses & Bellows",11394,175357.07
2026-08-26,"Other Automotive",8710,81881.51
2026-08-26,"Powertrain Mounts",3397,196495.91
2026-08-26,"Sealing",61118,199998.64
2026-08-27,"Cable Protection",18592,118016.41
2026-08-27,"Chassis NVH",8239,191215.49
2026-08-27,"Hoses & Bellows",12031,186287.62
2026-08-27,"Other Automotive",8050,69652.08
2026-08-27,"Powertrain Mounts",3279,196477.55
2026-08-27,"Sealing",59543,190444.2
2026-08-28,"Cable Protection",16530,106725.14
2026-08-28,"Chassis NVH",7631,181340.04
2026-08-28,"Hoses & Bellows",10658,163227.15
2026-08-28,"Other Automotive",7453,68799.55
2026-08-28,"Powertrain Mounts",3146,179751.48
2026-08-28,"Sealing",53241,165827.1
2026-08-29,"Cable Protection",3678,23691.67
2026-08-29,"Chassis NVH",2827,69172.3
2026-08-29,"Hoses & Bellows",4144,61595.9
2026-08-29,"Other Automotive",2159,19358.03
2026-08-29,"Powertrain Mounts",1091,64033.46
2026-08-29,"Sealing",13024,42556.16
2026-08-30,"Cable Protection",2098,13780.88
2026-08-30,"Chassis NVH",2402,59594.84
2026-08-30,"Hoses & Bellows",3212,50142.12
2026-08-30,"Other Automotive",1681,15287.08
2026-08-30,"Powertrain Mounts",820,48324.34
2026-08-30,"Sealing",9387,29699.18
2026-08-31,"Cable Protection",17282,112969.36
2026-08-31,"Chassis NVH",8923,214012.17
2026-08-31,"Hoses & Bellows",11204,170119.48
2026-08-31,"Other Automotive",8737,76552.06
2026-08-31,"Powertrain Mounts",3434,202003.9
2026-08-31,"Sealing",59678,190687.57
2026-09-01,"Cable Protection",17790,116569.11
2026-09-01,"Chassis NVH",9127,215005.93
2026-09-01,"Hoses & Bellows",11050,161529.77
2026-09-01,"Other Automotive",8921,81469.15
2026-09-01,"Powertrain Mounts",3701,215349.64
2026-09-01,"Sealing",58953,189532.22
2026-09-02,"Cable Protection",17728,119419.44
2026-09-02,"Chassis NVH",9071,220317.71
2026-09-02,"Hoses & Bellows",11439,173230.48
2026-09-02,"Other Automotive",9433,84171.8
2026-09-02,"Powertrain Mounts",3631,202121.95
2026-09-02,"Sealing",63618,208092.51
2026-09-03,"Cable Protection",17876,116305.96
2026-09-03,"Chassis NVH",9198,223747.69
2026-09-03,"Hoses & Bellows",11189,169317.47
2026-09-03,"Other Automotive",8975,81945.14
2026-09-03,"Powertrain Mounts",3564,209032.3
2026-09-03,"Sealing",63286,204632.65
2026-09-04,"Cable Protection",16232,103965.58
2026-09-04,"Chassis NVH",8180,195169.88
2026-09-04,"Hoses & Bellows",10875,164288.59
2026-09-04,"Other Automotive",7719,70191.54
2026-09-04,"Powertrain Mounts",3075,180180.93
2026-09-04,"Sealing",61687,193814.01
2026-09-05,"Cable Protection",3548,22841.17
2026-09-05,"Chassis NVH",3171,74400.5
2026-09-05,"Hoses & Bellows",4217,63591.41
2026-09-05,"Other Automotive",2268,20475.53
2026-09-05,"Powertrain Mounts",1075,61172.5
2026-09-05,"Sealing",14415,46122.09
2026-09-06,"Cable Protection",2023,13099.71
2026-09-06,"Chassis NVH",2381,57251.43
2026-09-06,"Hoses & Bellows",3327,49025.49
2026-09-06,"Other Automotive",1707,15367.06
2026-09-06,"Powertrain Mounts",795,45071.88
2026-09-06,"Sealing",9327,29806.5
2026-09-07,"Cable Protection",16903,109947.74
2026-09-07,"Chassis NVH",9060,212972.58
2026-09-07,"Hoses & Bellows",11282,170183.05
2026-09-07,"Other Automotive",8561,76817.44
2026-09-07,"Powertrain Mounts",3185,188732.45
2026-09-07,"Sealing",60519,192963.57
2026-09-08,"Cable Protection",17235,111829.52
2026-09-08,"Chassis NVH",9240,228292
2026-09-08,"Hoses & Bellows",11880,175407.6
2026-09-08,"Other Automotive",9518,85891.25
2026-09-08,"Powertrain Mounts",3392,201430.94
2026-09-08,"Sealing",64279,207307.93
2026-09-09,"Cable Protection",17888,117789.72
2026-09-09,"Chassis NVH",9327,220439.44
2026-09-09,"Hoses & Bellows",12060,185876.23
2026-09-09,"Other Automotive",9510,86674.95
2026-09-09,"Powertrain Mounts",3596,212499.39
2026-09-09,"Sealing",70903,222269.87
2026-09-10,"Cable Protection",17509,113918.9
2026-09-10,"Chassis NVH",9777,229781.53
2026-09-10,"Hoses & Bellows",11612,165581.55
2026-09-10,"Other Automotive",9611,88110.62
2026-09-10,"Powertrain Mounts",3543,202421.13
2026-09-10,"Sealing",65879,215432.52
2026-09-11,"Cable Protection",15606,101967.06
2026-09-11,"Chassis NVH",8692,206776.1
2026-09-11,"Hoses & Bellows",10574,157156.75
2026-09-11,"Other Automotive",8301,75111.81
2026-09-11,"Powertrain Mounts",3038,174577.02
2026-09-11,"Sealing",58740,191658.69
2026-09-12,"Cable Protection",3404,22317.94
2026-09-12,"Chassis NVH",3079,74925.57
2026-09-12,"Hoses & Bellows",3856,57077.62
2026-09-12,"Other Automotive",2379,21151.05
2026-09-12,"Powertrain Mounts",984,58084.85
2026-09-12,"Sealing",14397,47847.77
2026-09-13,"Cable Protection",1856,11918.28
2026-09-13,"Chassis NVH",2544,61780.99
2026-09-13,"Hoses & Bellows",3132,47612.04
2026-09-13,"Other Automotive",1599,14175.73
2026-09-13,"Powertrain Mounts",773,45809.2
2026-09-13,"Sealing",9428,29339.73
2026-09-14,"Cable Protection",17473,114084.03
2026-09-14,"Chassis NVH",9193,219514.21
2026-09-14,"Hoses & Bellows",11639,171333.65
2026-09-14,"Other Automotive",8120,71825.98
2026-09-14,"Powertrain Mounts",2984,175906.1
2026-09-14,"Sealing",55182,173895.83
2026-09-15,"Cable Protection",19646,128760.35
2026-09-15,"Chassis NVH",9866,238415.46
2026-09-15,"Hoses & Bellows",11828,177077.26
2026-09-15,"Other Automotive",8706,79004.74
2026-09-15,"Powertrain Mounts",3423,202130.16
2026-09-15,"Sealing",60121,194852.39
2026-09-16,"Cable Protection",20196,128049.42
2026-09-16,"Chassis NVH",10016,243327.86
2026-09-16,"Hoses & Bellows",12546,190766.9
2026-09-16,"Other Automotive",8544,77133.97
2026-09-16,"Powertrain Mounts",3503,202300.72
2026-09-16,"Sealing",63104,195438.98
2026-09-17,"Cable Protection",19714,125300.11
2026-09-17,"Chassis NVH",10304,244292.98
2026-09-17,"Hoses & Bellows",13031,190143.56
2026-09-17,"Other Automotive",8482,81162.51
2026-09-17,"Powertrain Mounts",3239,190654.08
2026-09-17,"Sealing",62410,194283.04
2026-09-18,"Cable Protection",17710,114936.48
2026-09-18,"Chassis NVH",9357,224423.81
2026-09-18,"Hoses & Bellows",11395,171608.17
2026-09-18,"Other Automotive",8056,71627.15
2026-09-18,"Powertrain Mounts",2908,165835.11
2026-09-18,"Sealing",57124,181513.5
2026-09-19,"Cable Protection",3371,21804.66
2026-09-19,"Chassis NVH",3343,81163.26
2026-09-19,"Hoses & Bellows",4013,61957.06
2026-09-19,"Other Automotive",2132,18962.93
2026-09-19,"Powertrain Mounts",981,56431.72
2026-09-19,"Sealing",14282,45150.04
2026-09-20,"Cable Protection",2052,13656.19
2026-09-20,"Chassis NVH",2432,59896.22
2026-09-20,"Hoses & Bellows",3122,48163.68
2026-09-20,"Other Automotive",1470,13301.38
2026-09-20,"Powertrain Mounts",804,45811.2
2026-09-20,"Sealing",9295,30732.38
2026-09-21,"Cable Protection",18308,121257.67
2026-09-21,"Chassis NVH",8795,212702.3
2026-09-21,"Hoses & Bellows",10775,160739.5
2026-09-21,"Other Automotive",8381,75220.69
2026-09-21,"Powertrain Mounts",3131,182905.47
2026-09-21,"Sealing",54875,180015.94
2026-09-22,"Cable Protection",18608,121812.54
2026-09-22,"Chassis NVH",9600,240168.19
2026-09-22,"Hoses & Bellows",11956,181084.46
2026-09-22,"Other Automotive",9058,85212.03
2026-09-22,"Powertrain Mounts",3283,191812.6
2026-09-22,"Sealing",59699,195651.14
2026-09-23,"Cable Protection",18843,122195.11
2026-09-23,"Chassis NVH",9433,226513.76
2026-09-23,"Hoses & Bellows",10666,157137.76
2026-09-23,"Other Automotive",9599,86590.22
2026-09-23,"Powertrain Mounts",3289,186488.28
2026-09-23,"Sealing",59216,191490.22
2026-09-24,"Cable Protection",18849,122953.17
2026-09-24,"Chassis NVH",8698,203173.43
2026-09-24,"Hoses & Bellows",11483,167899.71
2026-09-24,"Other Automotive",9171,81260.8
2026-09-24,"Powertrain Mounts",3477,200597.23
2026-09-24,"Sealing",58349,189709.56
2026-09-25,"Cable Protection",16773,107913.77
2026-09-25,"Chassis NVH",8177,196308.93
2026-09-25,"Hoses & Bellows",10733,162329.6
2026-09-25,"Other Automotive",7747,68049.72
2026-09-25,"Powertrain Mounts",2960,171823.8
2026-09-25,"Sealing",55279,174850.92
2026-09-26,"Cable Protection",3612,23561.38
2026-09-26,"Chassis NVH",2866,67617.75
2026-09-26,"Hoses & Bellows",3726,55070.72
2026-09-26,"Other Automotive",2081,19025.13
2026-09-26,"Powertrain Mounts",983,57282.34
2026-09-26,"Sealing",13823,43775.33
2026-09-27,"Cable Protection",1967,12903.22
2026-09-27,"Chassis NVH",2324,55029.49
2026-09-27,"Hoses & Bellows",2977,43947.35
2026-09-27,"Other Automotive",1437,12860.86
2026-09-27,"Powertrain Mounts",877,51238.49
2026-09-27,"Sealing",8454,26767.99
2026-09-28,"Cable Protection",17211,114580.19
2026-09-28,"Chassis NVH",8846,211900.87
2026-09-28,"Hoses & Bellows",11250,162926.67
2026-09-28,"Other Automotive",8320,77179.97
2026-09-28,"Powertrain Mounts",3239,183756.94
2026-09-28,"Sealing",57347,179563.44
2026-09-29,"Cable Protection",18042,114897.59
2026-09-29,"Chassis NVH",9306,218214.9
2026-09-29,"Hoses & Bellows",12193,182690.45
2026-09-29,"Other Automotive",8864,77996.77
2026-09-29,"Powertrain Mounts",3519,207003.05
2026-09-29,"Sealing",59241,193246.6
2026-09-30,"Cable Protection",17598,115701.02
2026-09-30,"Chassis NVH",10222,245060.98
2026-09-30,"Hoses & Bellows",12429,190119.66
2026-09-30,"Other Automotive",9672,86723.57
2026-09-30,"Powertrain Mounts",3340,189167.7
2026-09-30,"Sealing",62113,198789.77
2026-10-01,"Cable Protection",17440,115853.79
2026-10-01,"Chassis NVH",10016,234135.69
2026-10-01,"Hoses & Bellows",12595,189442.62
2026-10-01,"Other Automotive",9019,78441.32
2026-10-01,"Powertrain Mounts",3384,196093.02
2026-10-01,"Sealing",63657,204816.5
2026-10-02,"Cable Protection",15770,100419.16
2026-10-02,"Chassis NVH",9068,217800.18
2026-10-02,"Hoses & Bellows",11102,169647.24
2026-10-02,"Other Automotive",7918,71468.85
2026-10-02,"Powertrain Mounts",3034,174644.44
2026-10-02,"Sealing",57078,181237.54
2026-10-03,"Cable Protection",3172,21009.11
2026-10-03,"Chassis NVH",3149,74031.36
2026-10-03,"Hoses & Bellows",4190,62295.4
2026-10-03,"Other Automotive",2228,20138.09
2026-10-03,"Powertrain Mounts",1161,65625.67
2026-10-03,"Sealing",14603,47113.24
2026-10-04,"Cable Protection",1743,11491.61
2026-10-04,"Chassis NVH",2314,54967.52
2026-10-04,"Hoses & Bellows",3368,50232.74
2026-10-04,"Other Automotive",1665,15178.85
2026-10-04,"Powertrain Mounts",845,49022.68
2026-10-04,"Sealing",9851,31419.15
2026-10-05,"Cable Protection",15999,98949.21
2026-10-05,"Chassis NVH",8422,200018.78
2026-10-05,"Hoses & Bellows",12344,187479.44
2026-10-05,"Other Automotive",8327,74684.78
2026-10-05,"Powertrain Mounts",3176,183674.16
2026-10-05,"Sealing",59576,192955.25
2026-10-06,"Cable Protection",18180,115711.74
2026-10-06,"Chassis NVH",8728,210410.91
2026-10-06,"Hoses & Bellows",12443,180333.74
2026-10-06,"Other Automotive",8906,80354.74
2026-10-06,"Powertrain Mounts",3474,203848.54
2026-10-06,"Sealing",63243,206565.29
2026-10-07,"Cable Protection",18389,118404.88
2026-10-07,"Chassis NVH",9100,215699.75
2026-10-07,"Hoses & Bellows",12220,184386.4
2026-10-07,"Other Automotive",9628,86471.65
2026-10-07,"Powertrain Mounts",3660,212544.24
2026-10-07,"Sealing",62643,201903.32
2026-10-08,"Cable Protection",17695,114963.33
2026-10-08,"Chassis NVH",8801,219031.96
2026-10-08,"Hoses & Bellows",11382,167470.46
2026-10-08,"Other Automotive",9072,80996.02
2026-10-08,"Powertrain Mounts",3395,199977.84
2026-10-08,"Sealing",64511,205989.75
2026-10-09,"Cable Protection",15119,102390.02
2026-10-09,"Chassis NVH",7986,190142.63
2026-10-09,"Hoses & Bellows",9809,149734.76
2026-10-09,"Other Automotive",8514,75992.63
2026-10-09,"Powertrain Mounts",2862,165953.35
2026-10-09,"Sealing",60970,194967.65
2026-10-10,"Cable Protection",3281,21605.19
2026-10-10,"Chassis NVH",2754,64626.15
2026-10-10,"Hoses & Bellows",3827,55915.68
2026-10-10,"Other Automotive",2221,20595.6
2026-10-10,"Powertrain Mounts",991,56844.58
2026-10-10,"Sealing",13977,45817.96
2026-10-11,"Cable Protection",1986,12917.44
2026-10-11,"Chassis NVH",2351,56047.78
2026-10-11,"Hoses & Bellows",3299,47750.54
2026-10-11,"Other Automotive",1523,13920.27
2026-10-11,"Powertrain Mounts",808,45574.61
2026-10-11,"Sealing",9912,31132.07
2026-10-12,"Cable Protection",15325,97211.13
2026-10-12,"Chassis NVH",8214,190089.65
2026-10-12,"Hoses & Bellows",12177,182599.07
2026-10-12,"Other Automotive",8043,71221.85
2026-10-12,"Powertrain Mounts",3006,177910.08
2026-10-12,"Sealing",58976,181578.57
2026-10-13,"Cable Protection",17249,115705.04
2026-10-13,"Chassis NVH",9123,219136.42
2026-10-13,"Hoses & Bellows",12157,183134.36
2026-10-13,"Other Automotive",7829,72044.38
2026-10-13,"Powertrain Mounts",3065,178934.93
2026-10-13,"Sealing",61810,197431.94
2026-10-14,"Cable Protection",18716,123802.71
2026-10-14,"Chassis NVH",8426,206486.74
2026-10-14,"Hoses & Bellows",12356,182779.14
2026-10-14,"Other Automotive",7646,69555.22
2026-10-14,"Powertrain Mounts",2888,168917.53
2026-10-14,"Sealing",63255,202009.71
2026-10-15,"Cable Protection",17484,111423.11
2026-10-15,"Chassis NVH",8528,202110.31
2026-10-15,"Hoses & Bellows",11892,180459.66
2026-10-15,"Other Automotive",7861,71366.8
2026-10-15,"Powertrain Mounts",2976,171522.91
2026-10-15,"Sealing",66030,213960.93
2026-10-16,"Cable Protection",16054,104621.79
2026-10-16,"Chassis NVH",8007,198450.77
2026-10-16,"Hoses & Bellows",10334,159493.81
2026-10-16,"Other Automotive",7258,65529.62
2026-10-16,"Powertrain Mounts",2781,165218.69
2026-10-16,"Sealing",59982,191096.79
2026-10-17,"Cable Protection",3271,21068.09
2026-10-17,"Chassis NVH",2773,68815.12
2026-10-17,"Hoses & Bellows",3878,59563
2026-10-17,"Other Automotive",2010,18325.19
2026-10-17,"Powertrain Mounts",991,58621.53
2026-10-17,"Sealing",14403,45346.25
2026-10-18,"Cable Protection",2000,13273.92
2026-10-18,"Chassis NVH",2247,54142.92
2026-10-18,"Hoses & Bellows",3383,50992.88
2026-10-18,"Other Automotive",1546,13760.68
2026-10-18,"Powertrain Mounts",858,49085.66
2026-10-18,"Sealing",9779,30933.46
2026-10-19,"Cable Protection",15771,101293.16
2026-10-19,"Chassis NVH",7750,184263.32
2026-10-19,"Hoses & Bellows",10271,149524.69
2026-10-19,"Other Automotive",6977,62378.68
2026-10-19,"Powertrain Mounts",2965,170744.37
2026-10-19,"Sealing",55968,185579.4
2026-10-20,"Cable Protection",17226,110246.1
2026-10-20,"Chassis NVH",7918,185939.56
2026-10-20,"Hoses & Bellows",11134,164519.84
2026-10-20,"Other Automotive",7093,64291.43
2026-10-20,"Powertrain Mounts",2945,170188.67
2026-10-20,"Sealing",58465,186983.3
2026-10-21,"Cable Protection",15934,101157.62
2026-10-21,"Chassis NVH",8096,191064.22
2026-10-21,"Hoses & Bellows",10165,154568.31
2026-10-21,"Other Automotive",7466,66410.45
2026-10-21,"Powertrain Mounts",2993,171292.49
2026-10-21,"Sealing",56751,183658.67
2026-10-22,"Cable Protection",15518,103085.47
2026-10-22,"Chassis NVH",7991,194987.65
2026-10-22,"Hoses & Bellows",10655,160582.73
2026-10-22,"Other Automotive",7122,64865.91
2026-10-22,"Powertrain Mounts",2843,169909.43
2026-10-22,"Sealing",55603,174984.55
2026-10-23,"Cable Protection",14335,94007.05
2026-10-23,"Chassis NVH",7108,168090.95
2026-10-23,"Hoses & Bellows",10063,149642.03
2026-10-23,"Other Automotive",6453,59320.61
2026-10-23,"Powertrain Mounts",2488,145829.43
2026-10-23,"Sealing",48768,158008.58
2026-10-24,"Cable Protection",3091,20456.67
2026-10-24,"Chassis NVH",2703,64435.71
2026-10-24,"Hoses & Bellows",3966,59711
2026-10-24,"Other Automotive",2041,18807.15
2026-10-24,"Powertrain Mounts",962,55051.61
2026-10-24,"Sealing",12813,41594.88
2026-10-25,"Cable Protection",1960,12886.7
2026-10-25,"Chassis NVH",2162,52137.63
2026-10-25,"Hoses & Bellows",3153,47355.43
2026-10-25,"Other Automotive",1637,14751.95
2026-10-25,"Powertrain Mounts",878,50565.26
2026-10-25,"Sealing",8932,29555.31
2026-10-26,"Cable Protection",16308,105303.4
2026-10-26,"Chassis NVH",8220,199037.39
2026-10-26,"Hoses & Bellows",10785,164179.75
2026-10-26,"Other Automotive",7647,71247.33
2026-10-26,"Powertrain Mounts",3052,176049.03
2026-10-26,"Sealing",52703,172829.15
2026-10-27,"Cable Protection",16503,109739.7
2026-10-27,"Chassis NVH",8350,201395.7
2026-10-27,"Hoses & Bellows",11720,175155.74
2026-10-27,"Other Automotive",8205,72621.49
2026-10-27,"Powertrain Mounts",3051,178097.93
2026-10-27,"Sealing",54849,170762.1
2026-10-28,"Cable Protection",16214,106744.28
2026-10-28,"Chassis NVH",8339,205646.97
2026-10-28,"Hoses & Bellows",11080,166441.35
2026-10-28,"Other Automotive",8959,77416.72
2026-10-28,"Powertrain Mounts",3246,185642.48
2026-10-28,"Sealing",62646,201236.41
2026-10-29,"Cable Protection",16261,104983.58
2026-10-29,"Chassis NVH",8133,195984.93
2026-10-29,"Hoses & Bellows",10658,158043.19
2026-10-29,"Other Automotive",8452,77390.35
2026-10-29,"Powertrain Mounts",3062,175743.57
2026-10-29,"Sealing",59724,188189.27
2026-10-30,"Cable Protection",14401,93875.13
2026-10-30,"Chassis NVH",6793,162984.4
2026-10-30,"Hoses & Bellows",9845,150069.04
2026-10-30,"Other Automotive",7802,68681.45
2026-10-30,"Powertrain Mounts",2690,160632.51
2026-10-30,"Sealing",54888,177288.07
2026-10-31,"Cable Protection",2855,18729.68
2026-10-31,"Chassis NVH",2570,63021.62
2026-10-31,"Hoses & Bellows",3670,54475.32
2026-10-31,"Other Automotive",2190,19937.78
2026-10-31,"Powertrain Mounts",1019,59903.02
2026-10-31,"Sealing",13334,44233.74
2026-11-01,"Cable Protection",1785,11901.38
2026-11-01,"Chassis NVH",2081,48893.36
2026-11-01,"Hoses & Bellows",3148,47123.8
2026-11-01,"Other Automotive",1547,14113.77
2026-11-01,"Powertrain Mounts",877,50493.3
2026-11-01,"Sealing",10146,31684.31
2026-11-02,"Cable Protection",17364,113891.8
2026-11-02,"Chassis NVH",8271,197933.72
2026-11-02,"Hoses & Bellows",11601,170988.53
2026-11-02,"Other Automotive",8358,74751.72
2026-11-02,"Powertrain Mounts",3499,203553.99
2026-11-02,"Sealing",60532,194842.72
2026-11-03,"Cable Protection",18725,122214.86
2026-11-03,"Chassis NVH",8884,216368.59
2026-11-03,"Hoses & Bellows",12142,182379.8
2026-11-03,"Other Automotive",9032,77888.13
2026-11-03,"Powertrain Mounts",3631,208708.7
2026-11-03,"Sealing",69540,218365.24
2026-11-04,"Cable Protection",18589,122637.53
2026-11-04,"Chassis NVH",9184,223642.64
2026-11-04,"Hoses & Bellows",12337,187720.99
2026-11-04,"Other Automotive",9073,80065.85
2026-11-04,"Powertrain Mounts",3810,221369.07
2026-11-04,"Sealing",72084,231587.76
2026-11-05,"Cable Protection",18404,119469.63
2026-11-05,"Chassis NVH",9255,220660.44
2026-11-05,"Hoses & Bellows",12396,186756.19
2026-11-05,"Other Automotive",8792,79218.96
2026-11-05,"Powertrain Mounts",3793,222393.9
2026-11-05,"Sealing",70248,230072.06
2026-11-06,"Cable Protection",17373,110091.87
2026-11-06,"Chassis NVH",8180,198522.16
2026-11-06,"Hoses & Bellows",11099,168703.33
2026-11-06,"Other Automotive",7971,72749.3
2026-11-06,"Powertrain Mounts",3389,196918.09
2026-11-06,"Sealing",65348,203566.81
2026-11-07,"Cable Protection",3534,23200.39
2026-11-07,"Chassis NVH",2861,72504.29
2026-11-07,"Hoses & Bellows",3998,60371.87
2026-11-07,"Other Automotive",2272,20411.23
2026-11-07,"Powertrain Mounts",1079,62528.42
2026-11-07,"Sealing",15325,48339.17
2026-11-08,"Cable Protection",1832,11876.72
2026-11-08,"Chassis NVH",2385,58033.85
2026-11-08,"Hoses & Bellows",3122,46748.18
2026-11-08,"Other Automotive",1539,13825.22
2026-11-08,"Powertrain Mounts",844,49481.15
2026-11-08,"Sealing",9900,32967.93
2026-11-09,"Cable Protection",17256,109557.34
2026-11-09,"Chassis NVH",9308,222206.46
2026-11-09,"Hoses & Bellows",10768,161477.82
2026-11-09,"Other Automotive",8155,71494.45
2026-11-09,"Powertrain Mounts",3261,189230.39
2026-11-09,"Sealing",64366,202085.61
2026-11-10,"Cable Protection",17928,115136.82
2026-11-10,"Chassis NVH",9549,226789.66
2026-11-10,"Hoses & Bellows",11484,169814.23
2026-11-10,"Other Automotive",8522,77096.06
2026-11-10,"Powertrain Mounts",3494,202011.8
2026-11-10,"Sealing",66452,213015.44
2026-11-11,"Cable Protection",18193,118582.15
2026-11-11,"Chassis NVH",10071,239524.15
2026-11-11,"Hoses & Bellows",11699,177172.99
2026-11-11,"Other Automotive",8592,75506
2026-11-11,"Powertrain Mounts",3289,192267.05
2026-11-11,"Sealing",65299,206582.62
2026-11-12,"Cable Protection",19163,125001.4
2026-11-12,"Chassis NVH",9628,232893.35
2026-11-12,"Hoses & Bellows",11824,174727.22
2026-11-12,"Other Automotive",8245,76729.39
2026-11-12,"Powertrain Mounts",3339,191528.61
2026-11-12,"Sealing",63254,207541.2
2026-11-13,"Cable Protection",17020,113542.41
2026-11-13,"Chassis NVH",8356,201939.58
2026-11-13,"Hoses & Bellows",10509,155675.2
2026-11-13,"Other Automotive",7914,69068.93
2026-11-13,"Powertrain Mounts",3134,179832.39
2026-11-13,"Sealing",55792,180322.57
2026-11-14,"Cable Protection",3567,23300.99
2026-11-14,"Chassis NVH",2723,65982.41
2026-11-14,"Hoses & Bellows",3942,58325.83
2026-11-14,"Other Automotive",2177,18777.68
2026-11-14,"Powertrain Mounts",1062,61381.11
2026-11-14,"Sealing",14114,44230.49
2026-11-15,"Cable Protection",1791,11599.32
2026-11-15,"Chassis NVH",2237,53506.94
2026-11-15,"Hoses & Bellows",3179,47187.73
2026-11-15,"Other Automotive",1431,12913.85
2026-11-15,"Powertrain Mounts",785,44476.16
2026-11-15,"Sealing",9226,29821.3
2026-11-16,"Cable Protection",17194,111152.29
2026-11-16,"Chassis NVH",8763,208727.32
2026-11-16,"Hoses & Bellows",11140,167735.49
2026-11-16,"Other Automotive",8486,77931.86
2026-11-16,"Powertrain Mounts",3401,195347.57
2026-11-16,"Sealing",60896,196051.57
2026-11-17,"Cable Protection",19181,124796.35
2026-11-17,"Chassis NVH",8821,209639.07
2026-11-17,"Hoses & Bellows",11394,174527.69
2026-11-17,"Other Automotive",8741,77488.25
2026-11-17,"Powertrain Mounts",3612,208965.26
2026-11-17,"Sealing",64530,204203.09
2026-11-18,"Cable Protection",17506,112287.73
2026-11-18,"Chassis NVH",8915,210329.71
2026-11-18,"Hoses & Bellows",11166,167085.95
2026-11-18,"Other Automotive",8527,75290.84
2026-11-18,"Powertrain Mounts",3652,208880.95
2026-11-18,"Sealing",64359,210350.12
2026-11-19,"Cable Protection",17212,108970.13
2026-11-19,"Chassis NVH",8838,213504.55
2026-11-19,"Hoses & Bellows",11430,167559.79
2026-11-19,"Other Automotive",7894,69785.88
2026-11-19,"Powertrain Mounts",3539,207866.89
2026-11-19,"Sealing",60572,191887.16
2026-11-20,"Cable Protection",16649,107527.54
2026-11-20,"Chassis NVH",7484,186204.47
2026-11-20,"Hoses & Bellows",10184,156245.82
2026-11-20,"Other Automotive",7823,71220.66
2026-11-20,"Powertrain Mounts",2967,169765.8
2026-11-20,"Sealing",57372,185756.57
2026-11-21,"Cable Protection",3402,22134.76
2026-11-21,"Chassis NVH",2510,60672.08
2026-11-21,"Hoses & Bellows",3761,57935.08
2026-11-21,"Other Automotive",2324,20221.42
2026-11-21,"Powertrain Mounts",992,57436.18
2026-11-21,"Sealing",14550,46201.51
2026-11-22,"Cable Protection",2040,13280.28
2026-11-22,"Chassis NVH",2217,53455.2
2026-11-22,"Hoses & Bellows",3033,45271.51
2026-11-22,"Other Automotive",1660,14847.36
2026-11-22,"Powertrain Mounts",823,46634.4
2026-11-22,"Sealing",9819,31484.23
2026-11-23,"Cable Protection",16822,106489.15
2026-11-23,"Chassis NVH",8278,199851.26
2026-11-23,"Hoses & Bellows",10989,168147.19
2026-11-23,"Other Automotive",8574,76440.07
2026-11-23,"Powertrain Mounts",3024,183008.68
2026-11-23,"Sealing",61425,200234.04
2026-11-24,"Cable Protection",18595,119826.99
2026-11-24,"Chassis NVH",8508,203555.88
2026-11-24,"Hoses & Bellows",11592,171330.12
2026-11-24,"Other Automotive",8606,79343.52
2026-11-24,"Powertrain Mounts",3283,196434.05
2026-11-24,"Sealing",63819,201006.53
2026-11-25,"Cable Protection",18810,121353
2026-11-25,"Chassis NVH",8832,211109.36
2026-11-25,"Hoses & Bellows",12068,179066.87
2026-11-25,"Other Automotive",8896,79348.96
2026-11-25,"Powertrain Mounts",3637,214064.28
2026-11-25,"Sealing",64355,204768.55
2026-11-26,"Cable Protection",17867,117888.15
2026-11-26,"Chassis NVH",9653,228785.83
2026-11-26,"Hoses & Bellows",11776,169818.36
2026-11-26,"Other Automotive",8827,76271.92
2026-11-26,"Powertrain Mounts",3594,209947.59
2026-11-26,"Sealing",63704,199628.91
2026-11-27,"Cable Protection",16947,108795.34
2026-11-27,"Chassis NVH",8661,206497.33
2026-11-27,"Hoses & Bellows",10820,161493.99
2026-11-27,"Other Automotive",8268,74146.64
2026-11-27,"Powertrain Mounts",3413,195190.19
2026-11-27,"Sealing",58169,185941.95
2026-11-28,"Cable Protection",3436,21753.95
2026-11-28,"Chassis NVH",2948,72012.53
2026-11-28,"Hoses & Bellows",4006,60317.6
2026-11-28,"Other Automotive",2277,19977.41
2026-11-28,"Powertrain Mounts",1131,67805.98
2026-11-28,"Sealing",14818,46374.09
2026-11-29,"Cable Protection",2005,13350.83
2026-11-29,"Chassis NVH",2329,55024.39
2026-11-29,"Hoses & Bellows",3062,46313.88
2026-11-29,"Other Automotive",1662,14893.26
2026-11-29,"Powertrain Mounts",929,54729.78
2026-11-29,"Sealing",10293,32924.23
2026-11-30,"Cable Protection",16772,107826.11
2026-11-30,"Chassis NVH",8498,206583.86
2026-11-30,"Hoses & Bellows",11821,173211.45
2026-11-30,"Other Automotive",8409,74238.26
2026-11-30,"Powertrain Mounts",3451,199719.78
2026-11-30,"Sealing",62068,204279.62
2026-12-01,"Cable Protection",19043,124722.4
2026-12-01,"Chassis NVH",8998,211048.07
2026-12-01,"Hoses & Bellows",11662,174355.37
2026-12-01,"Other Automotive",8356,76218.99
2026-12-01,"Powertrain Mounts",3318,192353.88
2026-12-01,"Sealing",61380,196920.79
2026-12-02,"Cable Protection",19602,132367.27
2026-12-02,"Chassis NVH",9493,228985.46
2026-12-02,"Hoses & Bellows",11713,173050.45
2026-12-02,"Other Automotive",8043,70288.3
2026-12-02,"Powertrain Mounts",3244,188976
2026-12-02,"Sealing",64244,201664.23
2026-12-03,"Cable Protection",18687,125125.69
2026-12-03,"Chassis NVH",9192,222597.92
2026-12-03,"Hoses & Bellows",12424,190958.07
2026-12-03,"Other Automotive",8279,71995.88
2026-12-03,"Powertrain Mounts",3357,195435.69
2026-12-03,"Sealing",62942,201894.56
2026-12-04,"Cable Protection",16674,108658.86
2026-12-04,"Chassis NVH",8038,191372.65
2026-12-04,"Hoses & Bellows",11236,168568.2
2026-12-04,"Other Automotive",7546,68273.45
2026-12-04,"Powertrain Mounts",3002,173816.91
2026-12-04,"Sealing",55507,175829.79
2026-12-05,"Cable Protection",3420,22218.84
2026-12-05,"Chassis NVH",2781,67318.67
2026-12-05,"Hoses & Bellows",4258,62696.55
2026-12-05,"Other Automotive",2095,18533.93
2026-12-05,"Powertrain Mounts",1044,61310.21
2026-12-05,"Sealing",13930,44980.6
2026-12-06,"Cable Protection",1827,11658.21
2026-12-06,"Chassis NVH",2149,51758.55
2026-12-06,"Hoses & Bellows",3265,48296.2
2026-12-06,"Other Automotive",1569,14234.09
2026-12-06,"Powertrain Mounts",874,50075.4
2026-12-06,"Sealing",9045,29352.97
2026-12-07,"Cable Protection",17387,114563.32
2026-12-07,"Chassis NVH",7847,186214.68
2026-12-07,"Hoses & Bellows",11466,173681.92
2026-12-07,"Other Automotive",8542,76738.19
2026-12-07,"Powertrain Mounts",3458,201422.19
2026-12-07,"Sealing",60955,199849.42
2026-12-08,"Cable Protection",17654,111839.38
2026-12-08,"Chassis NVH",8868,211156.69
2026-12-08,"Hoses & Bellows",11909,175883.2
2026-12-08,"Other Automotive",9069,80853.18
2026-12-08,"Powertrain Mounts",3545,207994.47
2026-12-08,"Sealing",60663,196025.15
2026-12-09,"Cable Protection",18135,119001.52
2026-12-09,"Chassis NVH",9221,215812.22
2026-12-09,"Hoses & Bellows",13076,196131.67
2026-12-09,"Other Automotive",8878,77183.69
2026-12-09,"Powertrain Mounts",3483,201714.26
2026-12-09,"Sealing",60639,201133.45
2026-12-10,"Cable Protection",17430,115547.71
2026-12-10,"Chassis NVH",9171,220708.22
2026-12-10,"Hoses & Bellows",13393,201187.06
2026-12-10,"Other Automotive",8822,82535.57
2026-12-10,"Powertrain Mounts",3202,191224.13
2026-12-10,"Sealing",62694,198584.25
2026-12-11,"Cable Protection",16325,106367.36
2026-12-11,"Chassis NVH",8630,202856.24
2026-12-11,"Hoses & Bellows",11552,168440.06
2026-12-11,"Other Automotive",8028,72330.13
2026-12-11,"Powertrain Mounts",3173,187709.41
2026-12-11,"Sealing",59996,199835.4
2026-12-12,"Cable Protection",3446,23204.47
2026-12-12,"Chassis NVH",2851,68670.36
2026-12-12,"Hoses & Bellows",4073,62060.75
2026-12-12,"Other Automotive",2324,21092.16
2026-12-12,"Powertrain Mounts",1050,62652.88
2026-12-12,"Sealing",14525,46172.08
2026-12-13,"Cable Protection",1975,12860.99
2026-12-13,"Chassis NVH",2155,51831.96
2026-12-13,"Hoses & Bellows",3318,50861.14
2026-12-13,"Other Automotive",1578,13740.92
2026-12-13,"Powertrain Mounts",891,51339.22
2026-12-13,"Sealing",9453,30859.65
2026-12-14,"Cable Protection",18352,118496.48
2026-12-14,"Chassis NVH",8184,197075.65
2026-12-14,"Hoses & Bellows",11810,180746.48
2026-12-14,"Other Automotive",7917,71111.64
2026-12-14,"Powertrain Mounts",3560,209064.54
2026-12-14,"Sealing",60085,193770.92
2026-12-15,"Cable Protection",18984,122558.92
2026-12-15,"Chassis NVH",8672,213045.9
2026-12-15,"Hoses & Bellows",13394,203022.22
2026-12-15,"Other Automotive",8195,72604.48
2026-12-15,"Powertrain Mounts",3595,207691.78
2026-12-15,"Sealing",59536,192064.45
2026-12-16,"Cable Protection",20075,128794.06
2026-12-16,"Chassis NVH",8467,202604.85
2026-12-16,"Hoses & Bellows",13387,197621.88
2026-12-16,"Other Automotive",9092,81979.76
2026-12-16,"Powertrain Mounts",3496,200203.23
2026-12-16,"Sealing",64356,207551.88
2026-12-17,"Cable Protection",17658,117809.47
2026-12-17,"Chassis NVH",9140,211912.18
2026-12-17,"Hoses & Bellows",12547,190185.17
2026-12-17,"Other Automotive",8479,76815.6
2026-12-17,"Powertrain Mounts",3360,194870.93
2026-12-17,"Sealing",63592,202122.6
2026-12-18,"Cable Protection",16751,106560.46
2026-12-18,"Chassis NVH",8806,214525.87
2026-12-18,"Hoses & Bellows",11463,168129.15
2026-12-18,"Other Automotive",8220,73566.74
2026-12-18,"Powertrain Mounts",3332,190442.84
2026-12-18,"Sealing",61337,196379.85
2026-12-19,"Cable Protection",3575,22812.81
2026-12-19,"Chassis NVH",2950,71098.77
2026-12-19,"Hoses & Bellows",4187,62160.58
2026-12-19,"Other Automotive",2294,20795.1
2026-12-19,"Powertrain Mounts",1163,67125.33
2026-12-19,"Sealing",15445,49689.59
2026-12-20,"Cable Protection",2180,13567.65
2026-12-20,"Chassis NVH",2419,59430.13
2026-12-20,"Hoses & Bellows",3354,50749.3
2026-12-20,"Other Automotive",1723,15439.75
2026-12-20,"Powertrain Mounts",874,51450.35
2026-12-20,"Sealing",9909,31969.64
2026-12-21,"Cable Protection",19413,127332.05
2026-12-21,"Chassis NVH",8884,214552.61
2026-12-21,"Hoses & Bellows",12624,193329.21
2026-12-21,"Other Automotive",9014,82140.58
2026-12-21,"Powertrain Mounts",3200,190839.39
2026-12-21,"Sealing",63943,203697.97
2026-12-22,"Cable Protection",20956,138734.3
2026-12-22,"Chassis NVH",9214,214614.34
2026-12-22,"Hoses & Bellows",12656,187734.15
2026-12-22,"Other Automotive",9327,83496.52
2026-12-22,"Powertrain Mounts",3421,195586.09
2026-12-22,"Sealing",69039,219211.68
2026-12-23,"Cable Protection",3017,19575.32
2026-12-23,"Chassis NVH",2687,66116.61
2026-12-23,"Hoses & Bellows",3625,54201.06
2026-12-23,"Other Automotive",1877,17070.59
2026-12-23,"Powertrain Mounts",956,55054.25
2026-12-23,"Sealing",11768,36818.37
2026-12-24,"Cable Protection",2918,19246.12
2026-12-24,"Chassis NVH",2636,65122.32
2026-12-24,"Hoses & Bellows",3407,51271.59
2026-12-24,"Other Automotive",1895,17256.87
2026-12-24,"Powertrain Mounts",961,54244.84
2026-12-24,"Sealing",12098,38599.96
2026-12-25,"Cable Protection",2620,17134.87
2026-12-25,"Chassis NVH",2378,57452.91
2026-12-25,"Hoses & Bellows",3106,47021.99
2026-12-25,"Other Automotive",1674,15291.65
2026-12-25,"Powertrain Mounts",838,49741.97
2026-12-25,"Sealing",10513,34005.85
2026-12-26,"Cable Protection",2656,17539.19
2026-12-26,"Chassis NVH",2578,62376.14
2026-12-26,"Hoses & Bellows",3528,51911.02
2026-12-26,"Other Automotive",1761,15898.93
2026-12-26,"Powertrain Mounts",1022,57923.47
2026-12-26,"Sealing",11826,38773.71
2026-12-27,"Cable Protection",1886,12306.38
2026-12-27,"Chassis NVH",2522,60271.56
2026-12-27,"Hoses & Bellows",3376,51146.78
2026-12-27,"Other Automotive",1591,14247.42
2026-12-27,"Powertrain Mounts",902,51875.75
2026-12-27,"Sealing",10319,32609.25
2026-12-28,"Cable Protection",2406,16046.18
2026-12-28,"Chassis NVH",2459,59672.37
2026-12-28,"Hoses & Bellows",3190,47024.38
2026-12-28,"Other Automotive",1824,16421.32
2026-12-28,"Powertrain Mounts",1002,59035.73
2026-12-28,"Sealing",11875,38626.93
2026-12-29,"Cable Protection",2537,16971.98
2026-12-29,"Chassis NVH",2610,64348.54
2026-12-29,"Hoses & Bellows",3589,53981.09
2026-12-29,"Other Automotive",2082,18882.61
2026-12-29,"Powertrain Mounts",954,54613.56
2026-12-29,"Sealing",12268,38943.92
2026-12-30,"Cable Protection",2788,18431.46
2026-12-30,"Chassis NVH",2565,59938.27
2026-12-30,"Hoses & Bellows",3549,53053.12
2026-12-30,"Other Automotive",2077,19686.26
2026-12-30,"Powertrain Mounts",917,52384.02
2026-12-30,"Sealing",12008,37654.57
2026-12-31,"Cable Protection",2689,17319.93
2026-12-31,"Chassis NVH",2699,64384.37
2026-12-31,"Hoses & Bellows",3502,52564.83
2026-12-31,"Other Automotive",1838,15990.12
2026-12-31,"Powertrain Mounts",893,52453.73
2026-12-31,"Sealing",11308,35931.98
